full_text,sentimen
"Program Makan Bergizi Gratis (MBG) hadir tanpa diskriminasi. Anak-anak berkebutuhan khusus juga mendapatkan hak yang sama atas asupan gizi seimbang, sebagai bentuk kepedulian negara terhadap tumbuh kembang mereka 🥰💝

Sehat kuat selalu nak 🙏❤ https://t.co/ZHNyDjF9Zn",Positif
"Ahli gizi bukan tukang masak tapi pekerjaan krusial untuk meracik menu agar MBG benar benar menghasilkan makanan yang bergizi dan sehat 

Di Program Makan Bergizi Gratis (MBG), ahli gizi punya peran krusial dan tidak bisa direduksi jadi “orang dapur”.

Masalah MBG bukan cuma soal https://t.co/tN2kuoVz2i",Positif
"Yang klinis dibantah, yang klenik disembah. Yang pakar diragukan, yang sensasional dipertontonkan. Orang pintar dibilang bodoh, orang bodoh merasa pintar. Ternyata, sebaik-baiknya makan bergizi gratis, negeri ini lebih membutuhkan pendidikan gratis",Negatif
"Bagi pemerhati ekonomi dan pendidikan seperti saya.
Makan Bergizi Gratis (MBG) adalah strategi cerdas ""hilirisasi manusia"" yang sangat logis secara ekonomi, kalau bicara bangsa yang maju, kita tidak boleh hanya bicara membangun infrastruktur saja.

Kita tidak bisa mengharapkan https://t.co/upyFXWlKhG",Positif
"Menu Makan Bergizi Gratis (MBG) Mentah
📍SMAN 1 Cigemblong, Kabupaten Lebak. https://t.co/hnXeE7B39o",Netral
"BISNIS DAPUR MBG PANEN UNTUNG BESAR TIAP HARI, RAKYAT JADI KORBAN MAKANAN ABAL-ABAL? 

Program Makan Bergizi Gratis (MBG) di SDN 4 Krandengan, Banjarnegara, mendapat penolakan keras dari para orang tua siswa. https://t.co/yiNafI1IoQ",Negatif
"QProgram Makan Bergizi Gratis (MBG) terus diperkuat untuk memastikan anak-anak mendapatkan asupan gizi yang sehat dan aman. Menu disusun seimbang agar menunjang tumbuh kembang dan semangat belajar.
Tak hanya berdampak pada kesehatan, program ini juga menggerakkan ekonomi lokal https://t.co/ey8uchfgiq",Positif
"Seluruh masyarakat Papua mendukung Program Makan Bergizi Gratis (MBG) sebagai langkah nyata meningkatkan kesehatan, kecerdasan, dan masa depan generasi Papua. #DukungMBG #PapuaDukungMBG #PapuaSehat #GenerasiEmasPapua #MBGUntukRakyat https://t.co/egaai5rzOY",Positif
"::
MAKAN BER⁴CÙN GRATIS
SMA 2 KUDUS, JAWA TENGAH
KAMIS, 29 JANUARI 2026

#HentikanMBG
#MBGSaranaMoneyLaundry
•• https://t.co/jBz8GCgsuQ",Netral
"Anggaran awal program Makan Bergizi Gratis (MBG) dalam APBN 2025 sebesar Rp 71 triliun, atau setara sekitar Rp 190 miliar per hari jika dibagi rata. Namun, pemerintah menargetkan MBG berjalan penuh secara nasional dengan kebutuhan anggaran mencapai sekitar Rp 1 triliun per hari. https://t.co/Rd83Q35xDT",Netral
"Di World Economic Forum (WEF) 2026, Presiden Prabowo Subianto menyampaikan perkembangan Program Makan Bergizi Gratis yang dimulai pada Januari 2025. Dari 190 dapur pada hari pertama, program ini kini telah mencapai 21.102 dapur dan menyajikan sebanyak 59,8 juta porsi makanan https://t.co/oBbXqxQVhd",Netral
makan bergizi gratis (karena dijajanin conan) #coai https://t.co/sPY2Vw4AMG,Positif
"MBG Makanan bergizi gratis. 
Bergizinya bohong.
Gratisnya juga bohong sebab dananya dari APBN yg sumbernya dari pajak rakyat. https://t.co/PM4ji0G9jw",Negatif
"Makan Bergizi Gratis tingkatkan gizi pada anak. Program ini memastikan asupan seimbang, dukung tumbuh kembang optimal &amp; kesehatan jangka panjang. Gizi hari ini, masa depan gemilang esok. #IndonesiaTerang #mbginvestasibangsa #MBG https://t.co/EUeV1oYyiP",Positif
"Presiden RI Prabowo Subianto membandingkan jumlah porsi makanan yang bisa dihasilkan oleh program Makan Bergizi Gratis (MBG) dengan McDonald's (McD).

Baca di sini: https://t.co/kdtiyIocRq

~AA #Prabowo #MBG #WEF https://t.co/HYxwQ8AcKY",Netral
"@univ_indonesia @cwtsleiden @Harvard @prabowo @Cambridge_Uni @UniofOxford @imperialcollege Presiden @prabowo mau bawa Indonesia #JadiBangsaYangDoyanMikir dgn Makan Bergizi Gratis, Sekolah Rakyat u/ anak2 miskin, Sekolah Terintegrasi berkualitas nasional di kecamatan2, Sekolah Unggulan Garuda di daerah2 &amp; melacak anak2 ber-IQ minimal 120 di daerah2 https://t.co/dh61PM6UJz",Netral
"Selama Ramadan, program Makan Bergizi Gratis disesuaikan agar tetap berjalan optimal dan menghormati ibadah puasa. #MakanBergiziGratis #Ramadan #ProgramPemerintah #NegaraHadir https://t.co/eoxVDfEJYV",Netral
"#SobatTernak, Kenapa Hilirisasi Ayam Penting? 
Karena peternak lebih untung, produksi meningkat, biaya lebih efisien, dan lapangan kerja tercipta. Hilirisasi juga mendukung Makan Bergizi Gratis (MBG) dan memperkuat ketahanan pangan nasional. https://t.co/XpIHKEg3zO",Positif
"🚨 𝐏𝐞𝐥𝐚𝐣𝐚𝐫𝐚𝐧 𝐌𝐚𝐡𝐚𝐥 𝐝𝐚𝐫𝐢 𝐊𝐚𝐬𝐮𝐬 𝐄. 𝐂𝐨𝐥𝐢 𝐝𝐢 𝐌𝐁𝐆 𝐆𝐫𝐨𝐛𝐨𝐠𝐚𝐧: 𝐊𝐨𝐤 𝐁𝐢𝐬𝐚 𝐓𝐞𝐫𝐤𝐨𝐧𝐭𝐚𝐦𝐢𝐧𝐚𝐬𝐢?

1. Kasus dugaan kontaminasi E. coli di Makan Bergizi Gratis (MBG) Grobogan ini masuk kategori serius ya manteman. Secara sains, E. coli https://t.co/KVTGd0egc0",Positif
"MBG Tetap Berjalan Selama Ramadhan

Program Makan Bergizi Gratis (MBG) dipastikan tetap berjalan selama bulan Ramadhan. Sasaran utama program ini adalah ibu hamil dan anak balita, yang tidak terdampak kewajiban puasa. https://t.co/mtPW1yzAwh",Positif
Menteri Keuangan (Menkeu) Purbaya Yudhi Sadewa memberikan sinyal kuat untuk melakukan evaluasi mendalam terhadap anggaran program unggulan Makan Bergizi Gratis (MBG). Langkah penyisiran anggaran ini rencananya akan mulai dilakukan pada pekan depan guna memastikan efisiensi dan https://t.co/J1IdUUvRDI,Netral
SPPG Tanah Sirah Piai Nan XX di Padang menyajikan menu Makan Bergizi Gratis (MBG) berupa rendang istimewa yang santannya berasal dari kelapa petikan beruk terlatih. Penggunaan kelapa pilihan yang dipetik langsung oleh monyet khusus ini menjadi kunci kualitas minyak kelapa yang https://t.co/4oQa7i2VZN,Positif
"MBG makan bergizi gratis ✖️
MBG mumpung barkuasa gasspoll ✔️ https://t.co/K4lP6pgXxq",Netral
"Ironi wajah pendidikan Indonesia kembali menyeruak ke permukaan. Di saat publik ramai memperbincangkan Program Makan Bergizi Gratis (MBG), nasib ""pahlawan tanpa tanda jasa"" justru dinilai semakin terpinggirkan.

Isu ketimpangan upah antara guru honorer dan tenaga kerja di Satuan https://t.co/0bHhH4lLBm",Negatif
"Program Makan Bergizi Gratis (MBG) merupakan langkah strategis pemerintah dalam meningkatkan kualitas kesehatan dan pemenuhan gizi anak-anak, khususnya di Tanah Papua. 
#MBGUntukPapua #ProgramMBG #GiziAnakPapua #PapuaSehat #AnakPapuaHebat #MasaDepanPapua #PembangunanSDM https://t.co/TWlcgUiI4e",Netral
"Program Makan Bergizi Gratis Dorong Gizi Masyarakat dan Lapangan Kerja

#MakanBergiziGratis https://t.co/m6tvsb2XZS",Netral
"Menko Pangan Zulkifli Hasal menegaskan bahwa operasional program Makan Bergizi Gratis (MBG) akan tetap berjalan normal selama bulan Ramadan. Untuk menyesuaikan ibadah puasa, pemerintah telah menyiapkan skema khusus mulai dari perubahan menu hingga waktu distribusi. https://t.co/gysJOXzDJB",Netral
"TOKOH PAPUA SELATAN MENDUKUNG 
PROGRAM MAKAN BERGIZI GRATIS
#MakanBergiziGratis #PapuaSehat #CerdasTanpaStunting https://t.co/EObj7zXOlX",Netral
"Insiden keracunan massal usai menyantap menu Makan Bergizi Gratis (MBG) kembali terjadi. Kali ini keracunan massal tersebut terjadi di Kecamatan Cikalongkulon, Kabupaten Cianjur, dengan total 205 korban per Selasa (27/1/2026) malam kemarin. Korban berasal dari berbagai sekolah, https://t.co/2N5E5X9UHr",Netral
"Bukan rendang biasa. SPPG Tanah Sirah Piai Nan XX, Padang, menyajikan Makan Bergizi Gratis berupa rendang daging dari santan dan minyak kelapa hasil petikan beruk terlatih. Beruk memanjat pohon dan memilih kelapa terbaik, lalu santan diproses dan dicampur bumbu khas Minangkabau https://t.co/3DQNOfih4f",Positif
"Program Makan Bergizi Gratis bukan sekadar program. MBG adalah bentuk hadirnya negara untuk anak-anak Papua. Karena anak sehat hari ini, adalah pemimpin hebat di masa depan.
#PapuaCerdas #MBGUntukPapua #AnakPapuaBerprestasi #DukungMBG https://t.co/P3iAhle1G8",Positif
"Menteri Koordinator Bidang Pangan, Zulkifli Hasan alias Zulhas memastikan, program Makan Bergizi Gratis (MBG) akan tetap berjalan selama bulan Ramadhan 1447 Hijriah, dengan penyesuaian mekanisme layanan bagi peserta didik dan kelompok penerima manfaat.

Penyesuaian tersebut https://t.co/QB0IEe2EFQ",Netral
"Momen pembagian Makan Bergizi Gratis (MBG) digelar di SDN 1 Karang Bundar, Aceh Tamiang, pascabencana banjir. Anak-anak dengan riang membawa kotak makan hingga ke kelas, kemudian membagikannya satu per satu kepada teman-teman. https://t.co/zuC9iFb94g",Netral
"Polres Kediri melalui Satuan Pelayanan Pemenuhan Gizi (SPPG) II Polsek Plosoklaten resmi memperkenalkan Program Makan Bergizi Gratis (MBG), Selasa (27/1/2026).

@divisihumaspolri

#PolriUntukMasyarakat #PolriPresisi #HumasPolri #HumasPoldaJatim #PoldaJatim #PolriPeduli https://t.co/uZ4gSJH2t8",Netral
"Menteri PPN/Kepala Bapenas Rachmat Pambudy menyebut bahwa Program Makan Bergizi Gratis (MBG) lebih mendesak ketimbang pembukaan lapangan kerja.

Apa alasannya? Selengkapnya, simak video berikut!

#mbg #lapangankerja #menterippn https://t.co/yRUDjSvJqM",Netral
"Waduh, kok bisa gini? 🤯 Sekolah rutin dapat jatah Makan Bergizi Gratis (MBG), tapi pas dicek ternyata gak ada siswanya!

Lokasi: SDN Batuporo Timur 1, Sampang. Guru-gurunya malah asyik santuy ngopi &amp; nonton TV. Kalau muridnya nihil, terus makanannya buat siapa dong? Perlu https://t.co/i0MRA112jH",Negatif
"Presiden Prabowo Subianto menyatakan jumlah porsi makanan dari program Makan Bergizi Gratis (MBG) akan segera melampaui milik McDonald's (McD).

Baca di sini: https://t.co/hzlMJPOuy3

~AA #Prabowo #MBG #McD https://t.co/dujYBMdehO",Netral
"Puluhan siswa SMA Negeri 2 Kudus mengalami diare dan pusing yang diduga akibat keracunan sajian program Makan Bergizi Gratis (MBG).

&gt;&gt; https://t.co/6YlZalexjr https://t.co/0vWXaDC34o",Netral
"Melalui Direktorat Monitoring, sepanjang tahun 2025 KPK melakukan berbagai kajian pencegahan korupsi di sejumlah sektor, mulai dari Program Makan Bergizi Gratis (MBG) hingga tata kelola dokter spesialis. https://t.co/nnsLGkgdqI",Netral
"Wapres Gibran Rakabuming Raka melakukan kunjungan kerja ke Kota Tasikmalaya, Jawa Barat. Dalam agenda tersebut, Wapres meninjau stabilitas harga pangan di pasar tradisional serta memantau langsung pelaksanaan program Makan Bergizi Gratis (MBG) di tingkat sekolah menengah atas. https://t.co/1J7gDKZyv2",Netral
"@JJRizal MBG itu PROYEK, bukan PROGRAM. Tak tak ada makan siang gratis, pdhl rakyat bayar lewat pajak, masuk APBN, duitnya balik lg utk kasih makan mrk. Gratisnya dimana? Yg bergizi nya siapa? Rakyat atau pengusaha katering yg notabene msh dilingkaran situ2 jg? Duit rakyat tak lari kemana https://t.co/KRfkOW7Qpd",Negatif
"PROGRAM MAKAN GRATIS TERHENTI DI BEBERAPA WILAYAH DI JABAR 

Dapur program Makan Bergizi Gratis (MBG) di berbagai wilayah Jawa Barat terpaksa berhenti beroperasi! Masalahnya klasik tapi fatal: Anggaran dari Badan Gizi Nasional (BGN) belum cair.

Ribuan siswa kini kehilangan akses https://t.co/f5pTPOK7zo",Negatif
"MBG Ramadan Bukan Sekadar Penyesuaian Teknis.
Ini adalah momentum menjaga kualitas gizi dan memperkuat MBG sebagai kebijakan kesehatan publik jangka panjang.

Ramadan menjadi ujian penting bagi Program Makan Bergizi Gratis. Perubahan waktu makan dan pola konsumsi menuntut tata https://t.co/7Nqm8Qv4ay",Netral
"Pastikan Gizi Ibu &amp; Anak, Mendukbangga Wihaji Kawal Makan Bergizi Gratis ke Pelosok 3T!

#partaigolkar #bahlillahadalia #golkarpedia #golkar2029

https://t.co/oENB9ExBVi https://t.co/C3vHYLvfkT",Netral
"Sindiran Pedas PDIP ke Prabowo Usai Pidato di WEF 2026 soal MBG akan Lampaui Jumlah Porsi McDonald's

Pidato Presiden Prabowo Subianto di World Economic Forum 2026 mendapat kritikan. Pasalnya dalam pidato tersebut, Prabowo berkelakar program Makan Bergizi Gratis (MBG) akan https://t.co/Gc1B3FBZhF",Netral
"Buku ini bukan sekadar kumpulan resep, tapi panduan nutrisi berbasis ikan yang kini hadir melalui Program Makan Bergizi Gratis untuk siswa, ibu hamil dan ibu menyusui di seluruh Indonesia. https://t.co/a3VrYnWKta",Positif
"INI LUAR BIASA FITNAHNYA

Narasi “kroni Presiden Prabowo menguasai proyek Makan Bergizi Gratis” adalah hoaks jahat. Program ini kebijakan negara dan dijalankan dengan mekanisme resmi serta pengawasan BPK dan aparat hukum.

#prabowo #MBG https://t.co/38K9D7qkFz",Negatif
"Presiden Prabowo Subianto memaparkan keberhasilan program Makan Bergizi Gratis dalam forum World Economic Forum (WEF) di Davos, Swiss.

#TVRI #TVRINasional #MediaPemersatuBangsa #WEF #PresidenPrabowo https://t.co/4JGx1xAckl",Netral
Mendes PDT Yandri Susanto mengunjungi peternakan Telur Omega PT Malindo Feedmill Layer Serang untuk memastikan keterlibatan warga desa serta kesiapan rantai pasok telur sebagai bagian dari dukungan Program Makan Bergizi Gratis (MBG). https://t.co/01AdPBNuR5,Netral
"MBG itu Makan Bergizi Gratis, bukan Makan Bikin Gawat. 🙄

Kejadian di Cianjur ini bukti kalau SPPG belum siap 100% dari sisi standarisasi dapur. Berhenti sementara itu cuma solusi jangka pendek, yang kita butuh itu transparansi: kenapa bisa keracunan? Apakah bahan makanannya, https://t.co/GiTchKquS0",Negatif
Badan Gizi Nasional (BGN) memastikan anak-anak yang belum terdaftar dalam sistem administrasi negara hingga anak putus sekolah tetap mendapatkan manfaat Program Makan Bergizi Gratis (MBG). https://t.co/VPL5e81Kbc,Netral
"Sebanyak 176 orang di Kecamatan Cikalongkulon, Kabupaten Cianjur, diduga mengalami ker4cun4n makanan dari program Makan Bergizi Gratis (MBG), Selasa (27/1/2026). Kasus tersebut tersebar di sejumlah sekolah dan ditangani oleh dua puskesmas.
sc ig CianjurUpdate https://t.co/T9OPQEd7za",Netral
"Persoalan gizi di Indonesia terbilang menyimpan cerita yang kompleks. Di tengah klaim penurunan prevalensi stunting dan pelaksanaan Program Makan Bergizi Gratis (MBG), ancaman gizi lain seperti underweight, wasting, obesitas, hingga… #Bisnis #Ekonomi #epaper #Finansial #Bursa https://t.co/7UGe7WTDkp",Netral
"“Jangan stop MBG!”
Itulah teriakan polos anak-anak Indonesia yang merasakan langsung manfaat Makan Bergizi Gratis. Dengan MBG, semangat belajar makin tinggi, kebutuhan gizi terpenuhi, uang jajan bisa ditabung, dan orang tua pun terbantu karena tak perlu lagi memberi bekal atau https://t.co/T7Zd1ZncTM",Positif
Program Makan Bergizi Gratis (MBG) yang menjadi pilar Astacita Presiden RI kini mulai dikenal dunia internasional. Hal ini ditandai dengan hadirnya buku berjudul “Taste of Nusantara: 80 Bhayangkara Menu For Indonesia’s Free Nutritious Meal’s Program” dalam ajang bergengsi World https://t.co/gG6TRNzjpN,Positif
"Selama Ramadan, program Makan Bergizi Gratis disesuaikan agar tetap berjalan optimal dan menghormati ibadah puasa. #MakanBergiziGratis #Ramadan #ProgramPemerintah #NegaraHadir https://t.co/DTtmOQoTN7",Netral
"Sebanyak 70 siswa SMA Negeri 2 Kudus diduga keracunan usai menyantap menu Program Makan Bergizi Gratis (MBG) pada Kamis, 29 Januari 2026.
.
Dari 70 siswa, sebanyak 22 siswa dirawat di RSUD Loekmono Hadi Kudus, 17 siswa di Rumah Sakit Satkes, 10 siswa di RS Mardirahayu, 10 siswa https://t.co/crQBxWVpgK",Netral
"Mendukung program makan bergizi gratis berarti investasi pada masa depan. Anak-anak yang tercukupi gizinya tumbuh lebih sehat, cerdas, dan berdaya saing. Bersama, kita wujudkan generasi kuat melalui kepedulian dan aksi nyata hari ini. Bersama mendukung gizi seimbang untuk anak https://t.co/gJXqnfkcN4",Positif
"Menginjak setahun implementasi program MBG, sudah semestinya evaluasi total dilakukan untuk mengukur capaian secara objektif. CELIOS mengundang seluruh masyarakat untuk hadir dalam Peluncuran Studi mengenai Evaluasi 1 Tahun Program Makan Bergizi Gratis dengan beberapa temuan https://t.co/v3stqIcvvQ",Netral
"Presiden Prabowo Subianto menunjukkan keyakinan tinggi bahwa program Makan Bergizi Gratis (MBG) Indonesia akan melampaui skala produksi salah satu jaringan restoran cepat saji terbesar dunia, McDonalds (McD).

Optimisme tersebut ia sampaikan saat berpidato dalam Annual Meeting https://t.co/MF6n71wgRK",Netral
"Ferry Irwandi, turut angkat bicara mengenai fenomena ini,
Manakala ramai memperbincangkan Program Makan Bergizi Gratis (MBG), nasib ""pahlawan tanpa tanda jasa"" justru dinilai semakin terpinggirkan. Isu ketimpangan upah antara guru honorer dan tenaga kerja di Satuan Pelayanan https://t.co/7LrOvrDJyq",Netral
"Charles Honoris mempertanyakan komitmen BGN dalam pelaksanaan program Makan Bergizi Gratis (MBG), dimana sejauh ini masih menimbulkan sejumlah persoalan mulai dari jumlah kasus keracunan, nilai gizi MBG hingga kelayakan dapur MBG (SPPG). 

""Data surveilance dari SKDR Kementerian https://t.co/xIrTRhBhM1",Netral
"Program Makan Bergizi Gratis tidak hanya menjamin kecukupan gizi anak-anak, tapi juga berkontribusi mencetak generasi unggul menuju Indonesia Emas 2045. #MakanBergiziGratis #IndonesiaEmas2045 #GiziAnak #GenerasiUnggul https://t.co/64vgn7YpDK",Positif
"Program Makan Bergizi Gratis tidak hanya menjamin kecukupan gizi anak-anak, tapi juga berkontribusi mencetak generasi unggul menuju Indonesia Emas 2045. #MakanBergiziGratis #IndonesiaEmas2045 #GiziAnak #GenerasiUnggul https://t.co/IKuwYLetJR",Positif
Kelebihan dan Kekurangan Program Makan Bergizi Gratis https://t.co/ZuUcjnTnwH,Netral
"BGN Tidak Memaksa Sekolah yang Menolak MBG

Banyuwangi – Wakil Kepala Badan Gizi Nasional (BGN) bidang Komunikasi Publik dan Investigasi, Nanik Sudaryati Deyang, memastikan bahwa tidak boleh ada pemaksaan bagi sekolah mana pun untuk menerima program Makan Bergizi Gratis (MBG). https://t.co/KiUYdR3Wma",Netral
"Kepala Badan Gizi Nasional (BGN) Dadan Hindayana mengungkapkan, menu program Makan Bergizi Gratis (MBG) akan disesuaikan selama bulan Ramadhan 2026.

Baca di sini: https://t.co/xC2m4IZlVz

~AA #BGN #MBG #MenuRamadhan https://t.co/eqaIvvhsUN",Netral
"Badan Gizi Nasional (BGN) menegaskan Program Makan Bergizi Gratis (MBG) akan menyasar kelompok anak paling rentan, termasuk anak-anak dari pernikahan dini, pernikahan siri, serta anak putus sekolah yang selama ini belum terdata dalam sistem administrasi negara.

Kepala Badan Gizi https://t.co/6usQelAoMd",Netral
"Dari informasi grafik di bawah ini, bisa kita lihat bahwa anggaran pendidikan selalu naik dari tahun ke tahun dan tetap utuh dan tidak terdampak oleh program prioritas lain, termasuk Makan Bergizi Gratis, sehingga kepastian hak guru tetap terjamin.

Tahun 2024  Rp175,7 triliun, https://t.co/uMfEJJ88P6",Positif
"Di bawah arahan BGN, program Makan Bergizi Gratis terus melakukan pembenahan besar-besaran. Pengangkatan ribuan tenaga kerja menjadi PPPK adalah bentuk Kerja Nyata dalam membangun fondasi SDM yang kuat dari hulu ke hilir. #LanjutkanMBG

innalillahi Rest in Love Lula https://t.co/JVNxxe1bbf",Positif
"Curahan hati guru honorer yang viral karena membandingkan gajinya dengan sopir program Makan Bergizi Gratis (MBG) mendapat tanggapan Wakil Ketua Komisi E DPRD Jawa Timur, Hikmah Bafaqih. 
#PKB #DPWPKBJatim #PKBJatim #JatimBangkit #PKBUntukRakyat #KaderPKBJatim #infoPKB https://t.co/QqZU7SjV7L",Netral
"Program Makan Bergizi Gratis mendorong kesehatan, kecerdasan, dan kesejahteraan dengan memastikan asupan gizi seimbang bagi kelompok yang paling membutuhkan #MBG #IndonesiaEmas2045 https://t.co/Y6iC0bq9Tn",Netral
"Pemerintah berencana mengukur pertumbuhan anak Indonesia yang menerima program makan bergizi gratis (MBG), termasuk perkembangan fisik dan volume otak anak. Menteri Koordinator Bidang Pangan Zulkifli Hasan (Zulhas)… https://t.co/qep3mB9rJh #bisniscom #prabowo #mbg #jepang https://t.co/NDIsTioKff",Netral
"Dukungan gizi melalui Program Makan Bergizi Gratis membantu anak sekolah meraih prestasi, ibu hamil lebih sehat, dan lansia tetap produktif #MBG #IndonesiaEmas2045 https://t.co/pT5gvxuJik",Netral
Pernyataan Menteri PPN/Bappenas Rachmat Pambudy yang menyebut program Makan Bergizi Gratis (MBG) lebih mendesak dibanding penciptaan lapangan kerja sontak memicu kritikan dari berbagai pihak. #fraksipdiperjuangan https://t.co/OGyJZ7LuvQ,Netral
"PT Ultrajaya tanam investasi Rp1,14 triliun untuk memperkuat pasokan susu UHT mendukung Program Makan Bergizi Gratis! Fasilitas baru dilengkapi lini produksi modern dan teknologi digital, sinergi dengan peternak lokal, demi ketahanan pangan dan MBG berkelanjutan.

Update berita https://t.co/MXWZIN71SR",Netral
Program Makan Bergizi Gratis diyakini sebagai langkah progresif pemerintah dalam menyelesaikan masalah malnutrisi nasional #MBG #MakanBergiziGratis https://t.co/y6AZ568ZNu,Positif
"Program MBG tak lagi hanya di pusat kota! Pemko Pekanbaru dorong pembangunan dapur MBG di Okura guna layani anak-anak di daerah pinggiran &amp; 3T. Target rampung cepat sesuai standar, agar manfaat makan bergizi gratis semakin merata. https://t.co/eylJiNIDEN",Netral
"Program Makan Bergizi Gratis tetap berjalan selama Ramadhan 2026. Menko Pangan Zulkifli Hasan menyatakan pembagian dan menu akan disesuaikan dengan kondisi murid yang berpuasa. Untuk siswa muslim, makanan dibagikan dalam bentuk makanan kering, sementara sekolah nonmuslim berjalan https://t.co/cxJTNXIKDK",Netral
Kemenag Karangasem mendukung Program Makan Bergizi Gratis melalui sinergi lintas sektor. Kakan Kemenag Karangasem hadir dalam Rakor Satgas MBG di Kantor Bupati Karangasem demi mewujudkan generasi emas yang sehat dan kuat. 🤝 https://t.co/eX714xnsKE,Netral
"Badan Gizi Nasional (BGN) merespons soal kelangkaan susu UHT yang diduga banyak dibeli karena untuk memenuhi kebutuhan program makan bergizi gratis (MBG). Kepala BGN Dadan Hindayana menyebut pihaknya tak mewajibkan susu dalam menu MBG.

&gt;&gt; https://t.co/8shZxRkZk6

#detikcom https://t.co/jcQUwi34T6",Netral
"Makan bergizi gratis adalah investasi masa depan. Anak yang cukup gizi tumbuh lebih sehat, fokus belajar, dan berdaya saing. Dukungan kita hari ini membantu menciptakan generasi kuat, cerdas, dan siap membangun Indonesia yang lebih baik. https://t.co/DLFz8xVVCn",Positif
"Makan bergizi gratis adalah investasi masa depan. Anak yang cukup gizi tumbuh lebih sehat, fokus belajar, dan berdaya saing. Dukungan kita hari ini membantu menciptakan generasi kuat, cerdas, dan siap membangun Indonesia yang lebih baik. https://t.co/obWVBjm57b",Positif
"Makan bergizi gratis adalah investasi masa depan. Anak yang cukup gizi tumbuh lebih sehat, fokus belajar, dan berdaya saing. Dukungan kita hari ini membantu menciptakan generasi kuat, cerdas, dan siap membangun Indonesia yang lebih baik. https://t.co/pB9o9LUovW",Positif
"Makan bergizi gratis adalah investasi masa depan. Anak yang cukup gizi tumbuh lebih sehat, fokus belajar, dan berdaya saing. Dukungan kita hari ini membantu menciptakan generasi kuat, cerdas, dan siap membangun Indonesia yang lebih baik. https://t.co/06ElcDMUfd",Positif
"Penyaluran Makan Bergizi Gratis (MBG) di SDN Batuporo Timur 1, Kecamatan Kedungdung, Kabupaten Sampang, Jawa Timur, viral di media sosial.

Baca di sini: https://t.co/xu0FxYeCnz

~AA #MBG #Disdik #Sampang https://t.co/jzm1jQqd5k",Netral
"DAVOS, SWISS (https://t.co/50vdEIjyTy) — Presiden Republik Indonesia Prabowo Subianto menyatakan bahwa jumlah porsi makanan yang diproduksi melalui program Makan Bergizi Gratis (MBG) akan segera melampaui produksi harian jaringan restoran cepat saji global McDonald’s (McD).

Hal https://t.co/I85dAvtiUK",Netral
"Sejumlah siswa SMK Sore Tulungagung dilarikan ke Puskesmas Beji karena mengalami gejala keracunan makanan. Sebelumnya para siswa mengkonsumsi menu Makan Bergizi Gratis (MBG).

Salah seorang siswa Kelas X SMK Sore Tulungagung, Farhan Surya mengaku merasakan mual hebat setelah https://t.co/LUSjJk4iRm",Netral
"Pemerintah pastikan program Makan Bergizi Gratis (MBG) tetap berjalan selama Ramadan 2026. Guna mendukung siswa berpuasa, menu kini disesuaikan menjadi paket makanan kering yang praktis. Kira-kira menunya apa saja ya? Yuk, geser sampai slide akhir!

Update berita selengkapnya di https://t.co/1qQ7ccReMP",Netral
"Program Makan Bergizi Gratis adalah langkah nyata memastikan anak-anak tumbuh sehat, kuat, dan siap belajar. Dengan gizi yang cukup, kita menanam harapan untuk masa depan bangsa yang lebih cerdas, produktif, dan berkeadilan. Bersama, kita dukung demi generasi yang lebih baik. https://t.co/v7GOzha0Jq",Positif
"Senyum anak-anak Papua adalah masa depan bangsa. Melalui pengawasan gizi yang ketat dan pemanfaatan pangan lokal, program Makan Bergizi Gratis memastikan tiap kalori yang sampai ke siswa dan masyarakat yang membutuhkan adalah nutrisi terbaik. #MakanBergiziGratis #MBGPapua https://t.co/dyOFBn7bTS",Positif
"Puluhan siswa di Muaro Jambi, Jambi, dilaporkan diduga mengalami keracunan usai menyantap makan bergizi gratis (MBG) dari sekolah. Mereka mengalami diare dan muntah-muntah setelah pulang sekolah.

Sejak Jumat (30/1/2026) siang, para siswa itu dilarikan ke RSUD Ahmad Ripin https://t.co/M0xjRtfcVs",Netral
"PKS: Pengawasan Publik Penting untuk Menjaga Kualitas Program Makan Bergizi Gratis

“Program MBG menyasar jutaan anak di seluruh Indonesia. Dengan cakupan sebesar itu, pengawasannya tidak bisa bertumpu pada pemerintah pusat atau satu lembaga saja. Partisipasi masyarakat menjadi",Netral
"Menko Pangan melakukan kunjungan kerja di Bekasi untuk meninjau efektivitas program Makan Bergizi Gratis (MBG). Tujuannya jelas: memastikan program ini mendukung ketahanan pangan nasional sekaligus memenuhi gizi ibu hamil, menyusui, balita, hingga anak-anak. https://t.co/hkUhxTRkBz",Netral
"Indonesia pamerkan ragam menu Nusantara pada program Makan Bergizi Gratis berbasis pangan biru di Davos, Swiss! https://t.co/jemF80AiFi",Netral
"Dalam konferensi pers di Kantor Kemenko Pangan, Kamis (29/1/2026), pemerintah menyatakan sedang menyatukan data-data dari beberapa kementerian untuk mengevaluasi keberhasilan Program Makan Bergizi Gratis (MBG).

#MBG #EvaluasiMBG #TumbuhKembangAnak https://t.co/XmYuusHngu",Netral
Mari kita dukung program Makan Bergizi Gratis https://t.co/9PVGqrLkOU,Netral
"Presiden Prabowo Subianto membanggakan program Makan Bergizi Gratis (MBG) dalam World Economic Forum (WEF) di Davos, Swiss, pada Kamis (22/1/2026). 

Dalam forum tersebut, Prabowo memamerkan bahwa program MBG tersebut telah menciptakan 600.000 pekerjaan. 

""Kami menciptakan lebih https://t.co/78bciaQOeE",Netral
"@rancelllll @Torriosh yg bikin kesel karna anggarannya gede bgt kak, padahal masih bisa buat PENDIDIKAN GRATIS daripada MAKAN BERGIZI yg gizinya aja cuma se gini🤏🏽, wkwkw iyaa i know klo soal gizi tuh salahnya di pengelola dapurnya, tpi kan otomatis jdi buang anggaran ga jelas gini kan?",Negatif
"Dukung bersama Program Makan Bergizi Gratis. Membuaat masa depan anak-anak menjadi cerah dan membentuk SDM yang unggul dan membanggakan.
#FaktaIndonesia
#MakanBergiziGratis
#DukungMakanBergiziGratis
#DukungProgramMakanBergiziGratis https://t.co/RAlVfiCkjA",Positif
"Program Makan Bergizi Gratis adalah langkah nyata memastikan anak-anak tumbuh sehat, kuat, dan siap belajar. Dengan gizi yang cukup, kita menanam harapan untuk masa depan bangsa yang lebih cerdas, produktif, dan berkeadilan. Bersama, kita dukung demi generasi yang lebih baik. https://t.co/zPILQQ1RGt",Positif
"Program Makan Bergizi Gratis adalah langkah nyata memastikan anak-anak tumbuh sehat, kuat, dan siap belajar. Dengan gizi yang cukup, kita menanam harapan untuk masa depan bangsa yang lebih cerdas, produktif, dan berkeadilan. Bersama, kita dukung demi generasi yang lebih baik. https://t.co/Q41vDvRpGX",Positif
"Program Makan Bergizi Gratis adalah langkah nyata memastikan anak-anak tumbuh sehat, kuat, dan siap belajar. Dengan gizi yang cukup, kita menanam harapan untuk masa depan bangsa yang lebih cerdas, produktif, dan berkeadilan. Bersama, kita dukung demi generasi yang lebih baik. https://t.co/8kP7C0EzRn",Positif
"MBG KALAHKAN KEBIASAAN BERJUDI ONLINE.

Program Makan Bergizi Gratis (MBG) memang menunjukkan potensi positif dalam membantu mengurangi kebiasaan bermain judi online, meskipun bukan sebagai solusi langsung untuk kecanduan. Berdasarkan laporan dari berbagai daerah di Indonesia, https://t.co/c3HAaW3yeW",Positif
"SISWA SMPN 4 CIKARANG BARAT MAKAN MBG SAMBIL BERENDAM DI BANJIR👀‼ 

Banjir kembali merendam SMPN 4 Cikarang Barat, Kabupaten Bekasi, Jawa Barat, saat para siswa tengah mengikuti kegiatan makan Makan Bergizi Gratis (MBG). Genangan air terlihat memasuki area sekolah dan https://t.co/ciBIZyC2BQ",Netral
"Kolaborasi Muhammadiyah dan BGN, Perluas Layanan Makan Bergizi Gratis

https://t.co/N5rDHRvNlT

#Muhammadiyah",Netral
"Wakil Kepala Badan Gizi Nasional (BGN) bidang Komunikasi Publik dan Investigasi, Nanik Sudaryati Deyang, memastikan bahwa tidak boleh ada pemaksaan bagi sekolah mana pun untuk menerima program Makan Bergizi Gratis (MBG). 

Kepala Satuan Pelayanan Pemenuhan Gizi (SPPG) tidak boleh https://t.co/NSUYN3GqJU",Netral
"Apakah ini yg dinamakan makan bergizi gratis? @blank0429 MBG hari ini tgl 31-01-2026 Lokasi Pamekasan, Madura https://t.co/DXiLfHJ6S4",Netral
"Program Makan Bergizi Gratis (MBG) jadi berkah buat anak-anak SMPN 2 Sorong! Tiap hari dapat makanan sehat bergizi, bikin mereka lebih semangat belajar. Terima kasih pak Prabowo telah memperhatikan kesejahteraan anak-anak Indonesia! 💪🇮🇩 https://t.co/0DzgHhXV2w",Positif
"Intensi Jahat Proyek Makan Bergizi Gratis

#Kolom #TempoPlus 
https://t.co/f3gu4bJdaX",Negatif
"Ada hampir 400 laporan mengenai problem penyelenggaraan Makan Bergizi Gratis, mulai dari persoalan sistemik, tata kelola, hingga perlindungan pekerja. https://t.co/ByrCLbU75C https://t.co/gj4NxtUzoI",Netral
"TERUNGKAP Presiden RI ke 7 Joko Widodo lah yang membentuk Badan untuk Program MBG Prabowo - Gibran 
 
Dibentuk via Perpres Nomor 83 Tahun 2024 Pada 15 Agustus 2024 sebagai pijakan program makan bergizi gratis Prabowo-Gibran. Jabatan pimpinan tinggi madya lima tahun pertama https://t.co/1rAJN31qzm",Netral
"Insiden keracunan massal usai menyantap menu Makan Bergizi Gratis (MBG) kembali terjadi. 

Kali ini keracunan massal tersebut terjadi di Kecamatan Cikalongkulon, Kabupaten Cianjur, dengan total 205 korban per Selasa (27/1/2026) malam kemarin. Korban berasal dari berbagai sekolah, https://t.co/pnRyr8veDa",Netral
"79 siswa SMAN 02 Kudus diduga keracunan MBG 50 ambulance dikerahkan. 

Dugaan keracunan Makan Bergizi Gratis (MBG) yang menimpa siswa SMAN 2 Kudus pada Kamis, 29 Januari 2026,

Sebanyak 50  unit ambulans dikerahkan oleh pemkab  untuk mengevakuasi para siswa dari sekolah menuju https://t.co/KIYHVfPqG7",Netral
"Sebuah video yang menampilkan menu makan bergizi gratis (MBG) dengan kondisi dinilai tidak layak konsumsi viral di media sosial dan memicu kekhawatiran orang tua siswa. ⁣
⁣
Dalam video tersebut, seorang warganet menyampaikan kekecewaannya terhadap menu yang diterima anaknya. https://t.co/iL1cIW2cSK",Negatif
"Badan Gizi Nasional (BGN) memastikan tidak akan memaksa sekolah yang menolak Program Makan Bergizi Gratis (MBG).

Simak selengkapnya di https://t.co/zlbTv66vx1
#HardNews_Viral #NewsOne #CariBeritaditvOne #BGN #MBG #AturanMBG #NO01 https://t.co/ntHuImraZ6",Netral
"Sebanyak lima guru dan karyawan serta 75 siswa SMP Negeri 10 Kota Magelang, Jawa Tengah, mengalami keracunan usai menyantap menu makan bergizi gratis (MBG)....

Gejala keracunan muncul setelah MBG disantap pada Rabu (21/1/2026) siang. Para siswa dan guru mengalami muntah dan https://t.co/IReZ8CSux4",Netral
"Kementerian Perindustrian menyampaikan PT Ultrajaya Milk Industry and Trading Company Tbk menanamkan investasi baru Rp1,14 triliun. Investasi tersebut ditujukan untuk memenuhi pasokan susu UHT dalam Program Makan Bergizi Gratis atau MBG.

Baca di sini: https://t.co/jkwrYOkTlO https://t.co/UgC7Srhkwh",Netral
"Lagi dan lagi
Sebanyak 70 siswa SMA Negeri 2 Kudus diduga keracunan usai menyantap menu Program Makan Bergizi Gratis (MBG) pada Kamis, 29 Januari 2026.
Kembalikan Semangat Belajar https://t.co/nLOnYN1R3M",Netral
"“Kalau ini dilompati atas nama program makan bergizi gratis, saya kira ini tidak adil,” ujarnya. Ia mengingatkan, kondisi tersebut justru berisiko mempergelap masa depan pendidikan.

Tonton selengkapnya di film dokumenter “Tak Ada Makan Siang Gratis”
https://t.co/VukCtrNrMB",Negatif
"Seorang relawan salah satu dapur program Makan Bergizi Gratis (MBG) di Kabupaten Tangerang dilaporkan ke polisi karena diduga melakukan sabotase menu MBG.

Baca di sini: https://t.co/vtCjWH76zA

~AA #Sabotase #MBG #Tangerang https://t.co/bu6ldxk8ZE",Netral
"Peneliti dari FISIP UPR menemukan kunci sukses Program Makan Bergizi Gratis: bukan sekadar menu, tapi pelaksanaan di sekolah yang tertib &amp; konsisten. Peran guru dalam pengawasan jadi faktor penting agar manfaat dirasakan siswa. https://t.co/uaXpvz0Hve",Positif
"Puluhan siswa di Kota Tomohon, Provinsi Sulawesi Utara, dilarikan ke rumah sakit pada Senin, 26 Januari 2026 malam. Mereka diduga keracunan makan bergizi gratis (MBG).

Siswa-siswa tersebut berasal dari 3 sekolah, yaitu SMA Karitas Tomohon, SMK Santa Familia Tomohon, dan SMAN 1 https://t.co/0SkZ7eudU4",Netral
"Sebanyak 14 siswa SMP Negeri 1 Montong mendatangi Unit Gawat Darurat (UGD) Puskesmas Montong, Kabupaten Tuban, karena diduga mengalami keracunan menu makan bergizi gratis (MBG), Selasa (27/1/2026).

Kepala Puskesmas Montong, Tri Wahyuningrum, mengatakan hingga saat ini belum https://t.co/pt8vNGYBjR",Netral
"KUDUS (https://t.co/50vdEIj140) — Ratusan siswa SMA Negeri 2 Kudus mengalami pusing, mual, diare hingga sesak napas usai menyantap Makan Bergizi Gratis (MBG) yang disalurkan pada Rabu (28/1/2016).

Diduga, para siswa dan sejumlah guru mengalami keracunan makanan dari menu MBG https://t.co/gaUuP5NXaA",Netral
"RATUSAN siswa Sekolah Menengah Atas Negeri 2 Kudus mengalami keracunan setelah menyantap hidangan makan bergizi gratis atau MBG pada Kamis, 29 Januari 2026. 

Program bagi-bagi makanan tersebut merupakan janji kampanye Presiden Prabowo Subianto.

Sejumlah siswa yang mengalami https://t.co/TmovjNclDo",Netral
"totalpolitikcom
Sejumlah pihak yang terdiri atas guru dan mahasiswa mengajukan gugatan terhadap UU APBN 2026 ke Mahkamah Konstitusi (MK) terkait dimasukkannya anggaran Program Makan Bergizi Gratis (MBG) ke dalam anggaran pendidikan. https://t.co/o5W6It9gHc",Netral
"SKAKMAT! PEJABAT TEGAS TUTUP DAPUR MBG TRIMULYO, SISWA DIDUGA DIDISKRIMINASIKAN

Dunia pendidikan kembali tercoreng. Dugaan tindakan arogan oknum pengelola Dapur Makan Bergizi Gratis (MBG) di Trimulyo memicu kemarahan publik setelah dua orang siswa dicoret dari daftar penerima https://t.co/DC2B0otSvy",Netral
"Video Menu Makan Bergizi Gratis (MBG) di SMAN 1 Cigemblong, Kabupaten Lebak...

Dalam program yang disalurkan oleh Satuan Pelayanan Pemenuhan Gizi (SPPG) tersebut, siswa menerima telur ayam dan jagung yang belum dimasak, Jumat (23/1/2026)... https://t.co/XQdPonvED7",Netral
"@txtdrimedia Selamat, Anda resmi menjadi calon sarjana yang harus ""doyan mikir"" soal prioritas negara!
​Jangan lupa:

1. ​Anggaran Makan Bergizi Gratis (MBG) tahun 2026 melonjak hingga Rp335 triliun, naik 471% dalam setahun,

2. ​Biaya operasional MBG mencapai Rp24 triliun setiap bulan, yang",Netral
"Gausah marah2 sm sendernya. Ini semua salah your govt yg pangkas dana pendidikan demi makan (tdk) bergizi gratis. Pinter kaga, kenyang kaga, bego dan keracunan iya.",Negatif
"Puncak Pekan Gizi 2026 jadi pengingat pentingnya investasi jangka panjang lewat Makan Bergizi Gratis (MBG). BGN menegaskan, pemenuhan gizi anak hari ini adalah fondasi kualitas SDM Indonesia di masa depan. Dengan asupan bergizi yang konsisten, Indonesia menargetkan generasi emas https://t.co/itGokQZp4k",Netral
"Yuk gaspol dukung MBG Parigi Moutong❗ 

Gubernur Anwar Hafid langsung turun tangan inaugurasi program makan bergizi gratis pake bahan lokal di SDN, biar anak-anak kita sehat max, stunting minggat, generasi emas on fire.
❤️🇮🇩❤️ https://t.co/hcjvt3gT6M",Netral
"SEBANYAK 20 siswa sekolah dasar di Desa Wargasari, Kecamatan Kadupandak, Kabupaten Cianjur, Jawa Barat, dilaporkan mengalami gangguan kesehatan yang diduga akibat keracunan, Selasa 27 Januari 2026. Peristiwa ini terjadi setelah para siswa mengonsumsi Makan Bergizi Gratis atau MBG https://t.co/qGSkG4f98s",Netral
"Program Makan Bergizi Gratis Diperluas, Penerima Tembus 60 Juta Orang https://t.co/6lZbNKQ9rF https://t.co/2iu6R6iQpY",Netral
"Kalo aku jadi penguasa negeri ini, pengennya menu MBG kubikin kaya gini!✊🏼🤣🔥🔥

*tp kalo nggak memungkinkan ya nggak usah maksa, bisa dialihkan ke program lain yg lebih bermanfaat&amp;minim polemik, izin..😁🙏🏼 https://t.co/s6zNfJ3U3V",Positif
Tapi Prabowo kekeh tidak akan mengurangi anggaran MBG. https://t.co/vaqwZt6u5N,Netral
MBG (Membaca Buku Gratis) di Jogja 🪴📚📖 https://t.co/VFFBjr2Fr4,Netral
"Bisnis paling untung era saat ini ya MBG.
Menurut kolega Mindos yang pernah ditawari untuk bikin 1 dapur SPPG, rinciannya sebagai berikut:

- Dapur standar MBG : 1.6M
- Keuntungan per 10 hari bersih: 150 jt (bersih beneran ya, kalau mau nambah untungnya ya gitu dah)

Nah bisa cek https://t.co/0UlTurZEQP",Positif
TOTAL KORBAN KERACUNAN MBG SECARA KUMULATIF  SEKITAR  21.000- 24.000 ORANG 😭💔 https://t.co/dz2jvUYqvk,Netral
MBG (membaca buku gratis) di Orchard Library https://t.co/bbvPw7I9IS,Netral
"Didesak menghentikan MBG, Presiden dan BGN menolak. Tapi anehnya mrk tidak juga menghentikan meracuni anak2 dng MBG yg busuk. Benar2 penjahat HAM. https://t.co/2P8J3QNOIV",Negatif
"#SobatTernak, Kasih paham! 
Indonesia sudah swasembada pangan.
Daging ayam &amp; telur surplus 
Gak cuma itu, saat ini pemerintah tengah bangun hilirisasi ayam terintegrasi buat:
✔️ tekan fluktuasi harga
✔️ lindungi peternak
✔️ perkuat UMKM
✔️ dukung program MBG https://t.co/G7Kc8pncb9",Netral
"Analogi presiden ini sejak awal agak nganu. 

Sawit disamakan dengan pohon hutan,

 MBG dengan MacDonald, dll. 

MBG dari pajak rakyat (ngutang) 

MacDonald penghasilan (laba)  pajak. 

Video hanya pelengkap https://t.co/uyXnQRnUBA",Negatif
"Dari pedagang es gabus, jambret Sleman, MBG MBG an...

Kebangsatan. https://t.co/It9YRCgezm",Netral
"Mahasiswa hingga Guru Honorer Gugat Anggaran MBG dalam Dana Pendidikan

Baca di https://t.co/gIy6maBqNI https://t.co/D4H52i9MPq",Netral
"Hari ini paling tidak 30 ambulan berdatangan ke SMAN 2 Kudus menjemput korban MBG

Pemerintah tutup mata dan bajer tetap glorifikasi MBG 

Jumlah korban:
XE 1 18 anak
XE 2 9 anak
XE 3 15 anak
XE 4 23 anak
XE 5 : 8 anak
XE 6 15 anak
XE 7 : 35 anak
XE 8 20 anak
XE 9=11 anak
XE 10 : https://t.co/TRj2exTb6T",Netral
"JUMLAH KORBAN KERACUNAN MBG SELAMA JANUARI 2026

Dan belum ada yang di jadikan tersangka 🤬 https://t.co/6WHK4OheRO",Netral
Pemerintah akan Tes IQ Siswa yang Konsumsi MBG https://t.co/orsZs5tDh5,Netral
"Mindset ceo MBG :
Cerdas krn belajar❌
Cerdas krn makan ✅ https://t.co/sgEzwqnQo5",Positif
"Pemerintah lebih suka bikin proyek MBG drpada menggratiskan pendidikan dasar sampe pendidikan tinggi krena tidak menguntungkan pejabat² itu.

Lihat aja mreka sudah mulai sibuk dengan jabatan di 2029, padahal baru setahun menjabat.

Tetap miskin dan bodoh itu pilihan.. https://t.co/ovqB08FNf7",Negatif
"MBG kalah kan  McDonald's, 
kata nya begitu. https://t.co/50psbYeIPr",Netral
"Keracunan MBG di SMA 2 Kudus ternyata bukan cuma soal dapur.
Ada dugaan intimidasi agar sekolah dipaksa pindah SPPG, bahkan disebut melibatkan anggota DPRD.

Kalau benar, ini bukan gagal kelola program.
Ini penyalahgunaan kekuasaan yang berujung anak sekolah jadi korban. https://t.co/ee7TVYBWyz",Negatif
"MBG....😱😱😱

Jadi kenapa yg dipilih bukan PENDIDIKAN GRATIS SAJA??? https://t.co/YLHqQiDheU",Negatif
"Bilang ke matahari besok libur dulu biar Carmen yang menerangi

Bilang ke dapur MBG besok ga usah masak biar Carmen yang memasak

Terlambat melihat Dinosaurus, terlalu cepat melihat mobil terbang.  Namun kita ada diwaktu yang tepat melihat keindahan Carmenita 🖤 https://t.co/pu6ITsc5A8",Positif
"Haii antek2 asing.. dan para Professor &amp; orang 2pinter
Kalian tahu gak..kalau MBG itu program terbaik di dunia, tidak ada negara yg sanggup melakukannya
Hanya  Indonesia yg sanggup... Sanggup dan tega meracuni anak anak dg makanan busuk dan beracun.. 
#StopMBG https://t.co/LsOBjwQ8XH",Negatif
"Aksi tolak program MBG di Papua terus berlanjut.
#MBGPembawaBencana 

“Kami pelajar, siswa dan siswi di Kabupaten Deiyai tidak membutuhkan makanan gratis, yang kami butuhkan adalah pendidikan yang memadai dan gratis"" (Yohanis Kotouki)
27/2/2025
#GerakanMakzulkanGibran https://t.co/oJcNkOQIxt",Negatif
"Dapur MBG punya swasta, karyawan ada yg digaji negara https://t.co/uGkPnHwA5a",Netral
"Yang dibutuhkan itu pendidikan gratis, sesuai amanat konstitusi ""memajukan kehidupan bangsa"", bukan MBG.
#GerakanMakzulkanGibran 

Investasi itu leher ke atas, pendidikan, bukan leher ke bawah, MBG
#MBGPembawaBencana https://t.co/pxSmWthWck",Negatif
"SAMPAI KAPAN ANAK-ANAK KITA BISA SELAMAT DARI MUSIBAH KERACUNAN MBG SEPERTI INI...‼️

#MBGPembawaBencana
#MBGPembawaBencana
🆘🆗 https://t.co/xdrqC4QHbM",Negatif
MBG...Makan Beracun Gratis ☠️ https://t.co/1GO5ilOJes,Negatif
Makanan Bikin Goblog (MBG) https://t.co/DrfNIIkRPs,Positif
"Penjual Es gabus dianiaya dan difitnah oleh aparat 

Saat MBG ada keracunan masal itu para aparat kemana ? 

Adakah dari mereka yang menganiaya Owner Sppg karna sebabkan keracunan ?

atau Adakah dari Pihak APARAT meminta SPPG ditutup ??
 https://t.co/lddmUbD9Rd",Negatif
"MBG 
telur mentah dan jagung mentah https://t.co/n29E426sB2",Negatif
"Lebih penting MBG daripada lowongan pekerjaan.
Lebih penting petugas MBG daripada guru honorer. 

Setiap tetes airmata bapak guru honorer ini akan berubah jadi lautan dosa bagi pemangku kebijakan negeri ini. 

500K/bulan https://t.co/XrQOLYBInw",Negatif
Dapur MBG di Suoh Lampung membuat warga resah karena limbah buangannya https://t.co/GUjx2IefjQ,Negatif
"MAKANAN MBG ADA BELATUNGNYA....‼️

#MBGPembawaBencana
#MBGPembawaBencana
🆘🆗 https://t.co/dSqICyzBwS",Positif
"Pendidikan memang investasi. Tapi kalau kekuasaan justru lebih mengutamakan koneksi dibanding kompetensi? Pada akhirnya ya rakyat akan mengatakan…

Buat apa sekolah tinggi-tinggi kalau kalau sama anak pejabat?

Buat apa jadi guru kalau kalah sama supir dapur MBG?

Kita memang https://t.co/GEQPrCX6To",Negatif
💚 Kalian setuju gak sih sama statement ustadz abdul somad soal MBG ini??? https://t.co/jRdOautuDW,Negatif
"Program MBG itu real bikin Indonesia happy. Anak sekolah senyum karena dapet makanan bergizi, otak kenyang hati senang. Orang dewasa ikut cuan karena lapangan kerja kebuka. Petani, nelayan, peternak makin chill karena harga panen stabil dan layak. Roda ekonomi muter makin https://t.co/0LHlRVKWBT",Positif
"Banyak yg bilang MBG gak berguna. Aneh, soalnya di lapangan anak-anak dapat gizi, orang tua kebantu, UMKM jalan. Mungkin yg gak berguna itu bukan programnya, tapi kebiasaan cari-cari buruknya tanpa mau lihat manfaatnya https://t.co/urEhZhekuy",Negatif
ketika sherina dapet mbg #papacheol #warkompi https://t.co/eCHc6Thk29,Netral
"Keracunan MBG bukan karena programnya, tapi karena dapur yang bermasalah.

Standar dapur longgar, pengawasan lalai yang kena justru masyarakat, dapurnya wajib diaudit jangan pula cuci tangan. https://t.co/uOtIhD1eO6",Negatif
"Gak ada yang nawarin gw gitu, buat branding MBG? Pls kang Dadan kontak gw 😩 😁 https://t.co/JTo0FgpivT",Negatif
"MBG ini sudah jelas salah sasaran.. SPPG menjamur di kota² (70%) dan desa (30%), krena infrastruktur yg kurang memadai.

Bisnis yg paling enak ya bikin SPPG, pasarnya jelas, dibayar tunai langsung, staff ahli dibayari pemerintah (status P3K), ga perlu promosi krena pasti laku. https://t.co/33y2CRA3yq",Positif
SPPG Tanah Sirah Piai Nan XX di Padang menyajikan menu Makan Bergizi Gratis (MBG) berupa rendang istimewa yang santannya berasal dari kelapa petikan beruk terlatih. Penggunaan kelapa pilihan yang dipetik langsung oleh monyet khusus ini menjadi kunci kualitas minyak kelapa yang https://t.co/4oQa7i2VZN,Positif
"Seharusnya Indonesia tuh kayak gini MBG difokuskan hanya untuk desa yang benar² miskin, bukan malah semuanya dikasih termasuk anak orang² yang mampu.

.
IIMS 2026 Senin Realisasi Investasi Strategis Selamat Hari Bakti Imigrasi Download D-Bank PRO. https://t.co/ToAoaNMGdG",Netral
"**MBG, anak putus sekolah , anak hasil pernikahan di luar nikah  &amp; lansia** . 

Makin lama kok makin aneh gini program MBG. Anak putus sekolah, bukan nya di kasih sekolah gratis malah mau di kasih MBG . Padahal yg mereka butuhkan itu sekolah gratis, karena orang tua nya tidak https://t.co/HanjGdLuoc",Negatif
"Tidak peduli...
Apa pun keadaan negara, MBG harus jalan 😌 https://t.co/Uw0j3RZJrL",Negatif
"Video tersebut memperlihatkan paket MBG berisi telur mentah dan jagung mentah yang dinilai belum layak konsumsi, hingga memicu protes seorang guru.

Selengkapnya di video berikut ini!
#MBG #MakanBergiziGratis #Viral #ForYourInformation #CariBeritaditvONe #FYI02 #AZ03 https://t.co/5d8IKYim2c",Netral
"📌
tidak boleh memaksa sekolah agar para siswanya menjadi penerima manfaat MBG https://t.co/1NoIa8nhuk",Netral
Kalo sama penjual es gabus keliling berani pdhl gak ada anak yg keracunan tapi kalo sama MBG gak ada yg berani padahal udah ribuan anak yg keracunan. https://t.co/hIOkJWsJxA,Negatif
"Ferry Irwandi: urusan guru honorer bukan urusan pemerintah pusat..

Buat yang bandingkan gaji supir MBG dengan guru honorer silahkan disimak biar kritiknya lebih substantif 🙏 https://t.co/3d0ughmxk4",Netral
"PARA SISWA INI MEMAMERKAN SEMANGKA YANG MEREKA DAPATKAN DARI PROGRAM MBG...

SEMANGKA YANG DIDAPATKAN SANGAT TIPIS DAN NYARIS TRANSPARAN....‼️

#MBGPembawaBencana
#MBGPembawaBencana
🆘🆗 https://t.co/ZhrzRIKUmX",Netral
"QProgram Makan Bergizi Gratis (MBG) terus diperkuat untuk memastikan anak-anak mendapatkan asupan gizi yang sehat dan aman. Menu disusun seimbang agar menunjang tumbuh kembang dan semangat belajar.
Tak hanya berdampak pada kesehatan, program ini juga menggerakkan ekonomi lokal https://t.co/ey8uchfgiq",Positif
"Lucunya, yg menempatkan pendidikan sbg prioritas pendukung alih2 utama dlm anggaran negara siapa?
Yg memprioritaskan MBG sampai 300an triliun alih2 pemerataan pendidikan dan mensejahterakan guru siapa? Kan situ semua.
Terus omong kosong macam apa yg situ ucap ini? 😔🫵🏻 https://t.co/Yoirg6nK2R",Negatif
"::
Utas
Rangkaian video siswa-siswi sekolah yg SEKARAT kerna MBG.
Itu anak² kita yg kita harap jadi anak yg pandai bukan mati di sekolah.

*Terkutuk 7 turunan Kelen yg membuat mereka keracunan.

&gt;&gt; https://t.co/XDhSBXL3wq",Negatif
Bukan salah MBG nya ya gays.. MBG ga pernah salah ( kata buzeRp itu ) https://t.co/dbs2R4YMkp,Positif
"Berhentikan saja MBG, hanya membuat petaka dan Koruptor baru https://t.co/NibCSNQqyC",Negatif
Lihat perbedaannya saat Guru honorer dan pegawai MBG membuka gaji bulan pertama 🥹 https://t.co/FJbjImgrnx,Netral
"Sangat setuju 💯%
Berharap rezim Mau Mendengar &amp; Henti kan MBG, Seharusnya rezim Berpikir Jernih &amp; Rational Dalam Bertindak Demi Keselamatan &amp; Kesejahteraan Rakyat https://t.co/B8Nj5I7lA8",Positif
"Wajah polos anak-anak yg gembira dan bersyukur menerima hidangan MBG
❤️🇮🇩❤️ https://t.co/fY3rxcunSe",Positif
Puluhan orang tua murid SD di Banjarnegara segel sekolah karena protes MBG https://t.co/YgXgz4XVjY,Netral
"“Udah sering seperti ini. Menunya asal-asalan saja. Kalau dikasih masukan, bukannya diterima, malah ibu-ibu wali murid diintimidasi,” 

Keluhan tersebut mencuat setelah akun Facebook Aweng Tea mengunggah foto menu MBG yang diterima anak sekolah. Dalam unggahan tersebut, terlihat https://t.co/E0iJjEE0Po",Negatif
"“Jangan stop MBG!”
Itulah teriakan polos anak-anak Indonesia yang merasakan langsung manfaat Makan Bergizi Gratis. Dengan MBG, semangat belajar makin tinggi, kebutuhan gizi terpenuhi, uang jajan bisa ditabung, dan orang tua pun terbantu karena tak perlu lagi memberi bekal atau https://t.co/T7Zd1ZncTM",Positif
my mine MBG (My Bonek Gweh) 🩵 https://t.co/Vkv4ace3se,Negatif
"::
Arogan.
Ambil kebijakan sepihak.
Tanpa kompromi.
Petugas MBG macam apa ini.?
Memang Belegug Gayanya #MBG
•• https://t.co/cNg129vItF",Negatif
Oh my… MBG kini jadi lahan korupsi dan manipulasi. Sakit mental… https://t.co/zcy2MDBAEC,Negatif
Puluhan Siswa SMA 2 Kudus Keracunan MBG https://t.co/HGav36P5TL,Netral
"Inilah Pejabat yg di pilih karena untuk kepentingan politik bukan untuk kesejahteraan rakyat
MBG jelas hanya untuk memperkaya elit, keracunan di mana mana elit dan anggota DPR diam, karena mereka menikmati. 
Itulah pentingnya memilih pemimpin yg pro rakyat bukan pura2 pro rakyat. https://t.co/TVCiWK8ktO",Negatif
"Demi Masa Depan Anak Didik, Guru di Kabupaten Aceh Tengah Rela Melawan Rasa Takut, Meski Tak Setenar Para MBG, Jumat 23/01/2026 https://t.co/AvPWI82HW8",Netral
"Anak-anak biasanya jujur dan polos.
Mereka gak suka menu MBG nya.

Patokan kesuksesan program MBG ini hanyalah keberhasilan memberikan kepada anak-anak sekolah.
Bagaimana bentuk makanannya?
Apakah makanannya bergizi?
Apakah anak-anak suka?
Itu gak penting. https://t.co/IYPgQanZxC",Negatif
"MBG BAU BANGKE

Makanan seperti  ini yang disajikan utk siswa2 SD?

Dan kelen glorifikasi sebagai makanan yg bergizi dan akan mencerdaskan anak bangsa?

Dimana nurani kelen? https://t.co/161hTiCsui",Positif
"Rekaman siswa-siswi sekolah yg SEKARAT karena MBG.

Anak² kita disekolah untuk di didik dan belajar agar pandai, bukan untuk di racuni. https://t.co/mOjDOJlKkO",Negatif
"harusnya aplikasi BMKG tuh dipake buat kondisi kayak gini. misal angin 7.9 km/jam, apakah aman berkendara? warganya harus ngapain? what to do &amp; not to do? anginnya diprediksi bakal sampe kapan? tp anggarannya dipake buat MBG yha https://t.co/AHIhXbgrQv",Negatif
"#MBG bukan cuma soal makan gratis.
Ini soal:

• 61.000 UMKM hidup
• 600.000 lapangan kerja tercipta
• Target 1,5 juta tenaga kerja

Program sosial yg menggerakkan ekonomi nasional. Ini Progres kearah yg lbh baik. Mari kita awasi &amp; kritisi agar pelaksanaan nya semakin baik. https://t.co/vB5pJZX9Y7",Positif
Korban keracunan MBG di Sukabumi terus bertambah. Kapan ya pengelola SPPG yg bikin siswa keracunan di tersangkakan?jangan cuma berani sama kakek-2 penjual  es aja dong https://t.co/mZomx37we4,Negatif
"Menu MBG memang dibuat variatif bahkan ada menu mewah agar anak2 sekolah tidak bosan dengan menu yg itu itu saja 🥰

Jadi Dapur MBG selain mempersiapkan asupan gizi yg seimbang juga dgn menu yg bervariasi 👍💝 https://t.co/vY3VS0Enuy",Positif
"REPUBLIK KLAIM

Kok mirip dgn ""klaim"" MBG 99,9 % berhasil ya ?!  😁

Polanya kembar fraternal.

Tentu yg mirip bukan substansinya, tp gaya klaimnya :

1. Klaim besar  | dampak kompleks.
2. Tanpa indikator terukur.
3. Tanpa mekanisme verifikasi.
4. Tanpa relasi sebab - akibat yg https://t.co/hE8z1O2KUm",Negatif
"Rakyat kecil jualan es kue, kalian tuduh pakai bahan spons, bahkan kalian permalukan di ruang publik.

Tapi, ketika sedemikian banyak anak keracunan MBG kalian diam.
___________

Kalian memang ;

TELEK MBELETENG KEKUASAAN. 
.
. https://t.co/8OzsIlgs78",Negatif
"Yang dibutuhkan pendidikan kita itu pendidikan gratis, sesuai amanat konstitusi ""memajukan kehidupan bangsa"", bukan MBG.

Investasi itu leher ke atas, pendidikan, bukan leher ke bawah, MBG

#GerakanMakzulkanGibran 
#GerakanMakzulkanGibran https://t.co/DNi1Xll4qU",Negatif
"Lagi-lagi kasus keracunan MBG! Kali ini 118 siswa SMAN 2 Kudus 
Polisi gak tergerak gitu untuk menggrebek dapurnya?

Jangan cuma gagah di hadapan rakyat kecil yg jualan es gabus doang..

=====================
Sabtu pagii RI 1 Good Friday Prilly IHSG https://t.co/TK1khR3r33",Negatif
"Momen pembagian Makan Bergizi Gratis (MBG) digelar di SDN 1 Karang Bundar, Aceh Tamiang, pascabencana banjir. Anak-anak dengan riang membawa kotak makan hingga ke kelas, kemudian membagikannya satu per satu kepada teman-teman. https://t.co/zuC9iFb94g",Netral
"Es gabus tidak terbukti beracun tapi pedagangnya ditangkap dan dipukuli, hari ini ada puluhan murid di SMAN 2 Kudus keracunan MBG tidak ada yang ditangkap. 🤷‍♂️",Positif
"MBG itu bukan sekadar makan gratis—ini investasi masa depan. Aman, berkelanjutan, gizinya dijaga biar anak Indonesia tumbuh sehat dan fokus belajar. Targetnya jelas: cetak generasi unggul, SDM berkualitas, siap gaspol bersaing di pasar kerja global. Indonesia Emas 2045? Bukan https://t.co/NXT4iJccCy",Positif
"Anggaran pendidikan seharusnya tidak dialihkan ke MBG. 
https://t.co/sjkFBAkKof",Negatif
"Ini bedanya penanganan MBG di China vs Indonesia..

Gimana menurutmu?
===================
Bahasa ketum #hujan tentu tidur https://t.co/7ZYCZbxO3j",Negatif
"MBG
Masalah Buat Guru (honorer) https://t.co/iWH43XKJ35",Netral
"MBG Tetap Berjalan Selama Ramadhan

Program Makan Bergizi Gratis (MBG) dipastikan tetap berjalan selama bulan Ramadhan. Sasaran utama program ini adalah ibu hamil dan anak balita, yang tidak terdampak kewajiban puasa. https://t.co/mtPW1yzAwh",Positif
ALD1! ini mah MBG (my bini gue) https://t.co/jvfkPKwMXa,Netral
"Coba pada mikir, aparat ini kemana ketika puluhan mungkin ratusan siswa-siswi keracunan MBG..? 
Apakah ada aparat yg menyelidiki dan menjadikannya tersangka? 
Kenapa dengan kakek tua penjual es jadul ini??? 
Dosa apa dia sehingga di permalukan seperti binatang? https://t.co/c2pifbjFUF",Negatif
"Ya Allah, betapa bodoh dan serakahnya, para pengurus MBG, orang orang BGN pada gak punya otak!
Sudah tau banjir begini, sekolah lagi belajar online, masih saja dikirim MBG.
Kurang bodoh gimana lagi coba! https://t.co/85qYLoG4Lh",Negatif
Kenapa MBG malah mdnjadi priotitas?? https://t.co/B64ICuRtXc,Negatif
"Es gabus tidak terbukti beracun tapi pedagangnya ditangkap dan dipukuli, hari ini ada ratusan murid SMAN 2 Kudus keracunan MBG tidak ada yang ditangkap 🤷‍♂️ 

https://t.co/W017kPfTqa https://t.co/LgEpOO53Za",Negatif
"Viralnya SDN Batuporo Timur 1, Kecamatan Kedungdung, Kab Sampang, Jatim, yang disebut tak memiliki aktivitas belajar mengajar namun tercatat sebagai penerima MBG. https://t.co/Yuzlwmq40l",Negatif
"Gibran meninjau SMAN 2 Tasikmalaya untuk meninjau MBG secara langsung sesuai arahan Pak Prabowo.

Seorang murid melihat Gibran bisa terharu sampai menangis begitu, dan menyerahkan selembar surat untuk Gibran.
Bahkan Gibran sekarang sudah jadi sumber inspirasi buat generasi muda. https://t.co/3d6XLAujYx",Netral
"beatiful monthly (long term) charts
$MAIN MBG $CCSI kabel $APLN property $HAIS shipping
bukan ajakan beli, cuma ajakan diskusi yuk dikomen dan analisa bareng
warning chart monthly itu santai bisa sampai 20 bulan baru jalan https://t.co/Fg26mQJoNz",Netral
"Seumuran anak sekolah harus  banyak makan untuk pertumbuhan tubuh dan kecerdasan 🥰

Program MBG adalah program yg tepat untuk memenuhi kebutuhan gizi anak Indonesia 💝🇮🇩 https://t.co/7cXI2eZQUC",Positif
"Pejabat zholim.

Kacau nya program MBG 😡😱 https://t.co/1Bjjw0dXk8",Negatif
"Kenapa para guru marah?

Tertipu oleh janji kampanye ❎
Frustasi nunggu diangkat bertahun❎
Diperlakukan tidak adil ✅

Mreka sudah terbiasa diuji kesabarannya, terbiasa dengan janji manis, bahkan ikhlas kerja dengan gaji seadanya..
Tpi kok ya tiba² nylonong proyek anyaran MBG https://t.co/NI8SUzvawD",Negatif
Program Makan Bergizi Gratis (MBG) yang menjadi pilar Astacita Presiden RI kini mulai dikenal dunia internasional. Hal ini ditandai dengan hadirnya buku berjudul “Taste of Nusantara: 80 Bhayangkara Menu For Indonesia’s Free Nutritious Meal’s Program” dalam ajang bergengsi World https://t.co/gG6TRNzjpN,Positif
"Ketika Negara lebih peduli dengan Pegawai MBG jadi PPPK, Orang-Orang yang peduli dengan Guru Honorer malah disingkirkan..

Isi perut lebih penting dari Isi otak!!! https://t.co/3WUnb4yfgR",Negatif
"Ferry Irwandi, turut angkat bicara mengenai fenomena ini,
Manakala ramai memperbincangkan Program Makan Bergizi Gratis (MBG), nasib ""pahlawan tanpa tanda jasa"" justru dinilai semakin terpinggirkan. Isu ketimpangan upah antara guru honorer dan tenaga kerja di Satuan Pelayanan https://t.co/7LrOvrDJyq",Netral
FIX 2026 DAPUR MBG TUTUP KARENA 127 YANG MAU MEMASAK KATANYA CUYYY!!!!! Nyalainnnn aja banh! Aturrrr!❤️‍🔥 @NCTsmtown_127 https://t.co/K25OVjXQF0,Negatif
Menu MBG sudah di atur supaya asupan gizi anak anak seimbang dan di tata supaya meningkatkan nafsu makan 👍💝 https://t.co/vPqVM0x11B,Netral
"Insiden keracunan massal usai menyantap menu Makan Bergizi Gratis (MBG) kembali terjadi. Kali ini keracunan massal tersebut terjadi di Kecamatan Cikalongkulon, Kabupaten Cianjur, dengan total 205 korban per Selasa (27/1/2026) malam kemarin. Korban berasal dari berbagai sekolah, https://t.co/2N5E5X9UHr",Netral
"@idextratime PECAT SEMUA KARYAWAN MBG, BIAR KING EMYU YANG MEMASAKK https://t.co/0457xu1nG0",Negatif
"Klarifikasi kepala SPPG tentang telur mentah dan jagung mentah.
Yg diklarifikasi hanya telur mentah.
Jagungnya mungkin memang harus dimakan mentah agar bergizi😆

99,9% MBG berhasil 
Celoteh presiden @prabowo 
Berhasil mempermainkan para pelajar ya pak? https://t.co/vAxDasBd5g",Negatif
"@tanyakanrl Hati-hati ya kak kalau anaknya dapet mbg kudu dicek lagi, takutnya busuk seperti ini. Ni program udh ga ketolong bobroknya, udh dikritik sana-sini juga ga mempan. Malah diintimidasi yg kritik sm viralin. Jd gatau harus gmn lagi. Yg bisa kontrol ya orang tua dan anaknya sendiri.",Negatif
MBG makan korban lagi 😳 https://t.co/JTzlXEAlUY,Negatif
Pak @Prabowo Haruskah menunggu ribuan meninggal baru MBG di Evaluasi.? Miris nasib Pribumi Indonesia https://t.co/WTFDkLTHus,Negatif
❤️ waow… rame sekali dapur mbg (memasak bersama geng) https://t.co/5teXArBoZ2,Positif
"2023: Lengah dikit jadi Mixue
2024: Lengah dikit jadi Tomoro
2025: Lengah dikit jadi Sawit
2026: Lengah dikit jadi dapur MBG",Netral
"Ironi wajah pendidikan Indonesia kembali menyeruak ke permukaan. Di saat publik ramai memperbincangkan Program Makan Bergizi Gratis (MBG), nasib ""pahlawan tanpa tanda jasa"" justru dinilai semakin terpinggirkan. 

Isu ketimpangan upah antara guru honorer dan tenaga kerja di Satuan https://t.co/pEfNpaU6MJ",Negatif
"MBG adalah investasi cerdas untuk masa depan. Dengan gizi seimbang, kita sedang membangun fondasi fisik dan mental yang kuat bagi anak-anak Indonesia. Inilah jalan nyata menuju kejayaan Generasi Emas 2045! 🇮🇩🍱 #GenerasiEmas #MBG2026 https://t.co/pYLclCGjRB",Positif
"@banggavann SPPG ini sampe level sopirnya arogan.
Tadi ada sopir mobil MBG dibilangin buat ga usah klakson2 gara2 macet depan sekolah yg kebetulan depan kantor juga, malah galakan dia.",Negatif
"Segudang janji omon2. Sekolah gratis dan PTN gratis saja gak jalan. 

Yang ada PTN makin mahal. Kenapa? 344 T dari 665 T anggaran pendidikan dipakai untuk MBG. 
#MBGPembawaBencana 

MBG itu program kampanye Prabowo Gibran 2029. Mencuri
#MBGPembawaBencana https://t.co/cNAaVuTkI1",Negatif
"Nah dengerin tuh pak @prabowo , bukan MBG yg bikin Indonesia maju, tapi kualitas pendidikan,MBG itu cuma bikin politikus kaya raya, tapi rakyat makin belangsak. https://t.co/EkWp3tUpvL",Negatif
"Program Makan Bergizi Gratis (MBG) merupakan langkah strategis pemerintah dalam meningkatkan kualitas kesehatan dan pemenuhan gizi anak-anak, khususnya di Tanah Papua. 
#MBGUntukPapua #ProgramMBG #GiziAnakPapua #PapuaSehat #AnakPapuaHebat #MasaDepanPapua #PembangunanSDM https://t.co/TWlcgUiI4e",Netral
Kepala Bappenas Rachmat Pambudy menegaskan: MBG Lebih Mendesak Ketimbang Buka Lapangan Kerja https://t.co/SsTD5VWSRI,Netral
"Stop MBG 1 bulan dan uangnya coba di alihkan ke korban terdampar banjir, bisa ga sih.

.
Mauuu Soal 4 Freya Pecat pulihkan yahukimo aman Samain Adies Kadir Keluarga BPOM. https://t.co/7e9brtD9U0",Negatif
"MBG makan bergizi gratis ✖️
MBG mumpung barkuasa gasspoll ✔️ https://t.co/K4lP6pgXxq",Netral
ihtaes few tweets au ketika sane masuk poster mbg kucing https://t.co/q7IwloLRbS,Negatif
"Keracunan  MBG di Indonesia 2026 :

08/01/26 di Semarang (75)
09/01/26 di Grobogan (803)
10/01/26 di Mojokerto (411)
12/01/26 di Majene (61)
12/01/26 di Wonogiri (206)
13/01/26 di Pekalongan (15)
13/01/26 di Siak, Riau (21)
17/01/26 di Lombok Tengah (38)
20/01/26 di Tulungagung",Netral
"Indonesia 2026 :

✅️ ± Rp 1.000 Miliar/hari untuk MBG
✅️ Kerjasama dengan Israel (BoP)
✅️ Anggota partai/DPR jadi hakim MK
✅️ Keponakan Presiden jadi Deputi Gubernur BI

Menyala bangsaku...🔥",Netral
"Terhadap bakul es gabus, galak tak terkira. Terhadap MBG beracun, bungkam seribu bahasa, malah getol membela.",Positif
"Tetap semangat belajar ya nak✊
Di saat MBG ambil anggaran pendidikan secara jorjoran, sekolahan di Papua ini masih beralas tanah dan bertembok kayu lapuk https://t.co/Kk0RBYZI68",Negatif
"Polres Kediri melalui Satuan Pelayanan Pemenuhan Gizi (SPPG) II Polsek Plosoklaten resmi memperkenalkan Program Makan Bergizi Gratis (MBG), Selasa (27/1/2026).

@divisihumaspolri

#PolriUntukMasyarakat #PolriPresisi #HumasPolri #HumasPoldaJatim #PoldaJatim #PolriPeduli https://t.co/uZ4gSJH2t8",Netral
"Mungkin seandainya dana pendidikan nasional tidak digeser ke program MBG tidak akan seperti ini nasib guru honorer. 
https://t.co/Dm4VEsbPEd",Negatif
"MBG Melanggar Hak Asasi Manusia!!!

👇👇👇

📽️hukumonlinenewsroom https://t.co/eHSMmaUpwo",Negatif
BGN : ASN yg menjadi pegawai MBG dapat THR. Pokoknya spesial deh😌 https://t.co/Qgesd9FFRw,Positif
Kelas jadi makin seru saat MBG datang! Keceriaan ini adalah modal utama menuju Generasi Emas. Semoga suasana positif seperti ini terus ada di setiap sekolah di Indonesia demi anak-anak yang sehat dan berprestasi! ✨🍎 #IndonesiaSehat #MakanBergiziGratis https://t.co/sju81kSxTR,Positif
Murid diberi MBG tapi gurunya dibiarkan hidup merana dengan gaji yang ga seberapa 🥹 https://t.co/nGm1sN8hGU,Negatif
"Bagi sebagian anak, MBG bukan program 
tapi momen paling ditunggu di hari itu 💝
Menghentikannya berarti menghilangkan senyum, semangat belajar, dan harapan masa depan 🥺 https://t.co/uk9ntUVvCI",Negatif
"“MBG diberikan ke murid, tapi gurunya hidup merana. Ini paradoks,” kata Bhima Yudhistira, Direktur &amp; Founder CELIOS.

Menurutnya, masih banyak guru yang masuk kategori prasejahtera, bahkan penerima bansos. Situasi ini menunjukkan ada persoalan mendasar yang belum diselesaikan. https://t.co/bTkuoTsVA1",Negatif
"Puncak Pekan Gizi 2026 jadi pengingat pentingnya investasi jangka panjang lewat Makan Bergizi Gratis (MBG). BGN menegaskan, pemenuhan gizi anak hari ini adalah fondasi kualitas SDM Indonesia di masa depan. Dengan asupan bergizi yang konsisten, Indonesia menargetkan generasi emas https://t.co/itGokQZp4k",Netral
🔻MBG hanya butuh 8 Triliun ❗ https://t.co/FhiJqG3ehB,Netral
"Puluhan siswa SMA Negeri 2 Kudus mengalami diare dan pusing yang diduga akibat keracunan sajian program Makan Bergizi Gratis (MBG).

&gt;&gt; https://t.co/6YlZalexjr https://t.co/0vWXaDC34o",Netral
Oh MBG... Makin kesini kok makin kesono... Gimana pak Presiden @prabowo ? https://t.co/ZNuOEVj7rN,Negatif
Pelan pelan adek cantik nanti kl dengar para begundal KEMARUK kekuasaan dan kekayaan bisa disabot.... intinya dg mbg generasi akan tumbuh sehat dan kuat menuju Indonesia maju 💪💪🇮🇩🇮🇩🇮🇩 https://t.co/avGgCwpjQm,Positif
"Pak @prabowo bisakah anda tdk terlalu sering bicara di podium... 

Anda paham kalau rakyat jadi tolol karena kurang pendidikan adalah jalan menuju negara gagal..anggaran pendidikan malah anda pangkas 30-47.5% utk MBG.. https://t.co/0kjgQNSMvU",Negatif
"Lha? 😳😱 
Kok bisaaa???

Kakek 80 tahun asal Surabaya, Wawan Syarwhani, tak pernah menyangka rumahnya akan “berubah wajah” karena dibongkar dan diubah menjadi dapur MBG secara sepihak. 

Rumah tersebut berlokasi di Jalan Teluk Kumai Timur No. 83A, Kecamatan Pabean Cantian, https://t.co/yoQwFujDYa",Positif
"MBG lagi, kali ini Trenggalek, Jatim.

Pertanyaan besarnya, adalah ada apa terus berulang dan apa sanksi bagi Dapur SPPG yg menyebabkan keracunan, apa harus nunggu ada korban nyawa melayang? https://t.co/Ca3X0vhPSv",Negatif
"Tak ada siswa, isinya guru dangdutan ma gopi, tapi kebagian jatah 67 MBG, dari yg nyeleneh soal MBG, ini sih paling nyeleneh, jelas merugikan negara. https://t.co/8EM9thWkZC",Negatif
"Kalau MBG memang tidak wajib, semoga sekolah-sekolah di kota punya keberanian untuk menolak.

Biar anggaran tidak dihabiskan untuk murid yang sudah kenyang, dan bisa benar-benar fokus ke daerah terpencil, tertinggal, dan terluar yang butuh lebih dari sekadar seremoni kebijakan. https://t.co/lJajEcTx9C",Positif
"Orang tua murid murid SD Neglasari kaget, menu MBG berisi buah kecapi dan sayuran tak layak makan. Udah gitu aja https://t.co/gbomg0st8r",Negatif
"3 sekolah di Tomohon diduga alami keracunan MBG, dan terjadi lagi.....😮‍💨 https://t.co/J9llxVbK1C",Netral
"Ratusan Siswa Keracunan, MBG di Kudus Akan Dievaluasi https://t.co/yMHKFaRENQ",Netral
"Tau kan bedanya jadi guru honorer dan supir MBG?🤑🤑
---
Gempa kediri jogja malang jule blitar denpasar cosrx https://t.co/29dKlPKMfD",Netral
"MBG naik level 🔥
2026 bukan cuma buat anak sekolah—sekarang lansia &amp; kaum difabel juga ikut dapet manfaat 💙
Makan enak, gizi aman, hidup lebih layak.
Negara hadir bukan cuma janji, tapi lewat piring bergizi 🍽️
MBG bukti kalau semua umur dan kondisi tetap dihitung. Respect 🙌 https://t.co/nAtvsKwNMR",Positif
"Presiden Prabowo Subianto menunjukkan keyakinan tinggi bahwa program Makan Bergizi Gratis (MBG) Indonesia akan melampaui skala produksi salah satu jaringan restoran cepat saji terbesar dunia, McDonalds (McD).

Optimisme tersebut ia sampaikan saat berpidato dalam Annual Meeting https://t.co/MF6n71wgRK",Netral
"Menu Makan Bergizi Gratis (MBG) Mentah
📍SMAN 1 Cigemblong, Kabupaten Lebak. https://t.co/hnXeE7B39o",Netral
"siapa mau join discord hearto! kita sering main sambil voice loh, kemarin abis berburu meteor sama bikin mbg😋 https://t.co/lOmNcqBuK0",Netral
"BGN Tidak Memaksa Sekolah yang Menolak MBG

Banyuwangi – Wakil Kepala Badan Gizi Nasional (BGN) bidang Komunikasi Publik dan Investigasi, Nanik Sudaryati Deyang, memastikan bahwa tidak boleh ada pemaksaan bagi sekolah mana pun untuk menerima program Makan Bergizi Gratis (MBG). https://t.co/KiUYdR3Wma",Netral
"Yaa Rabb...apalagi ini? Coba deh, daripada dites IQ, mending siswa yg menerima MBG dites kesehatan dulu. Sungguh mengkhawatirkan 😭 https://t.co/7FMap3BOux",Negatif
"Lagi lagi dan lagi...
Kasus keracunan terjadi !

Tapi Pemerintah tetap merasa Program MBG sukses 99,99% ?! https://t.co/pQidNi1d6U",Negatif
"Kasus keracunan MBG di Grobogan awal Januari kmaren..

MBG kasus tok..!! https://t.co/kGhKb5La8Q",Netral
"Orang ini SANGAT PERLU Asupan Gizi MBG‼️

Biar Gak sakit jiwa…. 
https://t.co/GrsCKENyNx",Negatif
Kepala Bappenas : MBG lebih mendesak daripada lapangan pekerjaan. WTH?😳apa komentarmu guys? https://t.co/cbXKaaDvbc,Netral
"Pengawasan ketat dan tepat harus terus diterapkan dalam pelaksanaan program MBG, seiring waktu diharapkan tidak lagi ada keluhan di program ini 

Satuan Pelayanan Pemenuhan Gizi (SPPG) Polres Sukoharjo yang berlokasi di Telukan, Grogol, menemukan fakta mengejutkan dari salah satu https://t.co/M28GqMNJIX",Positif
"Charles Honoris mempertanyakan komitmen BGN dalam pelaksanaan program Makan Bergizi Gratis (MBG), dimana sejauh ini masih menimbulkan sejumlah persoalan mulai dari jumlah kasus keracunan, nilai gizi MBG hingga kelayakan dapur MBG (SPPG). 

""Data surveilance dari SKDR Kementerian https://t.co/xIrTRhBhM1",Netral
"Target BGN nol keracunan MBG pada tahun 2026 hanya omon-omon.
https://t.co/fW4DrhupQz",Netral
"Pantesan…!!😩😩

Rehab Aceh dan Sumatera: 4T, duitnya kagak ada! 

Tapi… 
MBG 1,2T/hari: ada! Bahkan Ramadhan pun kagak boleh libur! 

Iuran “ormas” BoP : 17T, 
kemungkinan diambil dari APBN! 

Astaghfirullah…!! 
Heeeyyy, antek-antek asing!! 

Sc: komunitaswargawaras https://t.co/Gbqqmkxq3U",Negatif
💚 mbg balita yang terlihat SANGAT BERGIZI kan ya? https://t.co/lmLPTReYh4,Positif
"Video Menu Makan Bergizi Gratis (MBG) di SMAN 1 Cigemblong, Kabupaten Lebak...

Dalam program yang disalurkan oleh Satuan Pelayanan Pemenuhan Gizi (SPPG) tersebut, siswa menerima telur ayam dan jagung yang belum dimasak, Jumat (23/1/2026)... https://t.co/XQdPonvED7",Netral
"Trio MBG ngajak awakmu kabeh untuk nribun tanggal 1 Februari nanti Rek!

Wis ndang ntekno tiket e

#persebaya #persebayauntuksemua https://t.co/n9weYqhvXp",Netral
"Saya setuju dan mendukung langkah ini 👇. Makan itu bukan pendidikan meskipun diberikan kpd anak pelajar.  
.

https://t.co/kcG3cKr9xw",Negatif
"MBG di Jepang fokus di gizi bukan di untung👍
---
Soekarno ipul lula baim nasdem tidur subuh https://t.co/Or3Jgz433V",Netral
"Terharu 😭

Melihat keceriaan dan kegembiraan anak anak sekolah saat MBG datang 💝👍 https://t.co/adZ38bUZUW",Positif
"Ratusan siswa &amp; guru SMA 2 Kudus diduga mengalami keracunan setelah mengonsumsi MBG. Sejumlah korban langsung mendapatkan penanganan medis, sementara penyebab kejadian masih dlm penyelidikan.

.
Sriwijaya Kamis terapkan kuhp baru IHSG Jambret #SemuaPunyaLukaEps137 #hujan https://t.co/fBRG0rCewf",Netral
"Ini hanya tuduhan blm terbukti meracuni orang sj sdh diperlakukan seperti itu
MBG yg sdh membuat ribuan anak keracunan tdk ada yg ditonjok
Nasib rakyat kecil disini https://t.co/3nHeLlGEZV",Negatif
"Meski APBN defisitnya setinggi gunung, utangnya setinggi langit, bahkan langit dan buminya runtuh, MBG tetap ada. https://t.co/KFuOSEqH2S",Positif
"MBG isinya : telur mentah, jagung mentah....
Ampunnn Pak @prabowo https://t.co/1byrEQk1Kf",Negatif
"Di WEF Davos, Prabowo Klaim MBG Ciptakan 600 Ribu Pekerjaan https://t.co/jym9rXeu06",Netral
Darurat MBG  https://t.co/hlS2wVATe6,Netral
"MASIH BERHEMAT WALAU UDAH GAJIAN⁉️
Cara aku berhemat biar ga jajan terus ditempat kerja salah satunya masak sendiri dan bawa bekal, karena pekerja kek aku ga ada MBG yaa 😁 https://t.co/TfXJSHKLZp",Positif
"Breaking News;

MBG lebih mendesak dari lapangan pekerjaan, bagaimana menurut anda ? https://t.co/TOCD6bNtb4",Netral
"MBG KALAHKAN KEBIASAAN BERJUDI ONLINE.

Program Makan Bergizi Gratis (MBG) memang menunjukkan potensi positif dalam membantu mengurangi kebiasaan bermain judi online, meskipun bukan sebagai solusi langsung untuk kecanduan. Berdasarkan laporan dari berbagai daerah di Indonesia, https://t.co/c3HAaW3yeW",Positif
Nah ini Presiden @prabowo perlu masukan dari Robot AI. Pendidikan vs MBG? https://t.co/2uYYElaH2f,Netral
"Dan terjadi Lagi

Diduga Keracunan MBG di SMA N 2 Kudus, Jawa Tengah https://t.co/TMvRBBZcCa",Netral
"dewtee au

edisi bekal mbg https://t.co/4nLfYw8WXe",Netral
"Semoga Siswa Siswi SMA N 2 Kudus baik2 saja. 🙏

Oh MBG 🥹 https://t.co/9XhoyGWIN7",Netral
KONTROVERSI MBG https://t.co/JFyCxPryZD,Netral
"Setiap hari selalu ada berita anak-anak kita KERACUNAN MBG, tidak ada perbaikan sama sekali. Berita KERACUNAN tidak ada kalau MBG nya lagi tidak ada alias libur ‼️padahal BGN dapat Anggaran Tertinggi. Tapi setiap hari selalu ada berita KERACUNAN dan ke-ULAT-an di makanan https://t.co/Lvj5qb238E",Negatif
"Innalillahi, MBG ini pembunuh keji...",Negatif
"Cerita di Balik Keracunan MBG Massal di SMA 2 Kudus, Terselip Ancaman dan Paksaan untuk Pihak Sekolah

Dalam proses perpindahan SPPG Yayasan Srikandi Glantengan ke SPPG Purwosari ini, beredar kabar adanya ‘tekanan’ dari sejumlah pihak.

Tragedi keracunan massal usai menyantap https://t.co/bstWeOlPTQ",Netral
"Gak ada sejarahnya MBG bisa bikin cerdas, itu cuma omon2.

Jika MBG bisa bikin cerdas, coba si Asam Sulfat diKasih MBG biar cerdas dikit.. Ya kaaan 😜😎 https://t.co/UUedo2wkqN",Negatif
"saking penting dan urgen-nya MBG, semuanya diabaikan. termasuk akal sehat.",Negatif
"Kata @prabowo di WEF
Kurangnya pendidikan adalah jalan menuju Negara gagal.
Prakteknya : murid dikasih MBG tapi Gurunya digaji rendah.
Umur 74 emng lagi lucu-lucunya 😁🤭 https://t.co/aLGoN3xqnW",Negatif
"BILANGIN KE DAPUR MBG GAUSAH MASAK DULU BIAR KING ALD1 YANG MEMASAK CIHUYYYY

ALD1 FREAK ALARM 4TH WIN
#ALD1_4TH_WIN #FREAK_ALARM4thWin
#알파드라이브원 #ALPHADRIVEONE https://t.co/Do59Gq1G3e",Positif
"Akademisi menilai, prioritas pemerintah ke program MBG berdampak pada gaji guru PPPK yang tetap minim. Kesejahteraan guru PPPK belum jadi perhatian utama. https://t.co/yUZIs4dMi1 https://t.co/TuvowpFuea",Netral
"Wapres Gibran turun langsung ke SMPN 1 Karang Baru, Aceh Tamiang, memastikan Program MBG tetap gaspol pascabencana. Bukan sekadar hadir, tapi ngecek nyata biar manfaatnya kerasa. Ini bukti negara hadir dan peduli, khususnya buat rakyat Tamiang Aceh. https://t.co/fXD67FD7Kn",Netral
"Saat ada keracunan MBG Polisi tentara begini juga gak ke pengelola MBG ?????
 https://t.co/m1lnpamNsA",Negatif
"Ya Tuhan....

Menu MBG SDN sinaralam, desa wargasari, kecamatan kadupandak, kabupaten cianjur bau bangkai dan tidak layak makan. https://t.co/dwbUHz4NoM",Negatif
"MBG jadi juaranya serapan anggaran.
Tapi pertanyaannya: tepat atau gak? Apa manfaatnya terserap ke publik? Seberapa banyak masalah yang benar2 terselesaikan?

Menkeu Purbaya bilang bukan anti-program, krn yang disisir itu efektivitasnya.
Jadi yang perlu dipercepat bukan https://t.co/PgfWt8JYpA",Positif
"TELUR MENTAH MBG di  SMAN I Cigemblong Kab. Lebak, Prov. BANTEN, Kalau tidak nampu dan boros biaya maka hentikan saja MBG ini https://t.co/IDAEpJaXiD",Negatif
"Kabarnya 3 minggu MBG off karena dana belum cair.
Begitu datang malah yg didapat makanan tidak layak konsumsi.

Kepsek SDN 03 Sindang Sari, Lampung ngamuk. Gaspol, buk!! 💪🏻

=====================
Miris Jam 7 Bekasi banjir pecat Madrid https://t.co/c7t7AqbQnx",Negatif
"Adanya Jejak Keluarga Polisi Dibalik Dapur MBG Yang Ditemukan  Melalui Yayasan Kemala  Bhayangkari

#ReshuffleKabinetGemoy 
#ReshuffleKabinetGemoy https://t.co/IdmS4XpoNm",Netral
"""Duit gak ada, kas negara dan kas daerah kosong, tapi Prabowo gencar MBG.
Januari - Februari 2026 diperkirakan muncul kerusuhan.
#MBGPembawaBencana 

Gak ada yang memungkinkan orang percaya bahwa Indonesia layak investasi"" (RG)
#MBGPembawaBencana https://t.co/aiWXHc5Na7",Positif
"Tanpa disadari anak anak ini telah kehilangan waktu belajarnya !
Psikologis si korban 
Keluarga dan guru kehilangan waktu dan tenaga

Ini gak bisa diganti rugi oleh pemangku proyek MBG !

Pembodohan namanya https://t.co/pZcRKgiLgJ",Negatif
"Persoalan gizi di Indonesia terbilang menyimpan cerita yang kompleks. Di tengah klaim penurunan prevalensi stunting dan pelaksanaan Program Makan Bergizi Gratis (MBG), ancaman gizi lain seperti underweight, wasting, obesitas, hingga… #Bisnis #Ekonomi #epaper #Finansial #Bursa https://t.co/7UGe7WTDkp",Netral
"Gak brenti brenti nya kasus keracunan MBG, hari ini terjadi keracunan masal di SMAN 2 Kudus, puluhan anak dibawa ke rumah sakit. Juga hari ini di SDN Bojongkapa, Sukabumi belasan guru dan siswa jg keracunan. Gak habis pikir sm pemerintah yg terkesan tuli dan buta atas kejadian https://t.co/TL5eKZNlnJ",Negatif
"MBG, koperasi merah putih, Thomas Djiwandono jadi deputi gubernur BI, Adies Kadir jadi hakim MK, wacana Pilkada lewat DPRD, membuat gue percaya kalo parpol di DPR itu gak punya intensi buat menegakkan tata kelola pemerintahan yg baik dan bersih.",Netral
Seorang ahli gizi di salah satu Satuan Pelayanan Pemenuhan Gizi (SPPG) atau penyedia Makanan Bergizi Gratis (MBG) di Kota Mataram dipecat karena mengganti makanan yang mengandung karbohidrat. Yakni makanan yang diberikan seharusnya nasi dengan kandungan karbohidrat diganti dengan https://t.co/0U0NVkpHbt,Netral
"Pagiii MBG ini butuh audit &amp; evaluasi menyeluruh serta pembenahan di semua lini termasuk akhlak para PIC-nya.

Karena meski berjudul gratis tetap rakyat yg bayar. Apalagi negara sampai berhutang demi program yg terkesan dipaksakan gini.

============
Polisi Israel tulang ciplukan https://t.co/Mmj1fQv3V0",Negatif
"Mau dikasih makan paling bergizi tiap hari, kalau anak model beginian sudah ngga ketolong..
.
Yg dibutuhkan skrng
Perbaikan mutu pendidikan
Perbaiki mutu guru
Perbaiki fasilitas pendidikan
BUKAN MBG..

Yakult
Prilly
Netanyahu united 
IHSG https://t.co/3f0J2Tbblj",Negatif
"Ketika progam MBG mulai dirasakan masyarakat tidak sedikit yg antusias utk ikut serta dalam progam ini, terutama masyarakat yg tertarik menjadi mitra BGN. 

Progam yg bagus ini tidak berarti aman dr para oknum yang ada di BGN utk menipu calon mitra utk mendirikan SPPG. 

Macam2 https://t.co/zWYMMSvHci",Positif
"Es Kue Jadul terbukti aman dikonsumsi tapi Penjualnya langsung ditangkap, giliran MBG terbukti banyak korban keracunan tapi tak ada Bos BGN yg ditangkap. 
Terlalu @DivHumas_Polri https://t.co/1zXTOYY3mN",Negatif
"Lagi..dan lagi....

Kabar mengejutkan datang dari SMAN 2 Kudus hari ini, Kamis (29/1/2026). Sebanyak 32 siswa dilaporkan mengalami gejala keracunan massal yang diduga berasal dari konsumsi MBG. Plt Kepala Dinas Kesehatan Kudus atau DKK Kudus dr Mustiko Wibowo membenarkan dugaan https://t.co/EzdtUalMVf",Netral
"27 Januari 2026 

MBG ala jalanan
🔻detik detik saat kendaraan bertulisan BGN membagikan kotak makanan di jalan Depan Stasiun Bekasi https://t.co/cJiSqke9z0",Netral
"Terima kasih pak @prabowo , mungkin ini salah satu solusi untuk mengurangi jumlah penduduk di Indonesia! 
Bravo 👏👏👏 
link
https://t.co/03dnMhzlBg https://t.co/vHqhI6jZQH",Positif
Pagi2 ada antrian MBG https://t.co/78OwxEnJUs,Netral
"Coba MBG ganti ""B"" nya.
Makan Berkah Gratis https://t.co/cOjxjH5A0k",Positif
"Sudah bukan rahasia umum lagi siapa saja mereka, MBG dana nya dari rakyat, tapi yg ngelola ? https://t.co/XfHyAsX4va",Negatif
"Dibandingkan dengan makanan dari pondok pesantren, MBG yang dikirim ke pesantren ini tidak enak. Lebih enak makanan dari pondok pesantren katanya.

MBG enaknya 20%, makanan pesantren enaknya 80%

#ReshuffleKabinetGemoy
#ReshuffleKabinetGemoy https://t.co/bnqi82SMby",Positif
Kasus keracunan MBG msh terus terjadi https://t.co/nMspuPRbmf,Netral
"79 siswa SMAN 02 Kudus diduga keracunan MBG 50 ambulance dikerahkan. 

Dugaan keracunan Makan Bergizi Gratis (MBG) yang menimpa siswa SMAN 2 Kudus pada Kamis, 29 Januari 2026,

Sebanyak 50  unit ambulans dikerahkan oleh pemkab  untuk mengevakuasi para siswa dari sekolah menuju https://t.co/KIYHVfPqG7",Netral
"Pelindo menegaskan dapur MBG di rumah kakek Wawan berdiri di lahan milik Pelindo. Pelindo menyebut Wawan hanya membeli bangunan, bukan tanah.

Baca selengkapnya: https://t.co/SyzJUzAl08

_RKD #Pelindo #MBG #Wawan https://t.co/7SbhZeIt6C",Netral
"@TaliUdeng MBG dan Koperasi Merah Putih. Cape deh.
Dua proyek top down, maen pukul rata instruksi dari atas, bikin yang di bawah bingung semua saling bentur-benturan antara elemen masyarakat dan pelaksana di lapangan.
Yang diatas tentu tidak karena bisa serap anggaran.",Negatif
"Luar biasa Progam MBG ini
bisa di banggakan seantero dunia 
Bahkan McD butuh 5 dekade utk menyamai MBG yg baru berjalan 
setahunan ini..
Keren kan Indonesia?? https://t.co/VhwgMl1AGz",Positif
"Viral Menu MBG Serba Mentah, SPPG Cigemblong Akui Kelalaian dan Minta Maaf. 

Program MBG di SMAN 1 Cigemblong, Kabupaten Lebak, mendadak ramai diperbincangkan di media sosial. Pasalnya, menu MBG yang dibagikan kepada siswa diduga masih dalam kondisi mentah. 

Wakil Kepala https://t.co/6b4THE4rWR",Negatif
"Breakingnews 29/1/2026 Para Guru dan 70 siswa SMA Kudus dilarikan RS karena keracunan Massal MBG. Gejala parah: pusing, diare, sesak. https://t.co/fiqbvA8YC7",Netral
"lawan mbg, selamatkan dapur ibu pertiwi yg bersemayam di setiap dapur rumah rakyat dari pengambilalihan sepihak en semena-mena oleh dapur kekuasaan https://t.co/sln6SugVkP",Negatif
"Sosok yang sangat mengisnpirasi dan sudah pasti banyak ilmu yang bisa dipelajari dari beliau..

Bismillah kepala staf ahli MBG 🤲🤲 https://t.co/FDY9OjEPEr",Positif
"UDAH ANGGARAN MBG TRILIUNAN, ANGGARAN KOPMERPUT UDAH TRILIUNAN TERUS TAMBAH INI

DUITNYA DARI MANA!!!!!!!! https://t.co/Lw8FWNZrgB",Negatif
"Sampang Madura, Tiap Hari Tidak Ada Siswa Di Sekolah Hanya Sejumlah Guru, Namun Bantuan MBG 63 Porsi Setiap Hari Tetap Di Salurkan, Pertanyaan nya Siapa Yg Makan? https://t.co/GHZdS6f4FS",Positif
"MBG itu bukan cuma urusan dapur 🍽️
Ini benteng pertahanan non-militer bangsa.
Dari piring bergizi lahir generasi cerdas, sehat, kuat, berkarakter 💪🧠
Bukan senjata, tapi SDM mumpuni yang jadi tameng negara ke depan.
Negara kuat? Mulainya dari gizi yang tepat.
So, dukung terus https://t.co/0gN0hvUov5",Positif
"Kementerian &amp; Lembaga dengan anggaran terbesar 2026.   BGN yang menangani MBG paling atas. Terus, dengarnya yang nomer 2 &amp; 3 dari atas, juga ikutan main.  Pantes, libur-libur disuruh MBG terus! https://t.co/qqEaHVyKwk",Negatif
Sarapan + makan siang 7000 kenyang bergizi ga beracun kayak MBG https://t.co/8SwM9wmOch,Positif
"#SobatTernak, Zulkifli Hasan Kunjungi Sentra Sapi Perah Kementan di Baturraden, Dukung Program MBG 

Baca selengkapnya melalui tautan dibawah ini: 

https://t.co/dm4aHm4Hm0

#ditjenpkh https://t.co/u4M9LKUhFZ",Netral
simba dan mbg https://t.co/a1CqygsfGG,Netral
"✍️
Wakil Badan Gizi Nasional Naniek S Deyang : ""Tidak ada lagi pemaksaan MBG"". https://t.co/gecM8cUyFD",Netral
"DAPAT MBG BUSUK DAN BERLENDIR...

KEPSEK SDN DI KOTA BUMI GERAM....‼️

#MBGPembawaBencana
#MBGPembawaBencana
🆘🆗 https://t.co/Px366gcSr0",Negatif
"HENTIKAN PROGRAM MBG...

SEJUMLAH SISWA DI BIREUEN ALAMI SAKIT PERUT USAI SANTAP MBG YANG ADA BELATUNGNYA....‼️

#MBGPembawaBencana
#MBGPembawaBencana
🆘🆗 https://t.co/65c8VcqL2N",Netral
"Sudah banyak pakar ekonomi maupun pakar kebijakan publik untuk mengevaluasi proyek MBG ini..
Tpi kayanya pemerintah masih ngeyel aja dengan pamer pencapaian²nya secara kuantitas, kualitas mah mbelgedes ya..

Kembalikan aja anggaran pendidikan buat mencerdaskan bangsa, bukan https://t.co/LegHwoyyp0",Negatif
ATUR AJA SIM KAN LU YANG JADI PJ MBG https://t.co/Y5TbH8NwVh,Netral
MBG via BGN dengan Anggaran Terbesar Tapi Masih Ada Siswa-siswa yang Keracunan https://t.co/hgpMty5TGJ,Netral
"eyank Uti ini ngaMuk ke SPPG sambil berTitah :
“ Kalo ada Dapur MBG yg makanan nya BerMasalah dan bikin Murid Keracunan akan lgsg ditUtup dan pengurus nya akan diPidanakan‼️”

Harusnya Seperti itu…
Bukan malah mewajibkan dimakan dan gak boleh dibawa pulang!
Untalen dewe ae!!! 😤 https://t.co/nbglI8CD4n",Negatif
"Yah...lagi-lagi keracunan MBG.

Kok tidak pernah berhenti ya, apa tidak ada pengawasan ? https://t.co/4RAoNV8XCw",Negatif
"Di saat MBG ambil anggaran pendidikan secara jorjoran, sekolahan di Papua ini masih beralas tanah dan bertembok kayu lapuk.

🎥Redho https://t.co/6HaUvrrfkO",Negatif
"Sebanyak 97 siswa SMA Negeri 2 Kudus diduga mengalami keracunan setelah mengonsumsi Makan Bergizi Gratis (MBG)

Para siswa mengeluhkan gejala mual, muntah, nyeri perut, hingga diare. Sehingga, harus mendapatkan penanganan medis di sejumlah rumah sakit, termasuk RSUD dr. Loekmono https://t.co/Cg59K5OmMr",Netral
"🔻MBG Rp.10.000,-🔻 https://t.co/9iGDjA2jjc",Netral
"Alhamdulillah ..
Menu MBG skarang sudah ga basi lagi, apalagi berulat..
(soalnya masih mentah..🤭) https://t.co/FSaMPQ9OLm",Positif
"Margin fee Bulog disetujui naik 20x lipat:  Rp50 → Rp1.000/kg.  

Kemungkinan harga beras akan lebih mahal + potensi inflasi dari MBG. 

Dalam kondisi daya beli lemah seperti skrg, pemerintah harusnya subsidi dan atur supply beras, utk turunkan harga

https://t.co/ZMS5EtlyNg",Netral
Ngantre MBG https://t.co/Vk6sAxaqJt,Negatif
"Limbah MBG di Pinrang Sulsel diprotes warga, warga adu mulut dengan pengelola🤨 https://t.co/20FVTziuxn",Negatif
"Infonya seorang ibu muda 19 th yg habis mengalami pendarahan hebat pasca melahirkan. 😥
Kita ini sudah tahu mengalami krisis kesehatan parah, tapi dananya diambil buat MBG .😠 https://t.co/4MBsTCIUIu",Negatif
"Rumah sakit aja udah merawat pasien, klaimnya bisa ditolak BPJS dgn berbagai alasan, tidak bermanfaat kek, tidak sesuai diagnosis, atau apalah... 

Ini dapur MBG tetap dapat duit meski makanannya dibiarkan basi atau gak dimakan sama murid2nya... 

Setan bener oligarki.",Negatif
"LUAR BIASA...
Presiden :
Program MBG bisa sukses 
hingga 99,99 % ? 

Faktanya 👇
dan masih banyak fakta lainnya 
yg menunjukkan Program MBG hrs dievaluasi lagi! https://t.co/irnww5tZ1b",Positif
"Baru ditulis tadi pagi.
Eh udah nambah lagi casenya.
MBG pakai Ultra Processes Food (UPF)

Alih alih mengatasi stunting, justru malah child obesity yg happening

Udah paling bener MORATORIUM dulu deh nih MBG... https://t.co/vGLA19ttYE",Negatif
"Hi sobat MBG ,heboh ni di media sosial menu sultan di MBG pastinya tidak hanya menunya yg sultan ya tapi tetap harus memenuhi standar gizi yg telah di tetapkan oleh BGN ,nah bagaimana menurut MGN di tempat kalian sobat..
@prabowo https://t.co/v7kuiuSIvI",Positif
"Program MBG patut diperluas 🔥
Bukan hanya untuk anak, tapi juga lansia dan penyandang disabilitas.
Karena gizi layak adalah hak semua warga, tanpa terkecuali.
Negara hadir, perlindungan sosial makin berkeadilan 👍🇮🇩 https://t.co/4dPTgpXMuF",Positif
"@tempodotco Karena dia tahu, shelf life atau umur simpan makanan yg dibuat dapur SPPG itu pendek, even shorter than necessary. Jgnkan dibawa pulang, dimakan di tempat aja ada belasan ribu kasus keracunan MBG. Dengan dibawa pulang, kasus keracunan MBG bakalan tembus ke angka puluhan ribu 💀💀",Negatif
"Ternyata MBG bisa berpotensi menyebabkan IHSG jebol

Ya, bayangkan aja 1.2 T sehari hanya untuk MBG, belum lainya diluar MBG.

.
Pesawat Smart Air PN Jakarta Utara KUHP Baru Biadab Stop Kriminalisasi #KeadilanUntukBudi https://t.co/aETmUKZwAe",Negatif
"dapur mbg tutup aja let’s let aca cook

(using aca’s own quote) https://t.co/biFb40fFb0",Netral
Respon BGN soal beberapa sekolah di Banyuwangi tolak MBG https://t.co/JgwxqC3yFP,Netral
"@jsscaprmrth murid SD keracunan = tidak berdampak ekonomi apapun buat mereka karna toh pengadaan MBG sudah jalan. sudah cuan.

IHSG anjlok = mengganggu pengusaha karna njatohin nilai perusahan dan menentukan gacor tidaknya investasi.

kalo yang aku tangkep gitu sih.",Negatif
"Sbnrnya kami ini ga ngejek kok pak
Hanya mengkritik
Krn kebijakan MBG ini pd prakteknya emang prlu byk pembenahan
Yg keracunan lah, kasus ompreng yg jd tg jwb guru klo ilang, menu yg seupil upil daging or ayam nya, kdg ada belatung, sering ada makanan basi
Program ini bagus pak, https://t.co/gDdaFPm9Mf",Positif
PROGRAM MBG SEHARUSNYA MEMANFAATKAN PEDAGANG LOKAL UMKM. https://t.co/TL093l4vHf,Netral
MBG emx yang di tunggu anak sekolah 🥰 buat asupan gizi mrk dan semangat belajar juga bisa menabung 👍💝 https://t.co/tLMx5gjIGC,Positif
Benarkah anggaran MBG makan anggaran pendidikan? https://t.co/8dijW3Q5fB,Netral
"""Mulanya rumah dinas, dijual kepada penghuni sejak tahun 1992.

Wawan beli secara sah dari direktur PT Pelabuhan Indonesia III, status SHM, ada AJB, ada akta notarisnya secara resmi""

22/1/2026: 
https://t.co/PC4gwO0XPW.

#GerakanMakzulkanGibran 
#GerakanMakzulkanGibran https://t.co/qDW0D9CFIE",Netral
"Kalau seluruh sekolah di Indonesia gak mau ikut progam MBG gimana Bu?
---
Tirta kakang senin layvin kurzawa nona alus lawan 10 https://t.co/CSzuXBrRWl",Negatif
"Sampai kapan kyk gini terjadi?
Tidak ada pertanggungjawaban dr pihak MBG atapun SPPG, stlhnya kyknya seperti tdk terjadi apa2, nggak ada yg jd tersangka, pdhal sdh membahayakan keselamatan &amp; kesehatan anak anak
Ingat MBG bukan gratis krn memakai duit APBN alias sebagian besar dr https://t.co/KEuXMiP8R2",Negatif
"BUBARKAN SAJA PROGRAM MBG, UNFAEDAH...

DHARMA PONGREKUN SEBUT ADA AGENDA JAHAT TAHUN 2026 TENTANG MBG...‼️

#GibranWapresPrematur
#GibranWapresPrematur
🆘🆗 https://t.co/NTcT0o3kV5",Negatif
Varian baru MBG !!! https://t.co/0otibWXR5C,Netral
"PT Ultrajaya tanam investasi Rp1,14 triliun untuk memperkuat pasokan susu UHT mendukung Program Makan Bergizi Gratis! Fasilitas baru dilengkapi lini produksi modern dan teknologi digital, sinergi dengan peternak lokal, demi ketahanan pangan dan MBG berkelanjutan.

Update berita https://t.co/MXWZIN71SR",Netral
"I know ngeselin but stop generalized us. Kemaren pada rame juga kok bahas pas banjir, keracunan mbg.

Kalo soal influencer itu wajar aja orang pada kaget, karena dia masih muda bgt. Aku sendiri pun kagetnya karena umur dia ni deket sama aku, jadi kerasa banget deg nya.",Positif
"PROGRAM MAKAN GRATIS TERHENTI DI BEBERAPA WILAYAH DI JABAR 

Dapur program Makan Bergizi Gratis (MBG) di berbagai wilayah Jawa Barat terpaksa berhenti beroperasi! Masalahnya klasik tapi fatal: Anggaran dari Badan Gizi Nasional (BGN) belum cair.

Ribuan siswa kini kehilangan akses https://t.co/f5pTPOK7zo",Negatif
"Selalu ada kejutan tiap MBG datang 😄💝

Program keren 👍 https://t.co/NfJx9N4N9r",Positif
Kalau MBG dihentikan nanti anak anak Indonesia bisa Bodoh! https://t.co/1hrrlT2JgF,Negatif
"Mau Kmentar apa dg MBG dg kualitas pengelola model spt ini? Nyawa org kalian bikin main2, @prabowo @gibran_tweet @setkabgoid , kenapa gak penjarakan aja sekalian pengelola yg membuat siswa keracunan? Apapun alasannya harus ada efek jera jgn cm mau nyari untung dr APBN doang! https://t.co/TgVG3A6wzE",Negatif
"""335 TRILIUN buat makan siang itu setara dengan:

🎓 3,3 JUTA anak kuliah GRATIS sampai lulus S1 (kampus terkemuka yaa) 

🏥 670 RUMAH SAKIT baru standar internasional (bisa bikin lapangan kerja baru)

🏫 167 RIBU sekolah rusak diperbaiki total. 

👩‍🏫 Gaji 5,5 JUTA guru honorer",Netral
"Kemarin ada 3 pilihan:
• internet gratis
• pendidikan gratis
• makan gratis https://t.co/kylKp7CnlZ",Netral
"Sempatkanlah, tonton ini sampai habis. Tidak ada makan siang gratis. Sebuah dokumenter yg menyayat hati dan mengoyak nurani kita sebagai WNI. https://t.co/SutfQmvtAn",Negatif
"🍊ONLINE FREEBIES SEUNGKWAN'S DAY🍊
— by @syacanss_ 
 — art by @berrykstuff 

★ Ina Carat
★ RT &amp; Like for appreciate 
★ LINK DISHARE 25.1 (16.00 WIB)
★ CEK &amp; PATUHI RULES (kalo keberatan dg rulesnya bisa skip fribis ini)

drop @ usn if you want to be tag 😍📸
 (wajib pakai @) https://t.co/aab4ExfwVf",Netral
"Menu Makan Bergizi Gratis (MBG) Mentah
📍SMAN 1 Cigemblong, Kabupaten Lebak. https://t.co/hnXeE7B39o",Netral
Ini... makan siang gratis untuk umum dan ojol yang disediakan Polres Subang ? https://t.co/boicpTju1N,Netral
"""Berdasarkan hasil survei, kurang dari 4% siswa yang menyatakan membutuhkan program makan siang gratis."" 

Jadi ratusan triliun itu bisa dipakai untuk program lain YG LEBIH BERMANFAAT.

##
Ekonom: Anggaran Program MBG Harusnya Hanya Rp8 Triliun https://t.co/Amd1kGt8lT",Netral
"Dzolim ke guru &amp; dosen kamu ya @Kemenag_RI @PendisKemenag @prabowo @gibran_tweet

cc : @zanatul_91 @BudiBukanIntel @direktoridosen @tukin_dosenASN @pppkguru https://t.co/dPR0tYbzDe",Negatif
assalamualaikum makan siang gratis https://t.co/4y8NDSWWIX,Netral
"Terima kasih atas perhatian dan kepedulian teman-teman untuk Bapak Agustinus, guru honorer di SDN Batu Esa, Kupang, Nusa Tenggara Timur, yang kisahnya kami angkat melalui film dokumenter “Tak Ada Makan Siang Gratis”.

https://t.co/VukCtrNrMB https://t.co/NJfQ6h23jN",Positif
"DOUBLE DATE 1.1 Spesial New Year SALE DIMULAI BESOK! Waktunya JOR-JORAN HEMAT, Sahabat!⁣⁣
⁣
✨ BELI 1 GRATIS 1⁣⁣
✨ BELI 2 GRATIS 1⁣⁣
✨ HARGA SPESIAL yang sayang banget kalau dilewatin⁣⁣

🗓️ Hanya 01 Januari 2026
⚡ Maks 3 paket/struk | Maks 5x transaksi/member⁣⁣ https://t.co/PciRRzLuFf",Positif
"::
MAKAN BER⁴CÙN GRATIS
SMA 2 KUDUS, JAWA TENGAH
KAMIS, 29 JANUARI 2026

#HentikanMBG
#MBGSaranaMoneyLaundry
•• https://t.co/jBz8GCgsuQ",Netral
"Melihat anak sekolah bisa makan siang gratis dengan menu sehat adalah bukti Kerja Nyata yang paling terasa manfaatnya bagi seluruh orang tua di Indonesia ini.
#LanjutkanMBG

Venezuela #MeAndTheeSeriesEP8 #zonauang️ #와인드업 #revisiuup2sk https://t.co/1UpMTwmVSx",Positif
"tak ada makan siang yang gratis, nak. #artwork https://t.co/wtCzihTxJU",Negatif
Makan Siang Gratis Memakan Jatah Kursi PPPK Guru https://t.co/iJr0YGOhyF,Netral
"FERRY IRWANDI BONGKAR SISI GELAP DUNIA INVESTASI ""LU BUKAN DIAJAK KAYA, LU CUMA DISIAPIN JADI EXIT LIQUIDTY""

Menurut Ferry Irwandi, di pasar keuangan tidak ada makan siang gratis
Transaksi jangka pendek bersifat zero sum satu untung, yang lain harus rugi

Ketika ada pihak https://t.co/UksxuuRQ9A",Netral
"Makan Bergizi Gratis tingkatkan gizi pada anak. Program ini memastikan asupan seimbang, dukung tumbuh kembang optimal &amp; kesehatan jangka panjang. Gizi hari ini, masa depan gemilang esok. #IndonesiaTerang #mbginvestasibangsa #MBG https://t.co/EUeV1oYyiP",Positif
"TEMEN-TEMEN MINTA TOLONG BANTU RT YA🥺🙏

OPEN DONASI BERBAGI JUMAT BERKAH

Open berbagi rice bowl chicken katsu/teriyaki &amp; ayam geprek (bisa pilih ya mau menu apa), akan dibagikan ke masjid, panti, ojol, pedagang, &amp; tunawisma. Tanpa minimal order, boleh bgt berbagi berapapun💜 https://t.co/7Ydxj7kfRg",Netral
"Promo makan murah‼️
Mie gacoan ada voucher diskon shopeefood 100% &amp; voucher diskon resto 40%

• voucher diskon shopeefood 100% 
klaim disini: https://t.co/z3zG8plrpm
• voucher diskon resto
klaim disini: https://t.co/Dm6ZhRPNFR

- shopeefood promo diskon januari https://t.co/EFxj2UyVmM",Netral
"⚡️ Arcadia in Jakarta Freebies by @conbek614_ ⚡️

📍 Balai Sarbini
🗓️  31 Januari 2026
⚠️  limited qty

How to claim: 
- RT &amp; Like this tweet
- Just say 'hi' to me
- Kindly tag me if u get the freebies

See you!💛💛💛

#ArcadiaJAKARTA https://t.co/uRqFOmOoOD",Netral
"MAKAN SIANG GRATIS DI MASJID
Tidak apa-apa, mungkin niat awalnya sekedar cari makan. Tapi insyaallah lama lama jadi terbiasa sholat jamaah di Masjid. https://t.co/ZXinRazdBf",Positif
"“Kalau ini dilompati atas nama program makan bergizi gratis, saya kira ini tidak adil,” ujarnya. Ia mengingatkan, kondisi tersebut justru berisiko mempergelap masa depan pendidikan.

Tonton selengkapnya di film dokumenter “Tak Ada Makan Siang Gratis”
https://t.co/VukCtrNrMB",Negatif
"Bayangkan jika setiap sekolah memiliki kantin sehat. Anak-anak bisa makan pada setiap jam istirahat dengan menu sayur asam yang hangat, sayur lodeh yang baru matang, telur dadar, ayam goreng, hingga potongan semangka segar. Namun gagasan sesederhana itu justru tidak dipilih https://t.co/u23JjROi9Z",Positif
"“Tak Ada Makan Siang Gratis” hari ini pukul 12.00 WIB di youtube Watchdoc Documentary.

https://t.co/VukCtrNrMB

Film ini salah satunya bercerita tentang warga Pati yang merasakan langsung dampak kebijakan efisiensi anggaran. Kenaikan PBB dan beban hidup yang bertambah adalah https://t.co/OerXXs1EpE",Netral
@itsquaileggs semua anggaran boleh di potong kecuali bisnis makan siang gratis 🤭🤭🤭,Netral
":( still my biggest what if... what if Indonesian people are aware enough to not vote for him as a president.... karena dari awal visi misinya pun udah jelas, terpampang ada program makan siang gratis, kenaikan gaji para pejabat...",Positif
"ga semua hal tu bisa km dapetin gratis scra cuma-cuma ya, ntah minta pap lah ntah mo liat aku mandi lah, ntah apalahh ihhhh☺️
tidak ada makan siang gratis broo~",Negatif
"Promo makan murah‼️
Mie gacoan ada voucher diskon shopeefood 100% &amp; voucher diskon resto 40%

• voucher diskon shopeefood 100% 
klaim disini: https://t.co/1mdNUeU7B6
• voucher diskon resto
klaim disini: https://t.co/8uZSXrMuno

- shopeefood promo diskon februari https://t.co/8XwXMrbZ5M",Netral
Tidak ada makan siang gratis,Negatif
"@ghozyulhaq sy ok aja model kyk gitu diterapkan, asal BPJS TK &amp; Kesehatan gratis, bootcamp IT/AI/Cybersecurity, sekolah gratis, makan siang gratis, perumahan murah, angkot gratis. 

asal pemerintah ngga korup &amp; kerja 7/24/365",Netral
"Pagi 🌞
Udah februari aja ya weekend pula full hujan pula disini. 
Semoga full bahagia ya kita di bulan ini (⁠人⁠ ⁠•͈⁠ᴗ⁠•͈⁠) https://t.co/xpMjAiLFUv",Positif
"Yang lagi di Belanda boleh merapat, sy kasih ilmu CCS dan makan siang gratis deh 😃 https://t.co/y7kVV6Hn1Q",Netral
"@JJRizal MBG itu PROYEK, bukan PROGRAM. Tak tak ada makan siang gratis, pdhl rakyat bayar lewat pajak, masuk APBN, duitnya balik lg utk kasih makan mrk. Gratisnya dimana? Yg bergizi nya siapa? Rakyat atau pengusaha katering yg notabene msh dilingkaran situ2 jg? Duit rakyat tak lari kemana https://t.co/KRfkOW7Qpd",Negatif
"Program penghematan anggaran jangan sampai mengorbankan gizi anak sekolah karena pemberian makan siang gratis adalah bukti kerja nyata pemerintah dalam mendukung kesehatan generasi muda kita 
@LanjutkanMBG 

Siaga Gerak Cepat Indihome OFFGUNFUNNIGHT X DT Jumat https://t.co/ZWMvLm2JCW",Positif
"INGAT . . . . . . ❗

Tidak Ada Makan Siang Yang Benar - Benar
GRATIS .

Dibalik Narasi Perut Kenyang , Tersimpan AGENDA BESAR Yang Jarang Dibicarakan.
( Seminar / Diskusi Publik )

Siapa Sebenarnya Yang Menikmati  . . . ?? https://t.co/OaGU52THWf",Positif
pahami.. istilah ‘ga ada makan siang gratis’ 🙃,Negatif
"LAGI LAGI DAN LAGI 

Sebanyak 157 siswa SD, SMP, SMA, dan SMK di Salakan Keracunan Makan Bergizi Gratis.

Berdasarkan pantauan kejadian tersebut berlokasi di SD, SMP, SMA, dan SMK di Salakan, Kabupaten Banggai Kepulauan, Sulawesi Tengah.

Keracunan Makan Siang Gratis (MBG) https://t.co/1WqU7niDEd",Netral
"HELP RT

Hallo, aku open titip berbagi jum'at berkah makanan ""Rice Bowl Ayam Teriyaki"" 

💸 10.000/porsi (tdk ad minimal pembelian)

Makanan akan dibagikan ke masyarakat sekitar yg membutuhkan/pekerja dijalan ya. Yuk yg mau titip bisa dm or lgsg wa aku yuk😍 https://t.co/OiCFMuw1jw",Positif
"Lebih baik menyalakan sebatang lilin daripada mengutuk kegelapan sepanjang malam

Warung Mie Aceh di Jalan Sumeru, Kota Bogor menggratiskan semua menunya untuk para mahasiswa perantau yang keluarganya terdampak bencana di Sumatra. https://t.co/zboUmDkkH1",Positif
"MBG Makanan bergizi gratis. 
Bergizinya bohong.
Gratisnya juga bohong sebab dananya dari APBN yg sumbernya dari pajak rakyat. https://t.co/PM4ji0G9jw",Negatif
"Inget,
Kgak ada makan siang gratis.. https://t.co/c3mmEoUjkb",Negatif
"@indepenSumatera Kampanye 2024 ""MAKAN SIANG GRATIS""
 diubah menjadi ""MAKAN BERGIZI GRATIS""

Oke ,Gak ada didunia ini Makan siang yg Gratis (terlalu bohong dgn programnya) tetiba auto di iming2i Makan yg BERGIZI n menjadilah MBG 
Makan Belatung Gratis
Makan Busuk Gratis
Makan Berulat Gratis n",Negatif
"Selamat Ulang Tahun ke-25 BPOM. 25 tahun tahun bukan sekedar angka, tetapi bukti komitmen mengawal keamanan Obat dan Makanan.  Momentum ulang tahun ini diwujudkan melalui gerakan tanam pohon serentak dan makan siang gratis bagi masyarakat sekitar karena kesehatan... https://t.co/a8fGLuSaof",Positif
"buat apa sih pendidikan, makan siang gratis ajah mau? https://t.co/EXAMlS99jH",Negatif
"Selamat malam minggu, cie malam mingguan di luar. 
Kayak ga punya rumah aja (⁠╥⁠﹏⁠╥⁠)

Absen di sini coba ⬇️ 60 menit tutup (⁠◕⁠ᴗ⁠◕⁠✿⁠)",Netral
"di sisi lain, ini realisasi dari (satu-satunya?) janji kampanye Pemilu, dan secara demokratis mayoritas masyarakat Indonesia secara kolektif telah menyatakan lebih memilih makan siang gratis ketimbang mengkuliahkan sebagian kecil (&lt;10%) masyarakat",Netral
@msaid_didu Tak ada makan siang gratis pak Didu...sang pengkhianat itu lagi usaha dapat tulang yg lebih besar dr tuannya segitunya dia cari makan kan bgs*t!!!,Negatif
"Prinsip ekonomi kuno: Tidak ada makan siang gratis, dan dalam dunia investasi, jika sesuatu terdengar terlalu bagus untuk menjadi kenyataan, biasanya itu adalah perangkap.",Negatif
"aduhh phuwin kalau cintaku padamu diuangkan udah cukup untuk anggaran makan siang gratis untuk seluruh anak indonesia dengan menu bakes salmon rice with mozarella and truffle sauce 🤤

#MeAndTheeSeriesFinalEP https://t.co/1zENxFdEvv",Positif
Kalo nanti ada Guru Honorer mu yang mengundurkan diri dan beralih profesi menjadi Sopir Makan Siang Gratis jangan disalahkan dan jangan ditangisi ya nak..krena Gajinya lebih gedean https://t.co/rqTX1yjqmC,Negatif
"🔴Ironi Negeri: Antara Kesulitan Pangan (Korban Bencana) dan Penghambur-hamburan Pangan (MBG)

Di sejumlah wilayah Sumatera, korban banjir bandang masih berjibaku dengan keterbatasan pangan. Balita dan anak-anak terpaksa bertahan dengan mi instan berhari-hari, sementara dapur https://t.co/9hNulPXnpO",Netral
Tidak semua orang mengerti dan paham proyek MBG ini. Contohnya kaum makan siang gratis. https://t.co/w632pZNRMH,Negatif
"Berkat Kerja Nyata penyediaan makan siang gratis di sekolah kini banyak siswa yang merasa terbantu karena bisa menyisihkan uang jajan untuk keperluan lain
#LanjutkanMBG

PSN Papua JOONGDUNK JAIDEE FM SEOUL Aceh Sumatera Update Aurelie https://t.co/DVLTukcjIK",Positif
"Sebelum program ini bernama MBG, dulunya Makan Siang Gratis. 

Aku selalu bilang, ""There is no such thing as free lunch."" 

Bakal adanya trade-off antara satu dan lainnya. 
Akan ada biaya yang tidak terlihat.",Positif
"#PrabowoPresidenTerpasung
#PrabowoPresidenTerpasung 
Mirage , Food estate .. program makan Siang gratis hutang China , yg bayar Rakyat di framing gratis . Pembodohan rakyat sejak ada MBG harga kebutuhan pokok naik .. https://t.co/unXqvwsaG5",Negatif
@melodyeess Gaada makan siang gratis,Netral
"@HabibKun4 Tidak ada makan siang gratis. Anda mungkin bisa membodohi org lain, tpi tidak dengan saya.",Negatif
"Benar kata pepatah ""tidak ada makan siang gratis"" karena semua pun akan berbayar. Bahkan @grok dari X pun berbayar jika ingin dapatkan layanan. Entah ini kebijakan internal dari X atau ada 'kewajiban' dari @kemkomdigi sbg setoran rutin aplikasi jika ingin tidak mau diblokir.",Negatif
"@tanyakanrl Makan Beracun Gratis
Makan Biar Gendut
Makan Belatung Gratis
Makan Berulat Gratis
Makan Basi Gratis
Makan Benyek Gratis
Makan Bau Gratis

Ada lagi?",Negatif
Anjay makan siang gratis buat ojol dan masyarakat umum… #24jamcctv #polisi #fyp #kontenviral https://t.co/ceHpmfOKwg,Netral
"2.2 START MALEM INI JAM 20:00 ‼️

claim semua vouchernya sekarang👇🏻
https://t.co/TABBL1itt9

jadwal voc👇🏻

DISKON 10RB 3X sesi
minbel 10rb (BISA GRATIS)
⏱️00:00|12:00|20:00

DISKON 99% 20RB ⏱️20:00
minbel 20rb

DISKON 99% 30RB ⏱️21:00 
minbel 30rb

DISKON 99% 50RB ⏱️22:00
minbel https://t.co/PdhKHnLiPp",Netral
"Puluhan Siswa dan Balita dari Desa Bandar Baro dan Blang Nisam dilarikan ke Puskesmas dan Rumah Sakit Umum Daerah (RSUD) karena diduga keracunan usai menyantap Makan Bergizi Gratis (MBG), pada Jumat (23/1).

Situasi kepanikan muncul sejak Jumat siang hingga malam hari, ketika https://t.co/BvVUpsAmL6",Netral
"@txtdrimedia Rakyat lebih membutuhkan listrik dan air gratis, dari pada makan siang gratis untuk anak sekolah. Warga Indonesia masih mampu memberikan makan siang untuk anak anaknya.",Positif
"@tanyarlfes inilah pentingnya memilih pemimpin yg bernalar☝🏻
bukan yg tiap diajuin pertanyaan semua solusinya makan siang gratis",Positif
"@yogieprtmdj @arrwe3n Bagian mana ya kak yang ga bisa diprediksi?

1. Prabowo secara sangat jelas dan terbuka menyampaikan keberpihakannya kepada israel di masa kampanye
2. Prabowo secara sangat jelas dan terbuka menyampaikan bahwa anggaran makan siang gratis akan diambil dari dana pendidikan",Positif
"📢UPDATE HARGA: PALING MURAH GAK ADA LAWAN‼️SPESIAL PERSIAPAN RAMADHAN‼️
⁣⁣⁣⁣⁣
*S&amp;K Berlaku⁣⁣⁣⁣⁣⁣⁣⁣
Periode : 31 Januari &amp; 28 Januari - 03 Februari 2026⁣⁣ https://t.co/sjfgzdIysO",Positif
"@dosenkesmas Pake istilah MSG aja kali ya
Makan Siang Gratis (MSG), krn kandungan gizinya so so aja",Positif
Jangan khawatir karena ada program MBG. Meskipun nganggur tetap bisa makan siang gratis. 😂😂😂 https://t.co/eelMwUQajn,Positif
"@geloraco Dari kalimat itu bisa disimpulkan menerima tapi nilainya bukan segitu.

Ingat Makan siang gratis cuma MBG",Negatif
@jauharsyh @txtdarionlshop Betul. Makan tiap jumatan cari aja mesjid. Lumayan dapet makan siang gratis. Tempat tinggal jd marbot aja bayar sebulan 300 rb. Sisanya all in top up,Positif
"Tak mudah jadi rakyat kecil di negeri ini: 
1. Jualan es, dituduh pakai spons, dianiayai. 
2. Bela istri kena jambret, dijadikan tersangka.
3. Sbg guru yg ingatkan siswa, dilaporkan polisi.
4. Anak sekolah, dikasih makan siang gratis, tapi sebagian bermasalah, bahkan keracunan. https://t.co/ertVyxHhUJ",Negatif
"@VeritasArdentur Betul banget, didanai si Botak, emang itu sedekah apa? Gak ada makan siang gratis! Even MBG aja pake duit Rakyat!!!",Negatif
"Puluhan siswa di Muaro Jambi, Jambi, dilaporkan diduga mengalami keracunan usai menyantap makan bergizi gratis (MBG) dari sekolah. Mereka mengalami diare dan muntah-muntah setelah pulang sekolah.

Sejak Jumat (30/1/2026) siang, para siswa itu dilarikan ke RSUD Ahmad Ripin https://t.co/M0xjRtfcVs",Netral
"🎆🎊DISKON TAHUN BARU NANTI MALEM‼️🎉

✅DISKON 99% 100RB
✅DISKON 99% 5RB
✅DISKON SPL 110RB minbel 500RB

🗓️berlaku 1 JANUARI 2026 
⏱️00:00|12:00|20:00

CLAIM SEKARANG DI SINI👇🏻
https://t.co/Wqhvbq4J8l
scroll bawah claimnya

Diskonan pertama 2026 😁 https://t.co/orfSmy9khQ",Netral
"@sosmedkeras Tahu kan sekarang kenapa pendidikan seharusnya lebih utama dari sekedar makan siang gratis, eh tidak ada makan siang gratis..",Negatif
"@TirtoID Tidak ada makan siang gratis.

Begitu pula dengan tambang.

Tidak ada konsesi tambang yang gratis 🙏.",Negatif
"@tempodotco tujuan awal mengatasi stunting, metode makan siang gratis dengan kualitas yg tidak sama,  uji hasil lewat tes IQ

rasanya MBG salah target
hasilnya membuat kaget
jaka sembung bawa golok
tidak nyambung ......",Negatif
"🌙✨ 𝐁𝐢𝐬𝐦𝐢𝐥𝐥𝐚𝐡 𝟏 𝐅𝐞𝐛𝐫𝐮𝐚𝐫𝐢 𝟐𝟎𝟐𝟔 ✨🌙
🤍🕊️ Hasbunallah wanikmal wakil 🕊️🤍

🌸 Ya Allah jadikanlah di bulan ini bertaburan berkah 🌸
👣 dikuatkan langkah, 💫 rezeki yang berlimpah💰
🤲 segala urusan dipermudah 🌿
✨ semua do’a dan harapan diijabah 🤍",Positif
"// makan siang gratisnya terlansana kok gengs, positif thinking aja dia lagi mencicil janjinya. Pertahun 1 janji mungkin",Positif
"""Makan Siang Gratis"" jangan2... https://t.co/b7Gqw9VHdj",Positif
"Tugas pemimpin bukan sekedar memberikan makan siang gratis. Saya sangat setuju, dari pertama MBG dibuat tujuannya biar rakyat berterima kasih &amp; 2029 milih dia lagi. Proyek tidak tepat sasaran, sgt rawan korupsi dan nepotisme. Sialnya lg ambil dari dana pendidikan. https://t.co/ZnBirdQ9zI",Negatif
"@B4n6_H4n5 Berkali-kali saya juga memandang ini sebagai “tidak ada makan siang gratis” yang ada adalah program bagi-bagi proyek, strategi kekuatan politik demi loyalitas. 
Jadi, mencerdaskan kehidupan bangsa itu hanya angan-angan yang diomon-omon.",Negatif
"Polres Metro Jakarta Selatan kembali menunjukkan kepeduliannya terhadap masyarakat melalui program “Polri Peduli”. Pada hari ini, jajaran Polres Metro Jakarta Selatan turun langsung ke lapangan untuk melaksanakan pembagian paket makan siang gratis kepada warga di kawasan Pancoran https://t.co/lIsbecQBls",Netral
Dikasih makan siang gratis sama OB kantor. MasyaAllah jum'at berkah pertama di tahun ini😇 https://t.co/QDRmbxmTya,Positif
Tidak Ada Makan Siang Gratis; Representasi Budaya dalam Kritik Program MBG https://t.co/ipOek4IzL7,Negatif
"Congrats, nikmatin makan siang gratis kamu. Tanpa perlu mikir gimana bayar rumah, bayar pajak motor, bayar bensin, bayar jalan jalan, serta kebutuhan lain krn punya pemerintahan yang TOLOL",Positif
"menu makan selama setahun :
senin = nasi + kecap
selasa = nasi + garem
rabu = nasi + kerupuk
kamis = nasi + nugget 3 biji 
jumat = nasi + telur dadar (bagi 2 sama makan siang)
sabtu = nasi + sayur asem (yg enak dlu)
minggu = indomie
selamat mencoba👍🏻",Positif
"makan siang gratis tipis"" https://t.co/tump6fJX0W",Positif
Inilah saatnya kita bersatu mendukung program Makan Bergizi Gratis demi mewujudkan cita-cita besar bangsa Indonesia memiliki sumber daya manusia yang berkualitas dan berdaya saing tinggi #MBG #IndonesiaSehat #IndonesiaEmas https://t.co/3yrOgyokMS,Positif
"Dari jaman dulu, semakin mustahil sesuatu, semakin dikejar orang. 

Firaun, mau hidup selamanya, makanya ada Mummy. 
Qin Shi Huang, mau mati bawa tentara, makanya ada Terracota. 

Orang jaman sekarang, mau makan siang gratis, dan investasi pasti cuan no risk. 

Ga beda 🤷🏻",Positif
Mana nih makan siang gratis gua? (Hari ke460),Netral
TAK ADA MAKAN SIANG GRATIS | Kelindan Kepentingan di Balik Program MBG https://t.co/OIFdH7hhCt lewat @YouTube,Negatif
Lah kan kemarin lebih milih makan siang gratis dari pada pendidikan gratis 😂,Negatif
"MasyaAllah tiap hari menyediakan makan siang gratis

HARI KE 555 MASJID MAKAN MAKAN

Bismillah ini adalah salah satu Iktiar kami agar Masjid lebih makmur dan lebih banyak orang yang Kembali kemasjid 🙏🏻🕋

https://t.co/n2BecffBUC https://t.co/EqNkUscvco",Positif
"Anak hasil pernikahan siri akan diberi makan siang gratis, anak putus sekolah juga akan diberi makan siang gratis bukan sekolah gratis. Semakin hari semakin gajelas",Negatif
"sadar diri, ga ada makan siang gratis",Negatif
"@lelahbangetz @tekarok007 Haha, oke, sarkasnya lanjut ya? Bayar guru dan makan siang gratis bisa bareng kok, asal dari pajak yang terkumpul. Makan siang bikin anak fokus belajar, guru dibayar layak biar ngajarnya mantap. Dua-duanya ngebantu pendidikan jadi top! Semua dari cycle welfare tadi. Gimana,",Positif
Mana nih makan siang gratis gua? (Hari ke456),Netral
"Gw dan keluarga besar menolak MBG

ga perlu makan siang gratis

Krn kita mampu",Negatif
"Dukung bersama Program Makan Bergizi Gratis. Membuaat masa depan anak-anak menjadi cerah dan membentuk SDM yang unggul dan membanggakan.
#FaktaIndonesia
#MakanBergiziGratis
#DukungMakanBergiziGratis
#DukungProgramMakanBergiziGratis https://t.co/ItTjEGUfsw",Positif
"NEED PENDIDIKAN GRATIS ANJAY

😭😭😭😭😭😭😭😭 

BUKAN MAKAN SIANG GRATIS",Negatif
Mana nih makan siang gratis gua? (Hari ke449),Netral
"Dukung bersama Program Makan Bergizi Gratis. Membuaat masa depan anak-anak menjadi cerah dan membentuk SDM yang unggul dan membanggakan.
#FaktaIndonesia
#MakanBergiziGratis
#DukungMakanBergiziGratis
#DukungProgramMakanBergiziGratis https://t.co/qsE3m7gs9g",Positif
"Program Makan Bergizi Gratis menjadi langkah strategis membangun kualitas generasi melalui pemenuhan gizi yang merata, berkelanjutan, dan berdampak luas #MBG #IndonesiaEmas2045 https://t.co/PqwhGjrhUF",Positif
Alhamdulillah dpt makan siang gratis di masjid after jumatan https://t.co/U9AhlDfuRI,Positif
"Presiden Prabowo Subianto resmi membuka rangkaian retret jilid II Kabinet Merah Putih yang digelar di Padepokan Garuda Yaksa, Desa Bojongkoneng, Hambalang, Bogor, Selasa (6/1/2026) siang. Prabowo menyatakan program Makan Bergizi Gratis (MBG) yang berjalan 1 tahun ini telah https://t.co/m7OImoapgt",Netral
"Polrestabes Palembang Bagikan Makan Siang Gratis Melalui Polsek Sako

Polrestabes Palembang melaksanakan kegiatan sosial berupa pembagian makan siang gratis kepada masyarakat melalui jajaran Polsek Sako Palembang.
 https://t.co/4y3BPwiznM",Netral
Dapet makan siang gratis soalnya kalo perutny kosong nanti ditanemi sawit,Positif
"@cambrianpre @kekavasto @anjody17 Ini bukan sesederhana adu nasib. Malah harusnya negara bsa nyediain air bersih gratis buat rakyat. Apalagi ini buat pegawai kerja di kantor, air minum jdi yg paling mendasar harus tersedia. Masalah uang makan, ga smua ASN dapat &amp; kalaupun dapat itu hak pribadi pegawai makan siang",Negatif
Program Makan Bergizi Gratis untuk anak Indonesia https://t.co/IL39gOMiJb,Netral
kalau lu puasa senin kamis gratis maem bang😭😭🤏🏻,Netral
"@JVLEHA slalu ingat kata ayahku, “tidak ada makan siang yg gratis” , pernah trauma dikontrol cowo karena uang, alhasil jd takut kalo di provide cowo skrg😅",Negatif
"Program Makan Bergizi Gratis mendorong kesehatan, kecerdasan, dan kesejahteraan dengan memastikan asupan gizi seimbang bagi kelompok yang paling membutuhkan #MBG #IndonesiaEmas2045 https://t.co/Y6iC0bq9Tn",Netral
"tidak ada makan siang gratis, literally",Negatif
"mantap, media luar udah pada was-was independensi BI ambruk gara-gara ini wkwkwk apakah BI akan ""dikendalikan"" presiden, trs suku bunga diturunin paksa buat makan siang gratis mulu? da real nepotisme level dewa.😂",Negatif
"Makan Gratis untuk Perantau Aceh, Sumut &amp; Sumbar di Yogyakarta!

mampir ke Gudeg Yu Djum Pusat Cabang Manggungan — makan GRATIS setiap hari!

Caranya:
• Tunjukkan KTP Aceh/Sumut/Sumbar
• Berlaku 5–19 Desember 2025
• Jam 10.00–18.00 WIB
• 150 porsi/hari

Ajak teman perantau https://t.co/XpiX1CAZVD",Netral
"Dukung program Makan Bergizi Gratis untuk pemenuhan gizi anak bangsa, anak Indonesia cerdas https://t.co/kh1iHxfBUj",Netral
"Polrestabes Palembang Salurkan Makan Siang Gratis Melalui Polsek Plaju Palembang

Sebagai wujud kepedulian terhadap masyarakat, Polrestabes Palembang kembali melaksanakan kegiatan sosial dengan menyalurkan makan siang gratis
                 https://t.co/MeqaK85Cbl",Netral
"Warung Makan Jasa Ayah di Jl. Candi Trowulan, Lowokwaru, Malang, memberikan makan gratis sepuasnya untuk warga perantauan Aceh. Cukup tunjukkan KTP Aceh di kasir. Program ini khusus untuk bantu mahasiswa/perantau asal Aceh. 💛 oyi https://t.co/4eAZAgza04",Positif
"Redmi Note 15 Pro Spesifikasi Bicara Nyaring, Kinerja Menahan Rasa Lapar Makan Siang Gratis

https://t.co/991LhvZg1h",Netral
🛎FREE?? Yes sir!! You dapat 2 FREE item bila beli Signature Box🍱 dari 3 hingga 5 Februari 2026 ni okey🏂 https://t.co/iEpiVK8z58,Netral
"Polrestabes Palembang Bagikan Makan Siang Gratis Melalui Polsek Ilir Timur I
Polrestabes Palembang melaksanakan kegiatan sosial berupa pembagian makan siang gratis kepada masyarakat melalui jajaran Polsek Ilir Timur I Palembang sebagai bentuk kepedulian Polri terhadap warga. https://t.co/fa3jrI9u3A",Netral
"@bagindo_kopi Kadang berita tanpa fakta adalah makan siang gratis bagi propaganda, bunyi tapi sunyi lebih hikmat saat pikiran dipenuhi tanda tanya. 
Dari awal negara dan rakyat sudah disuguhi kemiskinan lewat propaganda dan tekanan sumberdaya. 
Sda dikeruk, rakyat dimiskinkan perut dan pikiran",Negatif
"Makan Bergizi Gratis

Caranya @grok 
Pakai pakaian Rapi
Datangi Orang Hajatan
Duduk Manis nunggu Hidangan diantar, atau langsung ke tempat makanan

Kalau Diusir, jawab begini
Ini Hajatan kan Syukuran. Saya minta makan. Makanan ini tidak dijual untuk orang yang mau Bayar pakai",Positif
"Jumat Berkah bagi-bagi makan siang gratis di Masjid Baitil Ma'mur, Komplek Islamic Kelapa Dua, Kab. Tangerang, Jumat (9/1/2026). https://t.co/wXvTjDEzBA",Netral
"Promo makan murah‼️
Mie gacoan ada voucher diskon shopeefood 100% &amp; voucher diskon resto 40%

• voucher diskon shopeefood 100% 
klaim disini: https://t.co/OMwogHqqmC
• voucher diskon resto
klaim disini: https://t.co/pTi5jguchy

- shopeefood promo diskon januari https://t.co/De0H9rMxIx",Netral
Mana nih makan siang gratis gua? (Hari ke468),Netral
"Polrestabes Palembang Bagikan Makan Siang Gratis Melalui Polsek Ilir Timur I.

Polrestabes Palembang melaksanakan kegiatan sosial berupa pembagian makan siang gratis kepada masyarakat melalui jajaran Polsek Ilir Timur I Palembang sebagai bentuk kepedulian Polri terhadap warga https://t.co/oy2yXvhQrx",Netral
Tragedi keracunan Makan Bergizi Gratis (MBG) kembali pecah di Muaro Jambi (30/1/2026). Setidaknya siswa dari 7 sekolah dilarikan ke RSUD Ahmad Ripin setelah menyantap menu soto siang tadi.,Netral
@yaniarsim @prabowo Keren! Makanan bergizi gratis atau makan siang gratis gagasan presidenku yg maha gemoy lagi maha chubby. Lanjutkan 3 periode!,Positif
"@worksfess Take sih, makan siang tuh bisa hemat 15-30rb per hari. Bahkan ada coffee break, membership gym, dan lagi asuransi ✨swasta✨",Positif
"@NenkMonica Jgn lupa setor ke yg "" saya titip Pati "".
Mana ada makan siang gratis sih.
Wekkekekekkeke",Positif
@CindyHapsari_ Oh iya dan juga kamu gaada singgung soal korban anak-anak yang keracunan karena makan siang gratis.,Negatif
@erocryptoo tapi presiden kita fokus makan siang gratis bukan?  ahh sudahlah....,Negatif
"@tianxvuning Nol nol, macem angka nol lah aku 😤 WOW MIE AYAAAM 🤤🤤 Ge, kalau ikut kesana bisa dapet mie ayam gratis seumur hidup ga??",Positif
"Kolaborasi Muhammadiyah dan BGN, Perluas Layanan Makan Bergizi Gratis

https://t.co/N5rDHRvNlT

#Muhammadiyah",Netral
"Menu makan siangnya gratis alias di traktir, makasih yg udah bayarin ini semua sering-sering ya😂🤲 https://t.co/XeTELCfGw1",Positif
"Juara Baru NKRI setelah Makan Siang Gratis adalah KOPERASI Merah PUTIH.

That's it.

&gt;&gt;",Positif
Kita punya program makan siang gratis artinya apa ? BINATANGNYA KITA GEMUK'AN baru paham saya kalau Makan Siang Gratis untuk menggemukan binatang di Kebun Binatang.,Positif
"Polrestabes Palembang Bagikan Makan Siang Gratis Melalui Polsek Ilir Timur I

Polrestabes Palembang melaksanakan kegiatan sosial berupa pembagian makan siang gratis kepada masyarakat melalui jajaran Polsek Ilir Timur I Palembang . https://t.co/lla7lSkmbP",Netral
"˙⋆✮ 𝘍𝘙𝘌𝘌𝘉𝘐𝘌𝘚 𝘙𝘐𝘐𝘡𝘐𝘕𝘎 𝘓𝘖𝘜𝘋 𝘐𝘕 𝘑𝘈𝘒𝘈𝘙𝘛𝘈 by @hiumustknowme ˙⋆✮

What will you get ?
☆ Chocolate
☆ Soft Cookies

📍: ICE BSD Hall 5-6
📆 : 10 Januari 2026

How to claim:
~ Let's be moots!
~ RT &amp; Like are very appreciate
~ Limited qty

See u briize 💓 https://t.co/3ocEJ6bOqY",Positif
Mana nih makan siang gratis gua? (Hari ke465),Netral
"Dukungan gizi melalui Program Makan Bergizi Gratis membantu anak sekolah meraih prestasi, ibu hamil lebih sehat, dan lansia tetap produktif #MBG #IndonesiaEmas2045 https://t.co/pT5gvxuJik",Netral
"@LexMarteg Anak-anak bisa makan siang gratis. Tp mungkin gk bisa sarapan dan gk bisa makan malam krn telur dan ayam harganya melonjak. Daripada program MBG, mbok ya Sektor pendidikan dibenerin dulu supaya pola pikir anak-anak dimasa depan gk kaya anda😌",Negatif
"Polrestabes Palembang Salurkan Makan Siang Gratis Melalui Polsek Plaju Palembang

Sebagai wujud kepedulian terhadap masyarakat, Polrestabes Palembang kembali melaksanakan kegiatan sosial dengan menyalurkan makan siang gratis melalui jajaran Polsek Plaju https://t.co/CenHl0cXzG",Netral
"Kedepannya
Bakal banyak oranh kayak begini
Contoh
Anak anak pesantren nganu 
Orang orang miskin yg makin banyak hasil turunnya kelas menengah ke bawah

Pendidikan&lt;makan siang gratis
Kurikulum yg amburadul
Kan diajarin disekolah bakal jadi budak bukan pembelajar",Negatif
"Utk Adik2 Mahasiswa Aceh, Sumut dn Sumbar yg sdg kuliah diBogor dn sekitarnya. Klu blm dikirimkn uang utk makan krna musibah banjir,boleh DM MieAceh Semeru atau langsung brkunjung kelokasipukul 12.30-23.00 WIB makanan secara Gratis. Jgn kelaparan di perantauan
Hp 085771808883",Netral
Sehatkan badan cerdaskan pikiran dengan program unggulan Makan Bergizi Gratis Ayo kawal bersama distribusi nutrisi ini demi pemerataan kualitas pendidikan bagi seluruh anak Indonesia #MBG #IndonesiaEmas https://t.co/ruzUnPTUdB,Positif
"Kepala Rutan Kelas IIB Lubuk Sikaping menggelar coffee morning dan diskusi sebagai bentuk komitmen dalam mendukung Program Makan Bergizi Gratis (MBG) bersama jajaran pejabat struktural.

#RutanLubukSikaping #PemasyarakatanPastiBermanfaat #MakanBergiziGratis #Kemenimipas https://t.co/anp4bR9C0q",Netral
"Kemarin nemu komentar 02 voter kalau masalah aurelie itu salah aurelie sendiri dan orang tuanya karena kurang pendidikan, kalau tau pendidikan sepenting itu kenapa malah milih makan siang gratis daripada pendidikan gratis ya.",Negatif
"@dwikundoyo @hansssolo Ya, efisiensi sering difokuskan pada pemotongan anggaran (seperti Inpres 1/2025 yang hemat Rp 306 T), tapi efektivitas penggunaan memang krusial untuk hasil nyata. Pemerintah klaim prioritas program makan siang gratis dll. via realokasi, meski kritikus soroti kontradiksi dengan",Positif
"let i say again ""Gue gak butuh makan siang gratis dari pemimpin narsis""",Negatif
"Oooo buzzerRp MBG malah bilang ""syukur ada MBG, anak2 tetap bisa dapat makan gratis...""
Padahal gak ada makan siang gratis.",Positif
"Sudah tidak bisa dipercaya pasti ada apa2nya, apa2nya pasti ada, Gak Ada makan siang gratis ..",Negatif
"@dosenkesmas Ternyata jajanan pinggir jalan gak begitu buruk, dibanding makan siang gratis yang menimbulkan keracunan. Kembalikan kantin sekolah!",Positif
"@rvnthaliaa Setuju, akses pendidikan gratis seperti di Sekolah Rakyat bisa bantu putus kemiskinan. Program ini dari pemerintah Prabowo, tawarkan SPP, seragam, buku, &amp; makan siang gratis untuk anak keluarga miskin. Sudah resmikan 166 sekolah di 34 provinsi, layani ~16 ribu siswa. Tapi ada",Netral
cv ovo ke dana #zonauang,Netral
"Polrestabes Palembang Berbagi Makan Siang Gratis Melalui Polsek Ilir Timur I

Kepedulian terhadap masyarakat terus diwujudkan melalui aksi nyata. Polrestabes Palembang kembali menggelar kegiatan sosial berupa pembagian makan siang gratis 
 https://t.co/FZB7NP5o0G",Netral
"@ayam_sementara @ShiningScience Di Indonesia, program makan siang gratis (MBG) baru diluncurkan 2025 untuk atasi stunting, tapi masih hadapi tantangan seperti korupsi, keamanan makanan, dan konsistensi nutrisi. Jepang sudah mapan sejak 1947, dengan makanan segar, pendidikan gizi, dan inspeksi ketat. Indonesia",Positif
"“kita balas semester depan”, Uyy! MENDING KITA BALAS SEMESTER INI DENGAN IKUT KDMI NUDC GUYS 🤩🌟 hadir di BJM dan BJB loh‼️ benefit:
• sertif
• MSG (makan siang gratis)
• snack
• ilmu keren https://t.co/jeoJDNgdeC",Positif
"Momen Umat Katolik Bagikan Makan Siang Gratis Hingga Polisi Berikan Bingkisan Natal ke Anak-Anak

https://t.co/zpsnW5Z1zn",Netral
"PROJECT #KAIDAY2026 ; KAITRAKTIR JAGO &amp; FREEBIES 🤍

Dalam rangka merayakan #KAIDAY2026 kami akan bagi - bagi kopi jago gratis dan pastinya juga ada freebies gemes! 💛 

🗓️ Minggu, 18 Januari 2026
📍 Depan St. Sudirman
⏰ 13:00 WIB

‼️ LIMITED YA‼️

Jangan lupa datang. See ya on https://t.co/G55JKVLw1k",Netral
"Program Makan Siang Gratis,  
https://t.co/0sTCCyqsKN  
Apa Kendala Penerapannya?  

https://t.co/Achz2jGnP5  
5 Maret 2024",Netral
Fokus belajar jadi makin tajam berkat dukungan nutrisi yang sangat lengkap Makan Bergizi Gratis pastikan tidak ada lagi siswa yang kekurangan gizi saat menuntut ilmu di sekolah mereka #MBG #IndonesiaEmas https://t.co/2DNj6yMjNB,Positif
"TEMEN2 TOLONG BANTU RT YA🥺🙏

OPEN DONASI BERBAGI JUMAT BERKAH

Open berbagi rice bowl chicken katsu/teriyaki &amp; ayam geprek (bisa pilih ya mau berbagi menu apa), akan dibagikan ke masjid, ojol, pedagang, dan tunawisma. Tanpa minimal order ya, boleh banget berbagi berapapun💜 https://t.co/HqhfdvmdVE",Netral
"@jwtakarml Setuju, makan siang gratis di Sekolah Rakyat memang langkah bagus buat jamin gizi siswa, bantu mereka sehat &amp; fokus belajar. Program ini diresmikan Presiden Prabowo, dengan 104 sekolah permanen sedang dibangun. Tapi ada kritik soal biaya tinggi &amp; potensi segregasi. Semoga efektif",Positif
"Menko Pangan Zulkifli Hasal menegaskan bahwa operasional program Makan Bergizi Gratis (MBG) akan tetap berjalan normal selama bulan Ramadan. Untuk menyesuaikan ibadah puasa, pemerintah telah menyiapkan skema khusus mulai dari perubahan menu hingga waktu distribusi. https://t.co/gysJOXzDJB",Netral
"Polrestabes Palembang Bagikan Makan Siang Gratis Melalui Polsek Sako
Polrestabes Palembang melaksanakan kegiatan sosial berupa pembagian makan siang gratis kepada masyarakat melalui jajaran Polsek Sako Palembang.

@divisihumaspolri @multimedia.humaspolri @listyosigitprabowo #fyp https://t.co/LzaKsJkl2H",Netral
"Promo makan murah‼️
Mie gacoan ada voucher diskon shopeefood 100% &amp; voucher diskon resto 40%

• voucher diskon shopeefood 100% 
klaim disini: https://t.co/RO6P6y0H4N
• voucher diskon resto
klaim disini: https://t.co/X7oEDhiZHe

- shopeefood promo diskon februari https://t.co/yjUeBugsWp",Netral
"Inovasi dalam Program Makan Bergizi Gratis, terus dilakukan untuk mendorong Kecerdasan dan Kesehatan Anak, salah satunya di Sumatera Selatan, yg mendukung Menu Sehat Ramah Anak 👍 https://t.co/KmuNVon5MT",Positif
"kalau MBG itu gizi kenapa meracuni?
MBG ini janji kampanye, prabowo hanya sedang membayar janji itu

kampanye ini dulu diberi nama MAKAN SIANG GRATIS
lalu diubah jadi 
MAKAN BERGIZI GRATIS

apa yg tidak berubah? makan gratis.
proyek ini hanya berkutat pada ""prabowo memberi makan",Negatif
"""Gak semua makan siang itu berbayar! 
Ada juga makan siang yg gratis! 
Wakakakakka...!""

#Ngik https://t.co/USn6F54n4o",Positif
"Sejumlah pelajar dan guru Di Desa Loji Kecamatan Simpenan Kabupaten Sukabumi Jawa Barat, mengalami gejala keracunan tak lama setelah mengkonsumsi menu MBG (Makan Bergizi Gratis), Rabu (28/1/2026) siang. Para pasien diduga mengkonsumsi menu MBG yang sejak pagi viral di media https://t.co/ns3R7h8KaD",Netral
Mana nih makan siang gratis gua? (Hari ke467),Netral
"Polrestabes Palembang Bagikan Makan Siang Gratis Melalui Polsek Ilir Barat I Palembang

Polrestabes Palembang melaksanakan kegiatan sosial berupa pembagian makan siang gratis kepada masyarakat melalui jajaran Polsek Ilir Barat I Palembang . https://t.co/qDX2F6KRZo",Netral
Info makan siang gratis area BJB dong wal.,Netral
"Promo makan murah‼️
Mie gacoan ada voucher diskon shopeefood 100% &amp; voucher diskon resto 40%

• voucher diskon shopeefood 100% 
klaim disini: https://t.co/l6Je05rN4D
• voucher diskon resto
klaim disini: https://t.co/eezi0BHE9s

- shopeefood promo diskon januari awal tahun 2026 https://t.co/MLZHj8eIVK",Netral
Tubuh sehat jiwa kuat dan otak hebat berkat asupan makanan yang terjaga Program Makan Bergizi Gratis bantu ringankan beban ekonomi orang tua sekaligus cerdaskan anak bangsa tercinta ini #MBG #IndonesiaEmas https://t.co/bFuTvbZpNL,Positif
"Konsultan MAKAN SIANG GRATIS. 

Lanjutkann...!!! 

&gt;&gt;",Netral
"Jangan tergoda untuk mengiyakan apalagi menjalankan saran dalam postingan ini. Karena ""tidak ada makan siang gratis"", termasuk dalam hubungan. Percayalah, hampir semua interaksi yang terjadi sekarang bersifat transaksional.",Positif
"Bismillah temen-temen minta tolong bantu RT ya🥺🙏

Aku open berbagi rice bowl nasi gurih + chicken pop &amp; ayam geprek + nasi (bisa pilih ya menunya) untuk jumat berkah minggu ini.

Akan dibagikan ke masjid, panti, ojol, pedagang, &amp; tunawisma. Tanpa minimal order ya💜

📍Jakbar https://t.co/z22HuQe7GK",Netral
"Senyumnya nggak bisa bohong! Program Makan Bergizi Gratis (MBG) hari ini bawa kejutan burger lezat. Selain kenyang, anak-anak juga belajar mandiri menyiapkan makanannya. Alhamdulillah senang sekali! https://t.co/EoaPPUapfW",Positif
"To celebrate our last event and welcome new My Day,
we invite you to MY DAY NORAEBANG 🎤🎶

🗓️ Minggu, 1 Februari 2026
⏰ 13.00 WIB – selesai
📍Spill &amp; Bites Purnawarman
💸 FREE ENTRY
(Wajib beli minimal 1 makan &amp; 1 minum)

Let’s sing our hearts out and make new memories💃🕺💙 https://t.co/2N2RD6T0Og",Netral
"Gak harus ada unsur kasian, PS dah tau klo Gak ada itu namanya makan siang gratis.

Asal usul kalimat ini dr bar Amerika yg menawarkan makan siang gratis utk menjual minuman lbh mahal, kalimat ini dipopulerkan oleh bnyk ekonom.",Negatif
"Gaes, kalian tau nggak kalo Anggaran MBG sebagian besar diambil dari anggaran pendidikan? Based on data sekitar 44% dari total anggaran pendidikan dialokasikan untuk MBG 😌😌

""Nggak ada yg namanya makan siang gratis"" semua ada yg dikorbankan",Negatif
Makan siang gratis hari ini adalah yoshinoya (ekstra sambel minta ke temen).,Positif
"Rakyat di bodohin makan siang gratis emang dananya dari mana ? Dapat hutang ,di lebel maka siang gratis ? Yg bayar hutang termul ? SDA di rampok RRC , makan siang di jerat hutang RRC . Yang tangani makan siang istri Kapolri &amp; Waka polri  layak kasus  keracunan tidak di proses. https://t.co/qF90QL4vme",Negatif
"VOUCHER DISKON BERLAKU 1 FEB

diskon 99% 20k (20:00)
diskon 99% 30k (21:00)
diskon 99% 50k (22:00)
diskon 99% 100k (23:00)

Klaim voucher nya dulu https://t.co/ULUn6dmbbN
1 feb tinggal stay di keranjang https://t.co/ce8OsECIx1",Netral
"Promo makan murah‼️
Mie gacoan ada voucher diskon shopeefood 100% &amp; voucher diskon resto 40%

• voucher diskon shopeefood 100% 
klaim disini: https://t.co/RO6P6y0H4N
• voucher diskon resto
klaim disini: https://t.co/X7oEDhiZHe

- shopeefood promo diskon januari https://t.co/hyKhCx2pyX",Netral
"KALIAN SIBUK NGASIH MAKAN GRATIS BUAT ANAK SEKOLAH, KALIAN PIKIR SEMUA WARGA INDONESIA INI ANAK SEKOLAHAN? IBU BAPAKNYA KAN KUDU NYARI DUIT BUAT HIDUP JUGA PAK!! COBA FOKUS KALIAN JANGAN NGASIH MAKAN GRATIS, TAPI HARGA PANGAN MURAH DAN PENDIDIKAN GRATIS!! COBAAAAAAAAA!!",Negatif
Siapa menyingkirkan ? Diganti siapa dan ada hubugan apa? Emang ada makan siang gratis?,Negatif
mau netf 7 hari #zonauang️,Netral
"Gue paham sih secara logika orang yang ekonomi rendah dan barely survive bakal kegoda makan siang gratis. Tbh walau gue benci 02, tapi dia pintar manfaatin psikologi orang orang indo. Wong banyak kan orang yang mikir anak sekolah itu ga penting. Sing penting mangan 😕",Positif
Iya bener anak anak dapet makan siang gratis (yah ngga  gratis sih ngga bergizi gizi banget juga). Tapi ibunya tiap belanja semua muanya mahal mulai dari sayur protein. Nih buktinya 💁🏻. Ayam juga mahal udah nyentuh diharga 40k/kg https://t.co/gewPFcjCbt,Negatif
@MaulaniCika Makan siang gratis dari Polres Subang buat warga &amp; ojol 👏,Netral
"@melodyeess @badtertruth loh kok arahnya diapa apain si wkkwkw, dia cuman blg gada makan siang gratis doang lho",Negatif
"H-5 CLOSE PO 📢

Yuk bagi teman-teman yang berminat mempunyai merchandise edisi kali ini tapi belum order, langsung isi form di bawah yaa ⬇️
https://t.co/TJoZYKjhUy
 
Jangan sampai ketinggalan punya merchandise kece banget ini ✨🔥 https://t.co/5PzdRk8NIK",Positif
"Hmmm. Aku gatau ya ini mbaknya udah tanya langsung apa belum. Tapi SPPG sekolah adek2 aku emang dikasih tau ada 1-2 hari makanannya agak bebas (ayam tepung, burger, spaghetti) bukan yg diet sehat banget.",Negatif
"Wkwkwk... Sebuah harga utk president yg doyan gaya2n di luar. Ga ada makan siang gratis, woy. Bayar dgn duit sendiri, jgn pakai duit rakyat. Rakyat butuh hidup berkecukupan. Kalo ga bs urus negara, berhenti. Dah tercapai cita2-mu, kan? That's  enough. We don't need you anymore.",Positif
"Konsultan MAKAN SIANG GRATIS NKRI hargamat. 

&gt;&gt;",Positif
"Pendaftaran penerima Makan Bergizi Gratis dipastikan inklusif dan transparan sebagai bukti Kerja Nyata BGN dalam menjangkau seluruh lapisan masyarakat demi masa depan yang lebih baik 
#LanjutkanMBG

Promo Jakarta Surabaya Perkuat Percepat Kebijakan Saldo Sarwendah Dikuras Yakult https://t.co/lVdrfGiVEV",Netral
"Polrestabes Palembang Bagikan Makan Siang Gratis Melalui Polsek Ilir Barat I Palembang

Polrestabes Palembang melaksanakan kegiatan sosial berupa pembagian makan siang gratis kepada masyarakat melalui jajaran Polsek Ilir Barat I Palembang https://t.co/SBji0SULCv",Netral
"Ada momen lucu saat pelaksanaan program Makan Bergizi Gratis (MBG) di Solo, Jawa Tengah. Siswa minta menu ayam geprek sampai menambahi uang Rp 500. 😄 https://t.co/cF3F0DO7k9",Netral
"Jangan lewatkan momen buat makan enak bareng teman, keluarga, atau pasangan sambil menikmati berbagai pilihan dimsum lezat dan menu Chinese food favorit dengan harga lebih hemat hanya dengan menunjukkan ID Card UIB kamu 🍜🥢

📅 Promo berakhir: 31 Januari 2026",Positif
"Jangan lewatkan momen buat makan enak bareng teman, keluarga, atau pasangan sambil menikmati berbagai pilihan dimsum lezat dan menu Chinese food favorit dengan harga lebih hemat hanya dengan menunjukkan ID Card UIB kamu 🍜🥢

📅 Promo berakhir: 31 Januari 2026",Positif
"@Hera_puff Kalau mau, setiap hari ada makan gratis di warung sedekah subuh Dinoyo deket meteor. Pagi tapi ya. Boleh bungkus dg wadah sendiri",Netral
"@Hera_puff @infomalang coba kepoin ig @warungmakangratis_azzahra kak, biasanya sering berpindah tempat utk lokasi makan gratis.
Kemudian di masjid Nur Inka (Bintal Jarahdam V Brawijaya)/dkt alun2 tugu biasanya disitu ada jg setiap hari &amp; sering live di tiktok merekanya.",Positif
"@bimadwimukti @KangManto123 Berdasarkan data hingga Januari 2026 dari sumber beragam (pemerintah, media seperti Tempo &amp; BBC):

- Makan Siang Gratis: Terealisasi sebagai Program Makan Bergizi Gratis (MBG) untuk 55 juta penerima, meski ada isu distribusi &amp; anggaran.
- Kesehatan Gak Bayar: Parsial, dengan cek",Netral
"HELP RT

Hallo, aku open titip berbagi jum'at berkah makanan ""Rice Bowl Ayam Teriyaki"" 

💸 10.000/porsi (tdk ad minimal pembelian)

Makanan akan dibagikan ke masyarakat sekitar yg membutuhkan/pekerja dijalan ya. Yuk yg mau titip bisa dm or lgsg wa aku yuk😍 https://t.co/2CA2UmzH2z",Positif
"@FFOODFESS Bubur kacang hijau tanpa santen, nasi tim, atau nasi ayam hainam",Positif
Absenk disinii nyang maw ikut misinya akang!!! 🫵☝☝👇👇👇👇👇,Netral
Memang sih di Jepang ada program makan siang gratis. Tapi tuh kebijakan yang lain udah jalan dengan baik dulu.,Negatif
"https://t.co/ZP1EPn90zU  
Program Makan Gratis Negara-Negara Asia,  

https://t.co/iUHuHr48jC  
29 Februari 2024",Netral
"Polrestabes Palembang Bagikan Makan Siang Gratis Melalui Polsek Ilir Timur I

Polrestabes Palembang melaksanakan kegiatan sosial berupa pembagian makan siang gratis kepada masyarakat
                 https://t.co/usuBuRCjHj",Netral
"Program Makan Bergizi Gratis tetap berjalan selama Ramadhan 2026. Menko Pangan Zulkifli Hasan menyatakan pembagian dan menu akan disesuaikan dengan kondisi murid yang berpuasa. Untuk siswa muslim, makanan dibagikan dalam bentuk makanan kering, sementara sekolah nonmuslim berjalan https://t.co/cxJTNXIKDK",Netral
"Polrestabes Palembang Bagikan Makan Siang Gratis Melalui Polsek Sako

Polrestabes Palembang melaksanakan kegiatan sosial berupa pembagian makan siang gratis kepada masyarakat melalui jajaran Polsek Sako Palembang.

                 https://t.co/jUah3Lyty3",Netral
"OPEN TRIP KOTA PALEMBANG
📍kumpul di jembatan ampera
Sarapan pempek 1000 di kampung kapitan
Ngemil pagi pempek beringin
Makan siang pempek vico
Ngemil sore pempek tumpah 16 ilir
Makan magrib pempek di 26 ilir
Makan malam pempek candy 
Ngemil tengah malam pempek dempo

HTM free!",Positif
"baru sadar setelah melihat akun ibu-ibu penjual nasi uduk, gorengan dan lontong sayur yg buka sejak subuh. mereka tidak hanya bekerja, tapi juga menyediakan sarapan praktis murah, terutama anak sekolah. keberadaan yg memudahkan orang lain. peran yg signifikan dalam kehidupan. 🥰",Positif
"Makan Bergizi Gratis: Begini Amanah Al-Qur’an
#prabowo #mbg
https://t.co/tdJNKNai2P",Netral
"Hari ini makan siangnya ""fine dining"" dan bergizi, tapi nggak gratis. Ya karena sejatinya memang tidak ada makan siang yang gratis kaaannn...",Positif
"Bayar harga ikan sahaja, selebihnya termasuk nasi putih, ulam-ulaman, budu, sambal belacan dan minuman sirap disediakan secara percuma.

https://t.co/PM3D9tR5dB https://t.co/f0CeTwygQo",Positif
"Polrestabes Palembang Bagikan Makan Siang Gratis Melalui Polsek Ilir Barat I Palembang

Polrestabes Palembang melaksanakan kegiatan sosial berupa pembagian makan siang gratis kepada masyarakat melalui jajaran Polsek Ilir Barat I Palembang  https://t.co/xKEsndFWGB",Netral
"Ada 444.275 sekolah se-Indonesia, dari PAUD hingga SLB di bawah Kemendikdasmen yg mutunya empot-empotan.

Kenapa bujetnya malah dipangkas hampir setengah buat makan siang gratis?",Negatif
"Diskon s.d 50% &amp; gratis ongkir jajan murah di shopeefood‼️

Ayam Crisbar
• https://t.co/kBHBX8LkoX

SeIndonesia
• https://t.co/ISonZJdqrB

Ayam Geprek gold chick
• https://t.co/6kKKSmDQ27

Hokben
• https://t.co/bTZg01byQv

- wts shopeefood januari 2026 https://t.co/ANEdyoS0mM",Positif
"Polrestabes Palembang Salurkan Makan Siang Gratis Melalui Polsek Plaju Palembang

Sebagai wujud kepedulian terhadap masyarakat, Polrestabes Palembang kembali melaksanakan kegiatan sosial
                 https://t.co/dYoIRMHbc6",Netral
"Jd kalian gk suka anak anak indonesia dikasih makan siang gratis? Nggak suka anak anak di daerah terpencil bisa makan? Salahin programnya, bukan presidennya 🫶🏻☠️🫶🏻☠️🫶🏻☠️🫶🏻☠️😩☠️😩☠️🫶🏻",Negatif
"️️ ️️ 
️️ ️️

KALANA RIMBA, 1999
Dimasakkin sih, Kak. Tinggal makan, gratis pula. Lagi eksperimen bikin apa akhir-akhir ini? 

️️ ️️ 
️️ ️️",Positif
"@haecxhen MAU DONG ABANG, JAE PENGEN SARAPAN GRATIS",Netral
"@Untuk_Pelupa Haha, ide kreatif! Tapi kalau mau makan bergizi gratis yang lebih aman, coba program pemerintah seperti bantuan pangan atau kantin sekolah. Atau, volunteer di acara amal—sering ada makanan gratis. Jangan lupa, kesehatan dulu ya! 😊",Positif
"MAKAN ENAK MURAH🤗
Sebelum order makanan Klaim dulu diskon nya biar lebih murah

Check akun masing""⤵️
🔗https://t.co/02CePgiAW4

1. Klik Promo
2. ⁠Klik Check Sekarang
3. ⁠Dapat Vouchernya Klik Pakai
4. ⁠Pilih makanan sesuai selera",Positif
"@tanyakanrl MBG sekarang dapetnya dari Senin – Sabtu nder. Senin – Jumat: nasi, sayur, lauk, buah
Sabtu: snack kering",Netral
"Minta tolong bantu RT ya🥺🙏

Aku open berbagi rice bowl nasi gurih + chicken pop &amp; ayam geprek + nasi (bisa pilih ya menunya) untuk jumat berkah minggu ini.

Akan dibagikan ke masjid, panti, ojol, pedagang, &amp; tunawisma. Tanpa minimal order ya💜

Close malam ini jam 23.00 https://t.co/EEiNPBlXdZ",Netral
"Bismillah temen-temen minta tolong bantu RT ya🥺🙏

Aku open berbagi rice bowl nasi gurih + chicken pop &amp; ayam geprek + nasi (bisa pilih ya menunya) untuk jumat berkah minggu ini.

Akan dibagikan ke masjid, panti, ojol, pedagang, &amp; tunawisma. Tanpa minimal order ya💜

📍Jakbar https://t.co/KE3IvQuN19",Netral
"Makan Bergizi Gratis tetap berjalan selama puasa Ramadan! 🍱⁣
⁣
Kepala Badan Gizi Nasional, Dadan Hindayana, sampaikan bahwa menu MBG nanti berbentuk siap saji yang bisa tahan sampai waktu berbuka puasa. Jadi, makanan bisa dibawa pulang ke rumah dengan tetap layak konsumsi. BGN https://t.co/owmZciftP6",Positif
"@UNDIP_FESS Tahu gimbal, mie kopyok, nasi ayam semarangan",Positif
"Pemerintah pastikan program Makan Bergizi Gratis (MBG) tetap berjalan selama Ramadan 2026. Guna mendukung siswa berpuasa, menu kini disesuaikan menjadi paket makanan kering yang praktis. Kira-kira menunya apa saja ya? Yuk, geser sampai slide akhir!

Update berita selengkapnya di https://t.co/1qQ7ccReMP",Netral
"Ingat ""Tidak ada makan siang yang gratis"", kondisi sekarang adalah harga yg dibayar untuk makan siang gratis itu, besok-besok lg klo ada embel-embel gratis pertimbangkan baik-baik, kira-kira apa yg akan dikorbankan utk bayarnya, umumnya kemanusiaan dan keadilan. Pikirkan lagi!",Negatif
"Polrestabes Palembang Bagikan Makan Siang Gratis Melalui Polsek Ilir Timur I

Polrestabes Palembang melaksanakan kegiatan sosial berupa pembagian makan siang gratis kepada masyarakat melalui jajaran Polsek Ilir Timur I Palembang sebagai bentuk kepedulian Polri terhadap warga https://t.co/5QabCGaDzR",Netral
"@rafanthar @tanyakanrl Ya, menurut berita viral, di salah satu sekolah di Bekasi, menu Program Makan Bergizi Gratis (MBG) termasuk susu kental manis (SKM) dalam plastik, plus pisang dan ubi setengah potong. Pihak sekolah klarifikasi bahwa itu menu kering untuk satu hari, bukan dua. Cek sumber resmi",Negatif
Buat mahasiswa perantauan yang terdampak kalau mau sarapan di buburkopiroti bisa klaim sarapan gratis sampai tanggal 7 Desember 2025. Cuma nunjukin identitas aja. https://t.co/C8lGbtd3oS,Netral
"@ferizandra MAKAN BERACUN GRATIS.
GIZINYA DENGAN BELATUNG DAN DENGAN DAGING SENSASI BUSUK!",Negatif
"Kepala Badan Gizi Nasional (BGN) Dadan Hindayana mengungkapkan, menu program Makan Bergizi Gratis (MBG) akan disesuaikan selama bulan Ramadhan 2026.

Baca di sini: https://t.co/xC2m4IZlVz

~AA #BGN #MBG #MenuRamadhan https://t.co/eqaIvvhsUN",Netral
"Buuuuk
15rb itu janji awalnya pas tajuknya makan siang gratis.
Sekarang yang jalan MBG bu, anggaran cuma 10rb.

Terus ibuk juga harus paham bahwa ini memang tujuannya mengembalikan dana kampanye kader melalui jalur aman mengeruk APBN.

Ibuk jangan ngecoki ya!",Negatif
"MAKAN ENAK MURAH‼️
 
Rabu Hemat! 🍱✨ Makan siang enak nggak harus mahal.

Check akun masing2 diskon berapa
👇🏼
🔗https://t.co/OOly33IYhd

1.Klik Promo
2.Klik Check Sekarang
3.Dapat Vouchernya Klik Pakai
4.Pilih makanan sesuai selera https://t.co/Ueo7zB7flA",Positif
Pemerintah memastikan Program Makan Bergizi Gratis (MBG) tetap berjalan selama bulan Ramadhan 1447 Hijriah dengan penyesuaian mekanisme layanan bagi peserta didik dan kelompok penerima manfaat.https://t.co/NAiu8HqEfB,Netral
"Tahukah kamu...
Ini adalah Makan Bergizi Gratis 

Dari judulnya aja saya tergiur 
Untuk turut serta mendukung program ini
Anak-anak akan dapat Makan Bergizi dr subsidi pemerintah 

Dan.. taraaaaaa...
Mmng sehat
MBG hari pertama 
Nasi
Tempe
Ikan tuna
Sayur
Buah https://t.co/5i6Vz8js2l",Positif
"1. Batasan yang aku buat, kalo ada orang asing yang minta tolong berhubungan sama duit, selalu cari pendapat orang ketiga dari temen/keluarga.
2. Ada jeda bantuin, jadi ada jeda buat mikir.
3. Gak ada makan siang gratis atau too good to be true, klo asalnya gak jelas.",Negatif
"Gubernur Jawa Timur, Khofifah Indar Parawansa, secara resmi mengajak seluruh jajaran Ikatan Alumni Universitas Airlangga (IKA UNAIR) untuk bersinergi menyukseskan program nasional Makan Bergizi Gratis (MBG). https://t.co/iMXDB8Gve1",Netral
"Giving you all for free DENGAN SYARAT:
1. Kirim foto copy resep latest (jangan lupa buat sensor rekam medis) 
2. Ongkir ditanggung sendiri
DM YA!!🤗🤗",Netral
Faves? Check. Daily essentials? Check. Free gift? Double check! ✨ Stock up &amp; snag your free gifts with purchase before it’s gone! From 28 Jan – 24 Feb 2026 only!  https://t.co/01D0c43SKz https://t.co/oMILvzyR5F,Netral
"kamu udah ga sekolah lagi? ooooo, ya..ya.. ga ada biaya ya? ya udah gapapa, yang sabar ya, negara ini baik kok, nih makan siang gratis.",Positif
"@persebayaupdate Makanan Bergizi Gratis ❎️❎️
Malik Bruno Gali ✅️✅️",Netral
"Badan Gizi Nasional menegaskan bahwa; menu Makan Bergizi Gratis yg diterima oleh anak anak sekolah penerima manfaat hanya diperkenankan dimakan di sekolah. Kerja Nyata aturan ini untuk tetap menjaga kualitas dan keamanan MBG.

#LanjutkanMBG 

Pagii #hujan Trading Halt
#LMSY MSCI https://t.co/zUR1iEkaC7",Netral
"🔔 Catat tanggalnya, jangan sampai ketinggalan ya!!!
🗓 29 – 31 Januari 2026

⏰ Kesempatan terbatas! Jangan sampai nyesel karena kelewatan lagi yaa 😣",Negatif
"Pidie udah banjir lagi. Tapi pemerintah justru masih enggan buat menetapkan banjir jadi bencana nasional. Mereka terlalu sibuk dengan makan siang gratis yang sebenarnya jauh dari kata bergizi itu. For the umpteenth time, kenapa aku wni.",Negatif
"Polrestabes Palembang Bagikan Makan Siang Gratis Melalui Polsek Ilir Barat I Palembang

Polrestabes Palembang melaksanakan kegiatan sosial berupa pembagian makan siang gratis kepada masyarakat 
                 https://t.co/SlggQ0tjz6",Netral
"ᅠ
ᅠ

Selamat pagi, jangan lupa Makan Bakmie Gratis. (Dimasakin sama Bibi!) 
ᅠ

ᅠ https://t.co/gfJcA8MedJ",Positif
"𝗝𝗨𝗠'𝗔𝗧 𝗕𝗘𝗥𝗞𝗔𝗛: Hayo siapa yang pengen makan Takoyaki gratis? Mau makan sendiri? Berdua? Satu rombongan? Bebas! Ayo kamu (MUSE) ambil segera makanan ini, stok tidak banyak. Sila QRT, baik itu tag uname yang mau diajak makan bersama atau mau makan sendiri, Yuk makan~ 🐙 https://t.co/n1LaqkNxmR",Positif
"yokk yang belum war 

Saos delmonte(gratis)
https://t.co/ZvFoY2nCoE
Kapas(gratis)
https://t.co/SdvzCfVCXS
Pop mie(gratis)
https://t.co/fqz9hHOR0U
Kecap(gratis)
https://t.co/Ruknrt3YFx
Cadburry(gratis)
https://t.co/z0Sg7xCSuH",Netral
"Menteri Koordinator Bidang Pangan, Zulkifli Hasan memastikan program Makan Bergizi Gratis (MBG) tetap berjalan selama Ramadan mendatang. Ada penyesuaian menu MBG yang akan dibagikan nanti.

https://t.co/cc2btHEpcY https://t.co/5KsNSKS7I0",Netral
Pemerintah pastikan program Makan Bergizi Gratis (MBG) tetap berjalan selama Ramadan dengan penyesuaian menu dan waktu pembagian untuk penerima manfaat. https://t.co/jRKMYAEJ5n,Netral
"PROYEK MAKAN BERACUN GRATIS 

DIGARANSI ALLAH 
DIGARAP IBLIS, POCONG, GENDRUWO, KUNTILANAK MERAH dan KUYANG https://t.co/dYQqSnysWM",Negatif
"DISKON BLIBLI 100% 10RB ⏱️21:00
(bisa gratis)

SESI TERAKHIR HARI TERAKHIR ‼️

Kode promo : BLI100-BPDJAN26

✅ALL USER blibli
📍no minbel 📍jatah 1x perakun
📍Khusus Produk Bertanda payday

Rekomendasi Produk :
Bliblimart 
https://t.co/0I8T0MKBqg
Indomie (gratis) https://t.co/AtK3xlUB2E",Netral
"Hai, minta tolong bantu RT ya🥺🙏

Aku open berbagi rice bowl nasi gurih + chicken pop &amp; ayam geprek + nasi (bisa pilih ya menunya) untuk jumat berkah minggu ini.

Akan dibagikan ke masjid, panti, ojol, pedagang, &amp; tunawisma. Tanpa minimal order ya💜

Close malam ini jam 23.00 https://t.co/33acAJ8O4L",Netral
Makan Siang Mewah Tetap Hemat dengan Lunch Package Incanto Restaurant https://t.co/To9ZIPoWJe,Positif
"ㅤㅤㅤㅤㅤ
ㅤㅤㅤㅤㅤ
( pemberian makan sore )
ㅤㅤㅤㅤㅤ
ㅤㅤㅤㅤㅤ",Positif
"Jahat banget kan ya... dia lebih memprioritaskan program yang cuma jadi sampah. 

Dari sekian puluh siswa dalam 1 kelas, hanya beberapa yang bener-bener menikmati sajian makan siang gratis itu. Lainnya? Cuma dibuka, dilihat, lalu dituang dalam kotak bekal. Habis itu dilupakan 😔",Negatif
yang minat mbg makan bakmi gratis bisa mampir ke tenda hijo kuning ini! &gt;____&lt; tempat bersih pelayanan ramah ⭐️⭐️⭐️⭐️⭐️ https://t.co/zasoMfVm4l,Positif
"RAPBN 2026 resmi disahkan dengan 29 persen anggaran pendidikan atau 223 T dialihkan untuk MBG. 

Bandingkan dengan anggaran beasiswa, guru non PNS, dosen non PNS dan ASN daerah yg digabung hanya 91,4 t, padahal pendanaan MBG diambil dari porsi wajib 20% APBN untuk pendidikan. https://t.co/mOlNs5asrN",Netral
"REPUBLIK KLAIM

Kok mirip dgn ""klaim"" MBG 99,9 % berhasil ya ?!  😁

Polanya kembar fraternal.

Tentu yg mirip bukan substansinya, tp gaya klaimnya :

1. Klaim besar  | dampak kompleks.
2. Tanpa indikator terukur.
3. Tanpa mekanisme verifikasi.
4. Tanpa relasi sebab - akibat yg https://t.co/hE8z1O2KUm",Negatif
"@Aswicahyono Itu anggaran tingkat nasional aja mas. Kemendagri memerintahkan setiap daerah mengalokasikan dukungan APBD kepada program MGB dan itu bersifat mandatory, terutama untuk program pengawasan MBG, 
dampak keracunan, dll. Ketemu dengan pejabat di daerah kepulauan yg makin pusing",Negatif
"Sudah banyak contoh makanan MBG yg bermasalah..
Katanya pula BGN sudah menindak SPPG yg ga layak, tapi ga ada perubahan tuh..

MBG ini buang² uang negara.. https://t.co/BtHf5fm7cG",Negatif
"Setahun sejak program MBG berjalan, kritik terhadap pelaksanaannya belum mereda. 
Meski begitu, pemerintah justru menaikkan anggarannya drastis. 

Pada 2026, anggaran MBG melonjak empat kali lipat menjadi Rp335 triliun, atau sekitar Rp1 triliun per hari. 

Ketika status MBG https://t.co/hpcoCdyl2L",Netral
Indonesia to allocate Rp335 trillion for MBG in 2026. https://t.co/i4Nsa02BKq,Netral
"Seorang ibu mengaku syok setelah mengecek MBG milik anaknya. Ia menilai kualitas MBG dari SPPG tersebut perlu di evaluasi agar tidak dimanfaatkan untuk korupsi. Melalui media sosial, sang ibu menandai Presiden agar menghentikan MBG demi mencegah potensi korupsi.

Terwakilkan https://t.co/OGhL6vC3wF",Netral
"Saya dari awal nggak setuju dengan MBG. Dan logika seperti di video ini menurut saya tidak benar.

Tanpa MBG, uang yang disebutkan ini sudah berputar di masyarakat. Selama ini semua pelajar juga sudah makan siang.

MBG hanya mengalihkan omset dari pedagang kecil ke pengusaha MBG https://t.co/jXX55PKUFd",Negatif
"Satu tahun MBG.
Anggaran membengkak, fiskal makin rawan.
Lebih dari 100 yayasan mitra diduga terafiliasi lingkar pejabat.

Program gizi berubah jadi proyek rente.
Perut katanya kenyang, negara yang masuk UGD. https://t.co/1vb57RN6Zn",Negatif
"Pak @prabowo apa betul dampak MBG seperti ini, yg kaya semakin kaya, yg miskin semakin miskin 😴 https://t.co/e0o5YQ2wsX",Negatif
"salut pada Polri Grobogan, tindakan sigapnya atasi dampak MBG sangat ditunggu https://t.co/ErE9E9KfiN",Netral
"studi banding jepang ke indo, terkait MBG. itu bukan prestasi ya... tapi mempermalukan diri sendiri. 

fakta yang akan terkuak, oleh jepang. di banyak sekolah yang menerima MBG, guru-gurunya dibayar underpaid. 
MBG memakan anggaran pendidikan, hingga 1.2 T per hari.

jepang bakal https://t.co/ymRxkfGsN9",Negatif
"Di bawah 👇🏼👇🏼

📁 Banyak
https://t.co/WFdJ7sT2Kr
📁 PANJ4NG
https://t.co/5H5IY8qZTF
📁 BARAT
https://t.co/hnFvy0xWnY
📁 ABG
https://t.co/tlfzPzsgLG
📁 Bidan 
https://t.co/MFkdnKPEMp",Netral
"MBG katanya tidak wajib.

Sekarang tinggal nunggu:
ada gak sekolah yang cukup punya keberanian untuk menolak program MBG di sekolah mereka?

Program ini seharusnya dimulai dari daerah 3T yang selama ini cuma kebagian janji, bukan prioritas.

Kalau MBG benar-benar fokus ke daerah https://t.co/7zA5OgEhrV",Negatif
"PROYEK ""MAKAN BERBAYAR"" (TAK GRATIS) | 

Saya memilih istilah itu, krn pada dasarnya proyek ini tidak pernah gratis.

Ia sepenuhnya bersumber dari uang rakyat, hanya dikemas ulang dgn narasi ;

KEDERMAWANAN NEGARA.
____________________________

RAPBN 2026 yg memuat anggaran MBG https://t.co/mdIzb4pqNZ",Positif
"@MurtadhaOne1 Proyek MBG adalah salah satu dari 17 tujuan global yang dikemas dengan istilah Pembangunan Berkelanjutan. 

Setelah SPPG dianggap cukup untuk menyalurkan makanan atau produk yang nanti akan disuplai oleh tangan hitam pemerintah. 

Lalu, pandemi jilid 2 aktif kembali. https://t.co/kvioXNp8LS",Netral
"PERINGATAN DINI BMKG UNTUK CUACA INDONESIA
28 - 30 JANUARI 2026 https://t.co/RTcH2ZOJNA",Netral
"MBG ini memang proyek yang mengada-ada. Ia tidak bergizi, tidak gratis, tidak tepat sasaran, tidak mencerdaskan, tidak adil, dan hanya memperkaya sekelompok orang. Padahal masih banyak yang lebih urgent yang harus dilakukan oleh pemerintah.",Negatif
"Assalamu'alaikum, #SahabatSehat... 

Program MBG Tunjukkan Dampak Positif, Dinkes P2KB Provinsi Gorontalo Catat Penurunan Gizi Kurang

https://dinkes.gorontaloprov.go,id/program-mbg-tunjukkan-dampak-positif-dinkes-p2kb-provinsi-gorontalo-catat-penurunan-gizi-kurang/ https://t.co/xMzXDoUEAO",Netral
"PERINGATAN DINI CUACA INDONESIA BMKG
31 JANUARI - 02 FEBRUARI 2026 https://t.co/hEvJ7vY73z",Netral
"::
Bulan Puasa MBG tetap dibagikan pada siswa sekolah, cara pemerintah mengganggu akidah Islam.
Dari dana MBG brp persen keuntungan yg diambil paksa oleh istri dan anak pejabat yg ikut bermain per hari.?
*video AI

#RakyatBergerakRevolusi
•• https://t.co/52w7GTE9Op",Negatif
"Segudang janji omon2. Sekolah gratis dan PTN gratis saja gak jalan. 

Yang ada PTN makin mahal. Kenapa? 344 T dari 665 T anggaran pendidikan dipakai untuk MBG. 
#MBGPembawaBencana 

MBG itu program kampanye Prabowo Gibran 2029. Mencuri
#MBGPembawaBencana https://t.co/cNAaVuTkI1",Negatif
"MBG biang petaka.
Setelah banyak anak keracunan MBG, sekarang anak-anaknya ditabrak mobil MBG. https://t.co/JWclPkZUh2",Negatif
"@indaho_indah Kutipan nya sok2an mementingkan Pendidikan, padahal MBG sendiri adalah program penghambat Pendidikan di Indonesia (memotong 30% anggaran Pendidikan)

Anggararan 1 Triliun per hari malah dipakai hal sekali makan jadi tai 💩 cuma demi proyek balas budi ke pendukung era pemilu biar https://t.co/OV13A5N7sk",Negatif
"Kritik untuk perbaikan MBG perlu dan harus, tapi jangan sampai kritikan yg ada malah menghilangkan fakta dampak positifnya https://t.co/YiQKmFFgOv",Negatif
"💚 TW // PDD
guys.. jangan masuk pdd... kalo ditanyain bisa desain atau dokum.. jawab aja gabisa.. JANGAN coba coba masuk pdd.. kalau kalian.. tidak mau gila.. hahaha.. HAHAHA... HAHAHAHAHAHAHAHAH... HAAHAHHAHAHAHAHAHAHAHAHAHAH https://t.co/WSUhrwBXfj",Negatif
"Waspada antek asing
Demo ditunggangi koruptor
Kabur Aja Dulu? Kabur aja lu
Kasus keracunan MBG cuma 0,00017%
Apa itu deforestasi? Sawit juga pohon
Bencana cuma di 3/38 provinsi
Selamat Tahun Baru 2021

Dalam sejarah, raja yang incapable justru dipertahankan untuk dimanfaatkan.",Negatif
"@Naz_lira Kurang Bodoh apa lagi...
1. Merusak alam (dampak keberlanjutan)
2. Meracuni generasi Bangsa (MBG)
3. Duduk bersama penjajah (Board of Pricks)
Semoga bangsa ini terhindar dari bencana, karena memiliki pemimpin yg bodoh... https://t.co/o6iJftn4jO",Negatif
"BGN akan Ukur Dampak Pelaksanaan MBG setelah Setahun Berjalan

https://t.co/CSPFAxzaJu",Netral
"Penolakan dan narasi kritik terhadap MBG mulai surut mengecil,
bukan karena persoalan mendasarnya selesai,
tetapi karena manfaat jangka pendeknya mulai dirasakan langsung di sekolah-sekolah. 
Inilah rumus klasik kebijakan populis yang sering dikawatirkan Prof. @BurhanMuhtadi https://t.co/o2D5M5dP88",Positif
"Kalau targetnya cuma rendahnya keracunan, ya buat apa ada MBG yang dananya setinggi langit? Serahkan saja pada pedagang2 kecil yang makin dirugikan setelah ada MBG (karena anak-anak berhenti jajan pada mereka). 

Bukankah dana gedhe itu targetnya gizi yang jauh lebih baik? https://t.co/4DdAKkyS06",Negatif
"⠀⠀⠀⢀⣠⣤⣤⣤⣀⡀⠀⠀⠀⠀⠀⠀⠀⠀⠀⠀⢀⣀⣤⣤⣤⣄⡀⠀⠀⠀
⠀⠀⣼⠋⠁⠀⠀⠀⣉⣿⣷⣶⣿⣿⣿⣿⣿⣿⣶⣾⣿⣉⠀⠀⠀⠈⠙⣧⠀⠀
⠀⠀⣿⠀⠀⢀⣴⣿⣿⣿⣿⣿⣿⣿⣿⣿⣿⣿⣿⣿⣿⣿⣿⣦⡀⠀⠀⣿⠀⠀
⠀⠀⠹⣆⣴⣿⣿⣿⣿⣿⣿⣿⣿⣿⣿⣿⣿⣿⣿⣿⣿⣿⣿⣿⣿⣦⣰⠏",Netral
"MBG berhasil koq pak.
- Berhasil mensejahterakan pejabat dan kroninya.
- berhasil nambahin utang negara
- berhasil memunculkan 16.000 kasus keracunan .
😁 https://t.co/xcoTOEFoD8",Positif
"Anak tidak ke sekolah.
Tapi MBG tetap jalan, terus yang makan siapa? Petugas MBG-nya?
Sudah tidak efisien, tidak pula tepat sasaran. Tujuan tidak jelas, uang rakyat dihamburkan untuk jadi tai doang. 👍",Negatif
"@DS_yantie Makin jelas klo MBG ini cuma proyekan yg penting abis anggaran doang. Gak tepat sasaran, gak tepat waktu, gak tepat tujuan. Tolol yg ngebelain.",Negatif
yg kontolny gede dm dong,Negatif
MBG : Makanan (yg belum tentu) Bergizi (bahkan bisa beracun) dan Tidak Gratis krn dibiayai dari pajak rakyat dan dng memangkas hak rakyat di sektor lain.,Negatif
"Dampak Keracunan Tahu Berjamur MBG Meluas, Dinkes Fokus Tangani Korban https://t.co/Z9asvJyAfO",Netral
"@Dospemz Padahal ngomongnya diawal MBG ini salah satu bentuk untuk memutar ekonomi masyarakat gt. Banyak tenaga kerja dan pembelian bahan makanan

Tp realitanya kan jd bisnis bagi yg berpunya ya? Janji perputaran ekonomi level bawah ga ada, pun gaji buat pegawai mbg gak semuanya lancar 🤷🏼‍♂️",Negatif
"PERINGATAN DINI CUACA BMKG.
22 - 23 JANUARI 2026 https://t.co/fFUyzaxLYX",Netral
"Baca komenter di twit saya yang ini, rasanya jadi sia2 selama 10 tahun saya tunjukan cara mengkritik yg benar. 🤦‍♂️😅

Padahal saya cuma mengutip data, dan dari data itu saya proyeksi dan dibangun argumen dampak lain MBG akan berkontribusi besar ciptakan lapangan kerja.

Bukan https://t.co/nHukaJRLl3",Negatif
"Belum sempurna memang, tapi program MBG ini membawa dampak positif baik bagi penerima manfaat maupun pada ekonomi lokal dan nasional, seperti program Budiman Sudjatmiko yg punya target dan multiper effect https://t.co/iZ8xTzAVhx",Positif
"MBG ini seperti mindah kebocoran. Dari kebocoran di lembaga dan kementrian, diratakan ke dapur2 MBG. Gimana dampak ekonomi-nya? Purbaya bingung 😀",Negatif
"Total anggaran pendidikan nasional (2026): 
± Rp 757,8 triliun

Anggaran MBG dari pendidikan: ± Rp 335 triliun

Persentase dari anggaran pendidikan: ± 44,2 %

WASPADAI DAMPAK SISTEMIK MASA DEPAN BANGSA DAN NEGARA KETIKA ANGGARAN PENDIDIKAN DIPAKAI MASIF UNTUK PROGRAM LAIN",Netral
Dukungan dari masyarakat makin besar setelah lihat sendiri dampak MBG di sekolah #ManfaatMBG https://t.co/lVBWtkvuJW,Negatif
"Guru honorer dipecat kepsek dan digantikan oleh adek kepsek yg baru lulus pegawai p3k pw.

Sementara presidennya sibuk mengkampanyekan keberhasilan penyaluran MBG.
Bukan keberhasilan dampak dari MBG. https://t.co/A28KsYFUVl",Negatif
"Setahun Berjalan, Program MBG Telah Serap 800 Ribu Pekerja ‼️

Wakil Menteri Keuangan Thomas Djiwandono menerangkan bahwa program MBG memiliki dampak ekonomi yang sangat besar. Menurut catatannya, kebijakan tersebut telah membuka hampir 20 ribu Satuan Pelayanan Pemenuhan Gizi https://t.co/8n8JusRLvg",Netral
terima kasih Polri Grobogan udah siaga antisipasi dampak keracunan MBG https://t.co/hjImxCbefL,Netral
"Harus diakui, edan jg dampak MBG ini dipenyerapan naker.

Dampak langsung di SPPG saja serap 800ribu pekerja (2025).

Jika jumlah pekerja linier dg anggaran, maka tahun ini akan ada 4juta pekerja di SPPG.

Target 19jt lapangan kerja bakal terwujud ini 😁
 https://t.co/7wtfYpdbRV",Negatif
"Dampak MBG terasa ya, tetangga gue skrg kalo pulang sekolah yg ditanya ""tadi makannya apa?""
Bukan lagi ""tadi belajar apa?, dapet nilai berapa?""",Negatif
"Dampak nyata MBG: gizi cukup = tumbuh optimal, prestasi meningkat, generasi sehat &amp; cerdas. https://t.co/m7OhfVQU6x",Positif
Masyarakat lumajang nikmati dampak positif program mbg https://t.co/UyG0DqVOOd,Netral
"Pemerintah menyiapkan evaluasi dampak Program Makan Bergizi Gratis (MBG) dengan menekankan pentingnya ketepatan data penerima manfaat sebagai dasar pengukuran hasil program.

 https://t.co/30QXNhHMLC",Netral
Dampak MBG Akan Dibaca dari Pertumbuhan Otak dan Fisik Anak https://t.co/oiwQurBsS8 https://t.co/jRxqKvyLXs,Netral
"Keterlibatan petani milenial sebagai pemasok sayur MBG membawa dampak positif bagi ekonomi desa. Rasa syukur disampaikan karena program ini bukan hanya menjaga gizi masyarakat, tetapi juga memberdayakan petani muda secara berkelanjutan. https://t.co/l1HWLUG7H8",Positif
Masyarakat Lumajang nikmati dampak positif penerapan program MBG https://t.co/tsvM6FWpuo,Netral
Program MBG Jateng memberi dampak nyata bagi masyarakat mulai dari peningkatan gizi anak penguatan ekonomi lokal hingga keterlibatan UMKM dan petani daerah yang makin produktif https://t.co/wXIYfdppJW,Positif
Dampak positif adanya MBG salah satunya Pembuatan Telor asin meningkat penjualannya https://t.co/OYrlwCRJ9W,Positif
"Sudah adakah penelitian mengenai dampak positif MBG thdp anak setelah mengkonsumsi MBG
Apakah anak2 bertambah
1. Pintar IQ nya naik
2. Lebih sehat dan kuat
3. Lebih kreatif 
Atau sama saja tidak ada perubahan..? 

Mantab
Senin
Tertanda

Danpak negatif 👇
https://t.co/SFBd4SAUyN",Positif
"Masyarakat Lumajang rasakan manfaat nyata program MBG! Dampak positif terasa di kehidupan sehari-hari, anak-anak lebih sehat, semangat belajar naik. Bukti negara hadir beneran buat tingkatkan gizi generasi penerus. Salut buat semua yang terlibat! https://t.co/yTazacanV9",Positif
"Mantap! Program MBG ciptakan 780.000 lapangan kerja baru. Dari dapur sampai distribusi, ribuan orang dapat penghasilan tetap sambil dukung gizi anak Indonesia. Dampak ekonomi nyata, rakyat kecil ikut sejahtera berkat program ini! https://t.co/A7pRP5ZiFN",Positif
Program MBG beri dampak luar biasa! Bukti  pemerintah ciptakan lapangan kerja baru. https://t.co/KQXAnHqzYs,Positif
"salut buat Polri yang siap bantu warga Grobogan atasin dampak MBG, semangat terus https://t.co/vIZV2nPDxK",Positif
"Perajin telur asin Yayak Surayak melihat pendapatannya mengalami  kenaikan setelah menjadi pemasok telur untuk Program Makan Bergizi Gratis (MBG)  sebagai salah satu dampak ekonomi lokal dari program tersebut.

Dalam  pernyataan diterima di Jakarta, Senin, Yayak Surayak yang https://t.co/KnxJBYWCbQ",Netral
"Pemerintah Siapkan Evaluasi Dampak MBG, Ukur Pertumbuhan Fisik hingga Fungsi Otak
https://t.co/rXSKQQ5f3p",Netral
"Dampak nyata program MBG di daerah membuktikan bahwa nutrisi yang tepat berbanding lurus dengan konsentrasi dan keaktifan belajar siswa. Investasi pada piring anak hari ini adalah investasi pada kecerdasan bangsa masa depan.
https://t.co/1zgznm6Mmr",Positif
Program MBG di Jateng terus menunjukkan dampak positif bagi masyarakat. Bertambahnya dapur SPPG yang melayani Makan Bergizi Gratis menjadi bukti komitmen menghadirkan layanan yang merata dan berkelanjutan. https://t.co/ajCVD4YucF,Positif
Dampak dan efek program MBG itu sangat positif banget untuk anak-anak sekolah Indonesia. https://t.co/lbnXUni5cY,Positif
"Program Makan Bergizi Gratis (MBG) membawa dampak nyata bagi anak-anak.

BGN mencatat peningkatan IMT pada penerima manfaat, menjadi sinyal perbaikan status gizi.

MBG berpotensi menurunkan stunting dan malnutrisi, sekaligus memastikan tak ada lagi anak yang kelaparan. https://t.co/hG2hv9XCfg",Positif
"Simak penjelasan Ferry Irwandi: urusan kesejahteraan guru honorer adalah kewenangan Pemda, bukan dampak MBG. Fokus pada Kerja Nyata tanpa mengadu domba profesi demi kemajuan. #LanjutkanMBG 

out west alchemist Jule Gempa #BOTHSIDES https://t.co/mA15h68Luj",Netral
Dampak positif dari Program MBG di Jateng memberi manfaat positif seperti membuka lapangan kerja baru selain terpenuhi gizi anak https://t.co/scdRkZ1uUQ,Positif
Program Makan Bergizi Gratis (MBG) membawa dampak positif bagi pelaku Usaha Mikro Kecil Menengah (UMKM) di Kabupaten Trenggalek. https://t.co/sSTRYGQJyN,Netral
"📌 Dampak MBG: lawan stunting, dorong ekonomi 0,1%, serap 820 ribu tenaga kerja. Investasi nyata untuk generasi hebat dan Indonesia maju. #IndonesiaTerang #MBG https://t.co/z0snb7srMZ",Netral
Dengan adanya program MBG ini membawa dampak positif baik bagi penerima manfaat maupun pada ekonomi lokal dan nasional 🇮🇩 https://t.co/GtuLGRnVkx,Positif
"Belanja jumbo tak bisa asal jalan. Menkeu Purbaya kirim sinyal evaluasi anggaran MBG demi efektivitas dan dampak ekonomi yang nyata. Menurut Anda, anggaran perlu disisir? 👇 https://t.co/64sq56OrnW",Netral
"Dampak MBG lebih dari sekadar pemenuhan gizi anak sekolah; ini adalah ""Bensin Ekonomi"" bagi masyarakat kelas bawah. Saat dapur mengepul, dompet warga pun ikut terisi.
​#MakanBergiziGratis #EkonomiRakyat #PemberdayaanWarga #BeritaTerkini #IndonesiaMaju
https://t.co/IzcC7Ddegc",Positif
"Dampak MBG di Indonesia Timur benar-benar nyata! Guru-guru bersaksi, siswa jadi lebih semangat dan fokus belajar. Program ini lebih dari sekadar mengenyangkan, tapi juga meningkatkan kualitas belajar anak. https://t.co/ZsMqXftElD",Positif
Program MBG terus memberi dampak positif lewat penyediaan makanan bergizi untuk anak-anak https://t.co/8Z2HbRqdNu,Positif
"Irma Chaniago, menilai pelaksanaan program Makan Bergizi Gratis (MBG) hingga satu tahun berjalan belum menunjukkan dampak yang terukur terhadap penurunan angka stunting maupun peningkatan gizi anak.

#HardNews_Sosial #NewsOne #CariBeritaditvOne #MBG #IrmaChaniago #NO04 https://t.co/gPr0OoNxmM",Netral
"MBG bukan sekadar soal gizi anak sekolah. Program Pak Prabowo ini juga memberi dampak nyata bagi ekonomi masyarakat, dari petani hingga pelaku usaha lokal. 🇮🇩 https://t.co/tYf9GD08As",Positif
@ainunrozi @dosenkesmas Yakin sdm tinggi? udah ada penelitian terkini dampak MBG terhadap peningkatan IQ dan kemampuan berfikir anak?,Netral
Saya akan lebih hormat jika pak Prabowo denger &amp; ambil kebijakan STOP MBG. Jgn ngotot MBG harus jalan. Presiden itu udah dikadali Wapres dan Luhut &amp; kepala MBG. Dilaporkan seolah dg MBG memberi dampak pertumbuhan ekonomi rakyat. Faktanya MBG sarat penyimpangan tdk ada nilai Gizi,Negatif
"Ratusan siswa SDN Kepatihan, Bojonegoro, menikmati program MBG (Makan Bergizi Gratis) 🍱
Belajar jadi makin semangat saat asupan gizi terpenuhi. Senyum ceria dan fokus di kelas jadi bukti nyata dampak MBG untuk masa depan anak-anak. https://t.co/FvExMDkVk7",Positif
"Knp ya lulusan srjna bhkn S3 kl sdh gbung pmrinth/politik kok jd dungu? Katanya kelaparan keluarga miskin, eh yg bri mkn cm anak sj, bapaknya dibiarkan luntang lantung ga ada kerja. Sesignifikan itukah dampak MBG terhadap pmbrantasan klaparan pd keluarga miskin?",Negatif
"Perbedaan sikap politik itu wajar. Tapi ada batas tipis antara kritik &amp; penyederhanaan masalah.
Banjir &amp; bencana tetap ditangani negara melalui BNPB &amp; lintas kementerian. Program MBG tidak dimaksudkan menggantikan pendidikan, melainkan memperkuat fondasi paling dasar anak: gizi,",Netral
"kayaknya emang dampak mbg sama pasar itu gede banget, kayak harga bahan di pasar jadi naik gara2 mbg :/",Positif
"Program MBG dengan kebijakan pengangkatan pegawai SPPG menjadi PPPK memicu reaksi. 

Publik membandingkan akselerasi ini dengan nasib guru honorer yang lambat. 

Ketimpangan ini melahirkan persepsi ketidakadilan soal prioritas anggaran. 

Bagaimana metode analisisnya? https://t.co/l1siJHBu8G",Netral
"@Briankang110711 memang udah ga musim pemilu, tapi setelah 02 terpilih, dampak nya sampe detik ini, bahkan sampe beberapa tahun kedepan, lebih baik gue bersimpati ke korban keracunan mbg, bencana alam, sama pendemo/protester yang dikriminalisasi negara. paham?",Negatif
Program MBG ini membawa dampak positif baik bagi penerima manfaat maupun pada ekonomi lokal dan nasional https://t.co/snnmt0hmer,Positif
"@yappingfess Bukan gak bersyukur, kritik aja karena itu akuntabilitas. MBG itu program bancakan yang rawan dikorupsi. Gara-gara MBG longor ini saudara kita di Sumatra juga tidak dapat bantuan maksimal, karena anggarannya dipangkas. Fuck MBG, All Eyes On Sumatra ⚠️",Negatif
🏳️🏳️🏳️🏳️🏳️🏳️🏳️🏳️🏳️🏳️🏳️🏳️🏳️🏳️🏳️🏳️🏳️🏳️🏳️🏳️🏳️🏳️🏳️🏳️🏳️🏳️🏳️🏳️🏳️🏳️🏳️🏳️🏳️🏳️🏳️🏳️🏳️🏳️🏳️🏳️🏳️🏳️🏳️🏳️🏳️🏳️🏳️🏳️🏳️🏳️🏳️🏳️🏳️🏳️🏳️🏳️🏳️🏳️🏳️🏳️🏳️🏳️🏳️🏳️🏳️🏳️🏳️🏳️🏳️🏳️🏳️🏳️🏳️🏳️🏳️🏳️🏳️🏳️🏳️🏳️🏳️🏳️🏳️🏳️🏳️🏳️🏳️🏳️🏳️🏳️🏳️🏳️🏳️🏳️🏳️🏳️🏳️🏳️🏳️🏳️🏳️🏳️🏳️🏳️🏳️🏳️🏳️🏳️🏳️🏳️,Netral
MBG itu disabotase bukan oleh pihak asing atau orang lain. MBG disabotase oleh internalnya sendiri. Diantaranya orang yang lagi ngomong diforum ini.,Negatif
"⋆｡ ☁︎ ˚｡⋆  ☁︎ ˚｡⋆ ☽ 𓂃 ☁︎ ⋆｡˚

☁︎ 𓍼 ོ ⋆｡ ﾟ☁︎｡ 𓂃 ˚ ✧ ☁︎ ⋆｡

⋆｡ﾟ☁︎ ｡⋆｡ 𓂃 ☾ ˚ 𖦹°‧  ☁︎ ⋆｡

☁︎ ˚｡⋆ ☽ 𓂃 ☁︎ ✧ ⋆｡˚ ☁︎ ⋆｡˚",Positif
Sangat optimis dengan dampak MBG 2026 bagi ekonomi daerah. Serapan bahan pangan lokal yang masif akan bikin pasar tradisional dan petani kita makin berdaya. Investasi gizi sekaligus investasi ekonomi nasional dalam satu langkah! ✨🍱 #GiziBangsa #BGN https://t.co/iXQd6iFtpT,Positif
@IFnubia Pedagang jajanan kecil.di sekolah plg kena dampak MBG...biasanya siang2 anak sekolah jajan malah mereka dah pada kenyang makan dr SPPG..,Positif
"Dampak nyata di lapangan sangat bermanfaat Program MBG adalah cara pemerintah memenuhi  gizi para generasi muda serta memberikan dampak nyata perekonomian lokal ,ini sudah di akui dunia program MBG satu program yang pro rakyat 
MBG satu program berjuta manfaat 
@prabowo https://t.co/gKjDxcWHIE",Positif
"Anggaran Negara Fokus Diarahkan ke Danantara dan MBG, Dinilai Ada Dampak Lintas Generasi

https://t.co/CFwXsEUyC1",Netral
"Program MBG bukan sekadar urusan gizi, tapi juga menggerakkan roda ekonomi. Dari petani, UMKM, hingga tenaga kerja lokal ikut merasakan dampak positif MBG bagi perekonomian Indonesia. https://t.co/SYwJR0hAWx",Positif
"Dari anggaran besar, lahir dampak nyata. 💜
Dana MBG 2026 bukan hanya soal angka, tapi tentang jutaan lapangan kerja dan harapan yang ikut tumbuh.
Karena ketika gizi dijaga, ekonomi pun bergerak bersama. 🌱 https://t.co/LQSlXI4jCx",Positif
"@9H0st66 Menurut saya, klaim ""mengunci"" kekuasaan lewat program seperti MBG atau bansos Jokowi bersifat situasional, tergantung implementasi dan dampak nyata. Era SBY, pengangkatan guru massal tingkatkan jumlah dan kesejahteraan pendidik, tapi ada isu korupsi dan oversupply. MBG jangkau",Negatif
"TEMUAN ICW
Proyek MBG menyedot anggaran ratusan triliun rupiah, tapi pelaksanaannya justru menyisakan banyak persoalan: 
minim transparansi, lemahnya payung hukum, kasus keracunan massal, hingga dugaan konflik kepentingan dan politik patronase. 

Penelusuran ICW menemukan https://t.co/Ie17SEHDYl",Netral
"Tak peduli seburuk apa anak2 menderita keracunan, mereka akan terus bersandiwara bahwa program itu sangat berhasil.
Berita keracunan tak akan perna di pedulikan, mereka tutup mata.

Berkat MBG, anak-anak jadi ;
Pintar.                            Gemuk https://t.co/JLryEqjfku",Negatif
"2.2 START MALEM INI JAM 20:00 ‼️

claim semua vouchernya sekarang👇🏻
https://t.co/TABBL1itt9

jadwal voc👇🏻

DISKON 10RB 3X sesi
minbel 10rb (BISA GRATIS)
⏱️00:00|12:00|20:00

DISKON 99% 20RB ⏱️20:00
minbel 20rb

DISKON 99% 30RB ⏱️21:00 
minbel 30rb

DISKON 99% 50RB ⏱️22:00
minbel https://t.co/PdhKHnLiPp",Netral
"@aniesbaswedan Jangan lupa kasus keracunan MBG masih berlanjut...!

04/10/24 di Nganjuk, Jatim
14/01/25 di Indramayu
16/01/25 di Sukoharjo
19/01/25 di Nunukan, Kaltara
18/02/25 di Tebingtinggi, Sumut
19/02/25 di Empat Lawang, Sumsel
21/02/25 di Pandeglang
24/02/25 di Waingapu, NTT
14/04/25 di",Netral
tawarin apapunn,Negatif
"@dosenkesmas min, mbg kan udah jalan setaunan nih, sdh ada publikasi riset blm yg beneran meneliti dampak gizinya spt klaim kepala bgn?",Negatif
"Silakan kalau mau meneliti dampak MBG pakai raw data BPS, tapi kalau untuk data series belum tersedia, baru cross-section.",Netral
"Melalui MBG, uang jajan yang sebelumnya digunakan untuk makan siang kini dapat disimpan dan ditabung oleh para siswa. 

Dampak positif ini terlihat saat Wakil Kepala Badan Gizi Nasional (BGN) Nanik S. Deyang bersama Wakil Menteri Kesehatan Benjamin Paulus Octavianus meninjau https://t.co/YzEpS8TawL",Netral
"MBG bagai buah simalakama, dijalankan rugi, ndak dijalankan sudah kadung janji ketika kampanye. 
Padahal nilai positifnya ndak ada sama sekali, cuman mengeruk APBN hanya untuk dihabiskan di jamban. https://t.co/T7S9ROG5xm",Negatif
"Inilah dampak #Efesiensi ke pemda, prioritas ratusan triliun ke mbg, gaji mereka di pangkas. Lebih mulia menjadi #SPPG mbg 😢

Menyakitkan sekali itu 17 Triliun rupiah pemerintah gelontorkan ke #bop. siapa #antek asing woiii.. https://t.co/YFgbvBLyax",Negatif
"@kompascom MBG ini yg diuntungkan itu si pemilik dapur. Meski yg disajikan makanan jauh dari bergizi seimbang, cenderung basi, dan gak enak rasanya, mereka tetap dibayar.

Harusnya MBG ini distop karena gak efektif dan gak efisien, anggarannya besar namun hasilnya gak sebanding",Negatif
"🎆🎊DISKON TAHUN BARU NANTI MALEM‼️🎉

✅DISKON 99% 100RB
✅DISKON 99% 5RB
✅DISKON SPL 110RB minbel 500RB

🗓️berlaku 1 JANUARI 2026 
⏱️00:00|12:00|20:00

CLAIM SEKARANG DI SINI👇🏻
https://t.co/Wqhvbq4J8l
scroll bawah claimnya

Diskonan pertama 2026 😁 https://t.co/orfSmy9khQ",Netral
"Pemerintah menyiapkan evaluasi dampak Program Makan Bergizi Gratis  (MBG) dengan menekankan pentingnya ketepatan data penerima manfaat  sebagai dasar pengukuran hasil program.

Hal itu  disampaikan Menteri Koordinator (Menko) Bidang Pangan Zulkifli Hasan  (Zulhas) usai rapat https://t.co/a8re5Iv7Hc",Netral
"Program Makan Bergizi Gratis (MBG) dinilai memberikan dampak positif tidak hanya bagi siswa yang menerima makanan bergizi, tetapi juga terhadap ekonomi nasional. Pendiri INDEF menilai MBG sebagai pendekatan baru dalam pembangunan ekonomi
https://t.co/BOpBurH2B7",Positif
".    *     .       *    .🌕      *    .  *            ☄️.    *      *    .      🌍*      .     .    *   ⭐️ *    .      *      .     .  *.       ✨
    *    .  *     💫       .    *         *    .  *     🪐  .    *     *    .  *          .    *🌟     *    .  *",Netral
Dampak MBG terasa nyata. Omzet perajin telur asin asal Madiun naik setelah Yayak Surayak memasok untuk Program Makan Bergizi Gratis. https://t.co/rb1htBkziA,Positif
"Tujuannya biar tercapai penyerapan anggaran agar pendukung2 yg punya dapur MBG bisa break even point secepet mungkin😡

Padahal kalo punya hati dikit, anggarannya bisa dialihin ke bencana di Sumatera 👀

Anggaran MBG itu Rp1 Triliun per hari loh🫠

Shameless and empty of empathy",Negatif
"Kalau dilihat dari perspektif risiko, pola MBG ini terlalu konsisten untuk diabaikan. Ribuan anak keracunan, puluhan kasus berulang, dan sekarang mobil MBG menabrak 20 siswa + 1 guru di area sekolah. Ini sudah bukan outlier lagi, tapi justru menjadi indikasi kuat bahwa kontrol",Positif
"@didiek_murdock Setiap nampan  MBG harus ada tulisan :
""Peringatan Pemerintah : MBG bisa beracun.
Periksa bau dan rasa MBG sblm makan, keracunan MBG diluar tanggung jawab SPPG dan tidak bisa dituntut secara hukum""",Negatif
"Program MBG membawa dampak positif sebagai wujud kerja nyata dlam menciptakan ekosistem pendidikan yg bersih sehat serta berkelanjutan demi masa depan lingkungan yg lebih baik bagi seluruh masyarakat indonesia. #LanjutkanMBG
. 
Senin #MeAndTheeSeriesEP8 CONGRATULATIONS JIN Pandji https://t.co/h87F4aR5rt",Positif
😭😭😭😭😭😭😭😭😭😭😭😭😭😭😭😭😭😭😭😭😭😭😭😭😭😭😭😭😭😭😭😭😭😭😭😭😭😭😭😭😭😭😭😭😭😭😭😭😭😭😭😭😭😭😭😭😭😭😭😭😭😭😭😭😭😭😭😭😭😭😭😭😭😭😭😭😭😭😭😭😭😭😭😭😭😭😭😭😭😭😭😭😭😭😭😭😭😭😭😭😭😭😭😭😭😭😭😭😭😭😭😭😭😭😭😭😭😭😭😭😭😭😭😭😭😭😭😭😭😭😭😭😭😭😭😭😭😭😭😭 https://t.co/RoKywK9kNl,Netral
prabowo's logic is simple: only when everyone's stomach is full then they can run away from those life-threatening disasters.,Negatif
"@xoxo_titikkoma @kangdede78 Program MBG (Makan Bergizi Gratis) di Indonesia pada 2026 memiliki dampak multidimensi berdasarkan realitas terkini.

**Ekonomi**: Secara positif, program ini ciptakan lapangan kerja di sektor makanan dan logistik, dorong pertumbuhan lokal dengan anggaran Rp300T, tingkatkan",Netral
"Secara teori, dana MBG bukan uang baru, melainkan hasil re-alokasi belanja rumah tangga. Daya beli yang sebelumnya beredar di ekonomi mikro dipindahkan ke skema terpusat. Uangnya memang tidak hilang, tetapi pola sirkulasinya berubah.

Mengapa demikian?

Di Indonesia terdapat",Netral
"Dengan adanya MBG, yang lebih makmur adalah para pejabat, sebab proyek ini dibagi-bagi antar kroni &amp; kawan pejabat tinggi sendiri. Rakyat yg dibikin susah. Pedagang kecil yang tadinya punya pelanggan siswa sekolah, sekarang makin sepi.",Negatif
"""މިސަރުކާރަށް ނިސްބަތްވާ ބޭފުޅުން މިބުނަނީ ސަރުކާރު ކެންޑިޑޭޓަށް ވޯޓުދޭށޭ. ސަރުކާރުގެ ކެންޑިޑޭޓަށް ވޯޓު ދިނީމަޔޭ ތަރައްޤީ ގެނެވޭނީ. ނޫން. ނޫން. މިއީ ބުހުތާން ދޮގު. ރައްޔިތުންނަށް ދައްކާ ދަޅަ. ސަރުކާރު އަޅުގަނޑުމެން ދީފީމޭ. ރައްޔިތުންގެ މަޖިލިސް ދީފީމޭ. މިހާރު އަޅުގަނޑުމެން https://t.co/hkXiaNFvL0",Positif
"@comelbingitz @didiek_murdock Ya, video di akun didiek_murdock tampaknya menggambarkan insiden keracunan siswa dari program MBG di Bandung Barat, Jawa Barat, pada September 2025. Laporan dari BBC, Detik, dan Kompas mengonfirmasi ratusan siswa terkena dampak saat itu.",Netral
"@txtdrimedia MBG bikin keracunan, biar anak2 pada keracunan.. Biar uang pendidikan sedikit, jadi makin banyak orang bodoh.. Biar pejabrut makin kaya dari keuntungan MBG 😤",Negatif
"@Rea72232237 @jipaveda kalo lu ga nyangka bakal begini begitu ya berarti emg dongo aja jir, udah banyak yg warning tentang dampak mbg, bisnis sawit doi, penjahat ham, dll.

prabowo isnt some mysterious mastermind, yall are just plain dumb",Negatif
"day 120 of saying #stopMBG ✋️🚫
.
.
.
dampak program mbg untuk RAYKAT: keracunan bahkan sampai meninggal, harga sembako naik, food waste, and so on tapi lu cuma peduli kuali haram lu ini tetap nyala",Negatif
"@ARSIPAJA sejak awal, memang perkiraan dampak MBG untuk peningkatan gizi anak anak itu rendah banget. untuk ke petani dan peternak memang cukup bagus dengan menghilangkan biaya distribusi yang terkadang panjang, tapi tetep aja dampaknya gak sebesar yang dibanggakan pemerintah",Negatif
"┏━━┓┏━━┓┏━━┓┃┗━┓
┗━┓┃┃┏┓┃┗━┓┃┃┏┓┃
┏━┛┃┃┃┃┃┏━┛┃┃┗┛┃
┃┏━┛┃┃┃┃┃┏━┛┗━━┛
┃┗━┓┃┗┛┃┃┗━┓┏━━┓
┗━━┛┗━━┛┗━━┛┃┏━┛ https://t.co/Tv2c7ZAjrB",Netral
Posisi 3️⃣ diisi oleh Diogo Dalot. 📝✅,Netral
"@CindyHapsari_ lu kalo mau bahas empati ke wowok &amp; orang yg nerima duit untuk kampanye menangin penjahat ham, jangan ke kite. kite mah cuman ngetweet ngetweet gini doang, kaga buat mbg beracun, kaga buat kebijakan tolol, kaga support israel. tolong lu pikirin dampak mana yg lebih gede sari",Negatif
☺️☺️☺️☺️☺️☺️☺️☺️☺️☺️☺️☺️☺️☺️☺️☺️☺️☺️☺️☺️☺️☺️☺️☺️☺️☺️☺️☺️☺️☺️☺️☺️☺️☺️☺️☺️☺️☺️☺️☺️☺️☺️☺️☺️☺️☺️☺️☺️☺️☺️☺️☺️☺️☺️☺️☺️☺️☺️☺️☺️☺️☺️☺️☺️☺️☺️☺️☺️☺️☺️☺️☺️☺️☺️☺️☺️☺️☺️☺️☺️☺️☺️☺️☺️☺️☺️☺️☺️☺️☺️☺️☺️☺️☺️☺️☺️☺️☺️☺️☺️☺️☺️☺️☺️☺️☺️☺️☺️☺️☺️☺️☺️☺️☺️☺️☺️☺️☺️☺️☺️☺️☺️☺️☺️☺️☺️☺️☺️☺️☺️☺️☺️☺️☺️☺️☺️☺️☺️☺️☺️ https://t.co/aGcgnzxsOB,Netral
"@patillele4364 Mungkin tujuan tersembunyi dari program mbg tuh supaya generasi muda jadi manusia super. Awalnya diberi makanan basi, supaya selnya bermutasi bisa menerima makanan sampah. Sehingga jika perang Dunia ke 3 beneran pecah, generasi muda gk akan kelaparan karena juga bisa makan sampah",Negatif
"@didiek_murdock @SMujsin MBG : Piring Korupsi Era Prabowo 

Seberat apapun dan seburuk apapun mereka akan teruskan program MBG 

Tujuannya bukan untuk mencerdaskan kehidupan rakyat tapi mengumpulkan pundi-pundi rupiah buat pilpres 2029",Negatif
"Kasus keracunan MBG ini tidak bisa dianggap remeh. Tidak cukup hanya bikin statement akan dievaluasi. Tapi, semua yang terlibat wajib dipenjara karena membahayakan nyawa anak bangsa!",Negatif
"⌯ 🐟 ۫  𐀔  ׂ  ֢   ִ ꕀ  ˑ 🐋 ׅ  𑁯  𝅄  ֗

ഒ  ˳  𝆕   ׁ 🪈 ִ   ◌  ׁ  ܀  📻 ִ  ੭  ֢ 

〃 ۫ 🪻  ࣭  ✧ ׂ  ִ 🐛  ֗﹢ ִ  ꣼  ּ

◌ ִ   ፧  ּ  🕊️  ִ  ݊   ʚ ɞ ׁ  ֢🪺  ㇴ  ۫

૮  ּ 🍝 ִ  ५  ׁ ﹫ ˑ 🥢 ⊹  ۫  ࣭ 𖧁 ׄ  ✧",Positif
"@Rian__Az Saya bekerja sebagai tenaga medis d sebuah kota kecil

Sedih rasanya melihat sudah puluhan anak datang berobat dgn keluhan demam mual muntah hingga diare yg mnurut pengakuan mereka, trjadi stelah konsumsi MBG

Lagipula kualitas pndidikan harusnya jauh lebih penting dari isi perut",Negatif
"@ARSIPAJA Meninggal 770 X 15jt = Rp. 11,5M
Luka 2600 X 5jt = Rp. 13M
(and still counting) 
Sedangkan Anggaran MBG 2025 71 Triliun, 2026 335 Triliun. 
Itu dana MBG dipotong 500M pun masih nyisa banyak.",Netral
"@strawcher_ Oke, skip gender. Fokus ke MBG aja: Dampak psikologis program MBG pada anxietas nutrisi orang tua di Indo (laporan Kemenkes 2026). Bisa teliti reduksi stres via survei, efek ke kesejahteraan keluarga. Atau pengaruhnya ke motivasi belajar anak. Mau yang mana dikembangin?",Netral
"Semoga ini bukan dampak MBG, Bupati tdk punya daya utk bayar pppk
https://t.co/2E4lc46Dks",Negatif
Dampak MBG @prabowo mlai kliatan,Negatif
"Program Makan Bergizi Gratis (MBG) telah memberikan dampak nyata bagi banyak anak dan orang tua, terutama dalam pemenuhan kebutuhan gizi harian.

Bagi sebagian keluarga, terutama dari kalangan kurang mampu, MBG membantu memastikan anak-anak tetap mendapatkan asupan makanan sehat",Positif
"Emg lucu yg bilang harga melonjak itu sbg dampak 'positif' mbg 😂

Emg suara masyarakat menengah kebawah gapernah didenger 😂😂😂",Positif
"Udah setahun nih MBG

Dampak nyatanya apa sih buat rakyat?

Selain buat SPPG dan BGN ya. 
Rakyat khususnya rakyat miskin - menengah
🙏🏻🙏🏻",Negatif
"Percepatan MBG Diperkuat, Pemda Buleleng Pastikan Mutu Pangan dan Dampak Ekonomi https://t.co/IWgSN8Svna",Netral
"Program MBG membawa dampak berlapis, gizi anak terpenuhi, kualitas SDM meningkat, dan ekonomi menguat dengan capaian 1,65 juta warga serta 25 ribu tenaga kerja
#MBG #GiziCukup https://t.co/kB4A6prrv9",Netral
"Program MBG di Kabupaten Karimun terus menunjukkan dampak nyata. Hingga kini, penerima manfaat telah mencapai 65.000 orang yang disalurkan melalui 27 SPPG. Upaya ini memastikan pemerataan gizi sekaligus memperkuat layanan bagi masyarakat di berbagai wilayah.👍💝 https://t.co/VTxDHvy5rq",Positif
"Program Makan Bergizi Gratis (MBG) membawa dampak positif bagi pelaku UMKM di Trenggalek, dengan potensi omset hingga Rp 6 juta per hari, meningkatkan perekonomian lokal secara signifikan https://t.co/EHIRCMy8al",Positif
"Dampak MBG murid2 jadi beringas, ada kasus guru digebukin murid2 dll. Efektifkah MBG terhadap gizi tapi menurunkan moral dan etika murid2 ke guru. Gw dulu mah beberapa kali digamparin guru gk pernah bales apalagi ngelapor orang tua. 🙈🙈",Negatif
"MBG sangat memihak rakyat kecil karena memberikan dampak ganda, perlindungan kesehatan bagi kelompok rentan dan penguatan ekonomi lokal di perdesaan. Program ini tidak hanya memberikan makanan, tetapi juga menciptakan lapangan kerja dan pasar baru bagi rakyat kecil melalui Satuan",Positif
"Lihat betapa luar biasa dampak dari Program MBG. Selain memberikan nutrisi penting bagi anak-anak kita seperti yang terlihat pada wajah-wajah mereka yang penuh semangat, program ini juga menjadi motor penggerak ekonomi dengan menciptakan sebanyak 780.000 lapangan pekerjaan. https://t.co/Iz7nPfnyQS",Positif
"se Indonesia harus turun ke jalan buat menghentikan program MBG asli dampak panjang dr efisiensi dana transfer ke daerah, memotong dana pendidikan alias mengkhianati undang2, sampe harga² di pasar yg naik karna diborong mbg. Mana dapur cuma dikuasi segelintir orang",Negatif
"Datanya jelas apaan. Wkt itu gue cuma minta data list skolah penerima MBG ke disdik suatu kota aja, katanya mrk gapunya datany sama sekali. Yg megang pemerintah pusat

Pdhal tujuan gue buat tugas matkul teknik penarikan contoh, bikin survey dampak mbg",Negatif
"Jujur jarang belanja, tapi liat qrt dan reply an nya jadi sebuah informasi menarik dampak mbg sampai sejauh itu ternyata",Positif
"Satu langkah kecil lewat MBG, dampak besar bagi bangsa, gizi anak terjaga, prestasi terangkat, dan masa depan Indonesia kian gemilang #MBG #IndonesiaEmas2045 https://t.co/iOjp855dlg",Positif
"Kerja Nyata MBG membawa dampak nyata! 
Mendukbangga menyatakan Program MBG berkontribusi menurunkan angka Stunting di Jawa Barat, Sukabumi. Tim pendamping keluarga aktif bagikan bantuan gizi. Penurunan stunting jg dipengaruhi di luar asupan gizi. #LanjutkanMBG

Aurelie #シクスト https://t.co/e6vws0muUY",Positif
"BGN resmi mengeluarkan juknis baru terkait pelaksanaan SPPG di Karimun dengan kapasitas suplai maksimal 2.500 penerima manfaat per dapur. Program Makan Bergizi Gratis (MBG) terus menunjukkan dampak positif, khususnya bagi anak-anak sekolah. Hingga saat ini, jumlah penerima https://t.co/oixn3tBRLD",Positif
Dampak positif MBG kian terasa dengan meningkatnya antusiasme belajar siswa serta berputarnya roda ekonomi lokal yang melibatkan banyak pelaku usaha kecil di bidang penyediaan pangan sehat #MBG #IndonesiaSehat #IndonesiaEmas https://t.co/ywUgd1UVml,Positif
"@syariahkeu Berdasarkan analisis sumber beragam hingga Jan 2026, dampak program MBG pada pertumbuhan ekonomi RI masih terbatas. INDEF perkirakan anggaran Rp71 T di 2025 dorong PDB naik 0,06% (Rp14,61 T), tapi realisasi baru 74,6% &amp; efek makro belum signifikan. Kadin proyeksikan potensi",Netral
"For reall daging ayam sekarang harganya stabil, gatau deh kalo MBG beroperasi lagi pasti jadi naik. Dan masyarakat udah menyadari dampak MBG bagi mereka mulai dari pedagang sayur, kaki lima sampe ibu rumah tangga bahkan bapak bapak.",Positif
"Kerja Nyata pemerintah terus menstabilkan harga lewat pengaturan pasokan, koordinasi produsen, dan pengawasan pasar agar dampak MBG tidak membebani masyarakat. #LanjutkanMBG",Netral
"2,3 Juta Penerima, Pemprov Evaluasi Dampak MBG di Lampung, Selasa (20/1/2026)

Baca Selengkapnya di:
https://t.co/HB3j6aopHN",Netral
"Bukan mendoakan, Akan terasa nanti anak turun pemuja MBG terkena dampak efesiensi ini. Menjeritlah kalian yg takan didengar pemerintah.⚠️ https://t.co/hBF3smjjys",Negatif
"Riyal dah sekarang susah bgt nyari susu uht yg full cream, dampak MBG luas bgt dan dzolim.",Negatif
"@AchsanKhan @tijabar Jangan salah buat dapur MBG (Sppg) ga pakai izin Rt &amp; Rw, langsung bangun mereka. Di perumahan gw uda kejadian, RT &amp; Rw ga tau, tiba2 uda ada pembangunan, karena akan ada dampak lingkungan, khususnya sampah yg menyebabkan bau",Negatif
"@MayaA62580468 Ada udang di balik batu Program MBG.
Personel yg terlibat seakan terikat kerjaan MBG, shg di 2029 nanti, pemilih kuat adalah Calon yg punya ide MBG.
Dgn senjata MBG, capres lainnya bakal lewat.",Negatif
"MBG bukan sekadar makan, tapi tata kelola bersih yang bikin siswa sehat dan merasakan dampak nyata.#MBGBarigas #MBGBikinSehat #IndonesiaTerang https://t.co/CzOrMzaQTI",Positif
"Presiden Prabowo ungkap dampak ekonomi MBG yg signifikan: lebih dari 61 ribu UMKM terlibat &amp; jutaan lapangan kerja tercipta. Program ini bukan hanya tentang gizi, melainkan Kerja Nyata yg mendorong perekonomian nasional. #LanjutkanMBG

Lula Rest In Love  #ตั้งสติหน่อยคุณธีร์ Arab https://t.co/GXjEol4fVI",Positif
"Program MBG terbukti memberi dampak luas dengan 55,1 juta penerima manfaat. Ini adalah Kerja Nyata pemerintah dalam membangun generasi bangsa yang lebih sehat.
#LanjutkanMBG

Indomaret Almaz Awali Dengan Kebaikan bakti nyata prajurit VIP Festival https://t.co/8TnakV4RCm",Positif
"Program MBG terus menunjukkan dampak nyata. 

Juknis baru BGN memastikan SPPG Karimun mampu melayani hingga 2.500 penerima manfaat per dapur, sehingga distribusi makin merata dan tepat sasaran.

Anak-anak mendapatkan asupan bergizi, masa depan Karimun pun semakin kuat. https://t.co/NHfzUId6HL",Positif
Dia lagi ngomongin kondisi bodi dan saldo cuannya yang makin gemuk dampak MBG?,Negatif
"@05Panji @MurtadhaOne1 @ardi_anz4 @tekarok007 @tham878 @aewin86 @Franken_blues Ya, akun NDeyang Nanik S Deyang terakhir posting tahun 2011, jadi sepertinya udah gak aktif lagi di X.

Untuk penyelenggara MBG, berdasarkan laporan terbaru (Tempo, BBC, dll.): perketat standar keamanan pangan, suspend dapur bermasalah, libatkan ahli gizi lokal, dan monitoring",Netral
"@worksfess Efek MBG, dana transfer pemerintah pusat ke jakarta dipotong hampir 20 T 😂.",Netral
"Efek domino MBG ini gila ya. Pakan ternak (soybean meal) impornya dah disentralisasi ke BUMN, swasta dibatesin. Bukannya makin murah, harganya malah kena mark-up 7%. Makin mahal aja harga ayam warteg langganan ane.",Negatif
"mbg adalah program populis paling tidak berguna, anggaran mbg setahun samadengan anggaran ikn tiga tahun dikali tiga, ga masuk akal. terus outputnya juga sampah ga ada gizinya dan cuma untuk bunuh2in anak indonesia @prabowo @gibran_tweet",Negatif
"@Marimar_Aauw bayangin MBG yang baru jalan belum genap 1 tahun, yg keracunan udah puluhan ribu. 
Banyak Bahan Berbahaya
dan Beracun, bahkan tanpa uji lab udah ketauan itu berapa yg terdampak sampai masuk rumah sakit. 

Astaghfirullah",Negatif
"Betul. Dampak MBG itu berlapis, bukan cuma di meja makan anak, tapi sampai ke roda ekonomi daerah.",Negatif
Video Dampak Keracunan Diduga gegara MBG di Sukabumi Meluas https://t.co/GRyvyPdcxQ,Netral
Memang pemerinta ga mikir x sda dikasih ke cina rakyat di cekek pajang mbg pinjam rentenir dan potong dan pendidikan dampak mbg  nihil yang bnyak terbuang untuk mencerdaskan rak yat itu pendidikan  penguasa ini bisikan setan x,Negatif
"Kata pakar ekonomi Vid Adrison, MBG itu dampaknya nggak sesimpel yang dibahas di timeline kita, di episode ini kita akan ngebahas dampak MBG yang sering luput dari pembahasan publik.

Simak selengkapnya hanya di Youtube Hyprbuzz! Kalau menurut kamu, dampaknya bakal kerasa nggak https://t.co/aOQpufPlrx",Negatif
"(keracunan, kualitas gizi, politisasi)
Dampak nutrisi nasional belum sebanding dengan biaya fiskal
Tanpa reformasi desain dan pengawasan, MBG menjadi beban, bukan solusi struktural.
4. Diplomasi Ekonomi: Efektif tapi Berisiko
Prabowo cukup berhasil menjaga posisi Indonesia di https://t.co/fWjnbq3dHD",Netral
"@MafiaWasit MBG...lahan bisnis yang menggiurkan
Sayangnya pelaksanaan MBG banyak yang tidak sesuai tujuan
Karena bisnis selalu menghitung untung
Dampak merugikan konsumen dikesampingkan.",Negatif
"Dampak MBG yg relevan buat anak2 masih akan terlihat nanti di jangka panjang. Skrg belum.

Namun, dampak yg relevan buat keuntungan pengelola SPPG sudah terlihat dari sekarang.  

Jadi siapa bilang MBG ga berdampak? Udh berdampak banget buat dunia usaha khususnya pengelola sppg.",Positif
"@MardaniAliSera Program mbg adalah mega proyek yg gak bisa di audit, tidak penting kehidupan yg layak bagi guru, dan teruslah tutup hati nurani mu demi nempel kekuasan sampai sang pemilik semesta benar2 menutup mata, hati dan pendengaranmu.",Negatif
"MBG makan korban lagi. Ketidakbecusan penyelenggara program ini, tidak pernah ditangani dan menjadi perhatian yang serius oleh petinggi. Padahal, yang menjadi korban adalah anak-anak bangsa yang bersemangat berangkat sekolah menuntut ilmu agar tidak jadi goblok, eh di sekolah",Negatif
"""އަޅުގަނޑުމެންނަށް ވާދަވެރި ސަރުކާރުގެ ޕާޓީގެ ތެރެއިން މި ފެންނަނީ ނުފޫޒާއި ބާރު ބޭނުންކޮށްގެން މި އިންތިޚާބު ކާމިޔާބު ކުރުމަށްޓަކައި މަސައްކަތް ކުރަމުންއަންނަތަން. ސަރުކާރުން މި އިންތިޚާބު ކާމިޔާބު ކުރުމަށްޓަކައި އެތައް ނުފޫޒެއް އެބަ ބޭނުންކުރޭ. އިންތިޚާބާއި ދިމާކޮށް ގޯއްޗާއި https://t.co/YNaTouFKQx",Positif
"@ichsan_itcomm @IFnubia Betul dapur mbg lsg beli k pasar atau lsg k petani, masyarakat hanya dpt dampak kenaikan barang saja😭",Negatif
"Dampak negatif mbg!! 
1. Makanan basi/beracun, suswa keracunan,
2. Buang sampah/limbah makanan sembarangan jadi dumber sampah baru!!
3. Menyedot anggaran pendidikan terlalu besar, hingga guru homorer diperlakukan tidak adil.
4. Ogah dikritik tapi tidak ada perbaikan, dan sangat",Negatif
"Lihat medsos sebelah
MBG 
Banyak mkn korban keracunan. 

Ini program sudah jadi bhn politik
Gak ada manfaat nya

Anggaran saja yg menyedot APBN
Sebegitu besar nya. 😏

Silahkan para Buzzer MBG
Serbu gw .. 🤣🤣😝
Ntar gw minta tanggung jwb SM elu"" kl ada anak""  keracunan😁",Negatif
"Menurut pemikiran gue...
Krn MBG adalah proyek, maka targetnya adalah penyerapan anggaran.
Semakin tinggi persentase realisasi dibandingkan anggaran, maka akan dianggap semakin berhasil.
Keracunan? Hanya 0,000 sekian dr yg mendapat MBG. Mrk hanyalah angka statistik! https://t.co/xeP3eq1maS",Positif
"Betul. Dampak MBG itu berlapis, bukan cuma di meja makan anak, tapi sampai ke roda ekonomi daerah.",Negatif
“މި އިންތިޚާބަށް ކުށުގެ ރިކޯޑު ސާފުކުރުމަށްޓަކައި މަސައްކަތް ކުރާއިރުގައި އެ ގުޅުން ހުރި މުއައްސަސާތަކުން ޚާއްސަކޮށް ކަރެކްޝަނަލް ސާރވިސްއާއި ޖުޑީޝަލް ސާރވިސުން އަޅުގަނޑުމެންނަށް އިންތިހާއަށް ލަސްއެބަވޭ. އެތަންތަން މި އިންތިޚާބަށް ތައްޔާރުވެފަ އޮތްކަމަށް ލަފައެއް ނުކުރެވޭ. ވާން https://t.co/o2gAUzSJyI,Positif
Kenapa kasus keracunan MBG di biarkan? Karena mungkin menurut gua Dan kecurigaan gua adalah itu tujuan utama program ini. Berapa banyak kasus yg terjadi berapa nyawa yg hilang? Tidak ada proses hukum yg terjadi yg ada hanyalah pemerintah terus mempush program Dajjal ini,Negatif
"Tapi fakta lapangan BANYAK banget yg keracunan ya tolong 😭 lapker lebih bermanfaat drpd MBG karena jika gak ada yg nganggur atau semua punya pekerjaan,maka gak ada yg lapar.
2020 : pandemi covid-19 (korbannya semua kalangan)
2026 : pandemi keracunan MBG (korbannya anak sekolah)",Negatif
"""ދިވެހިރައްޔިތުން މިއަދު ތިޔަބޭފުޅުން އެމްޑީޕީ ތިލަފަތަށް ވޯޓުދެއްވަންވީ ސަބަބަކީ ކޮބައިތޯ؟ ދިވެހި ރައްޔިތަކަށް ކުރިއަށް ފިޔަވަޅެއް އެޅުމަށް ތަރައްގީ ގެނެސްދިން އަބަދުވެސް ވަކާލާތުކޮށް މަސައްކަތްކޮށްދިންހަމަ އެކަނި ޕާޓީއަކީ އެމްޑީޕީކަމަށްވާތީ. އަޅުގަނޑުގެ ދުރުމިން އެމްޑީޕީގެ 2 https://t.co/fvH1mU2aPr",Positif
"Di sekolah, dampaknya terasa langsung.
Anak-anak makan cukup, lebih sehat, lebih fokus belajar.
MBG bekerja di ruang paling dasar: kelas dan masa depan. https://t.co/JauR7zWn0e",Positif
Prabowo can eat his own MBG and fucking die,Netral
Udah beberapa x keracunan akibat MBG. Kepala BGN &amp; SPPG ngak di periksa &amp; ditetapkan tersangka. Hentikan proyek MBG,Netral
hari terakhir 2025 ngapain aja nih bos 🚶🏻‍♀️‍➡️🚶🏻‍♀️‍➡️🚶🏻‍♀️‍➡️🧍🏻‍♀️🧍🏻‍♀️🧍🏻‍♀️,Negatif
"Bener2 yah. Mau demo damai, mau survei masyarakat, mau anak2 keracunan, mau pakai studi dampak, mau ada bencana Sumatra,

nothing can stop MBG 🥲 
Makin eneg lapor SPT 🍂",Negatif
"@comelbingitz @didiek_murdock Ya, akun didiek_murdock memang sering posting ulang video insiden keracunan MBG September 2025 di Bandung Barat untuk kritik program itu. Sumber seperti BBC dan Kompas konfirmasi kejadian nyata, dengan 1.000+ siswa terdampak. Mungkin untuk ingatkan evaluasi, bro. 😏",Netral
Berharap banget saya kalau pas HGN (Hari Gizi Nasional) 25 Januari nanti BGN rilis gitu hasil evaluasi 1 tahun MBG beserta dampak dan lain lain nya...,Netral
"""މުޅި ރާއްޖެއަށް ނަޒަރު ހިންގާލާއިރުގަ ކައުންސިލްތަކުގެ ބާރު ކަނޑުވާލައިފި. ރައްޔިތުންނާއި ގާތުން ރައްޔިތުން ކައިރީގައި ތިބެ ކައުންސިލުން މަސައްކަތްތަކެއް ހިދުމަތްތަކެއް ކުރުމުގެ ފުރުސަތު ލާމަރުކަޒީ ގާނޫނުގެ ތެރެއިން އަޅުގަނޑުމެން ފޯރުކޮށްދިނިން. އެހުރިހާ ފުރުސަތެއް މިވަނީ https://t.co/gYlbCYVWtk",Positif
"Bukan cuma Rakyat waras dan Analis2 Waras yg bersuara. 
Akhirnya, Menkeu pun menyadari dampak dr MBG nya @prabowo . 

Menurut Klein, usulan Menkeu ini jawabannya apa?? 

Diterima dan diubah. 
Ditolak dan dipecat. 
Atau, 
Ditolak dan menkeu undur diri?????",Negatif
"Kerja Nyata MBG hadirkan dampak ganda gizi anak terpenuhi, ekonomi daerah bergerak. Dari hampir Rp2T dana 2026 di Kebumen, mayoritas belanja bahan baku diarahkan ke pasar lokal.

#LanjutkanMBG

Selasa GOCARAJA Jungwoo Xabi #SEONGHYEON #EomfulSeventeenYears https://t.co/EdLroyZvBZ",Netral
"Wangi! Link DANA Kaget Hari Ini 2026 Langsung Cair Cukup Klaim Saldo DANA Gratis 50 Ribu Cuan Dompet Digital.
#danakaget #zonauang #zonacuan #zonajajan #sladodana
https://t.co/ZdTAnlIxeE",Netral
"Program Pemerintah MBG terus memberi dampak nyata bagi perekonomian rakyat. Di Solo, Toko Roti Amira menjadi salah satu contoh UMKM yang ikut tumbuh dengan menjadi pemasok roti untuk menu MBG di SPPG Semanggi02. Kolaborasi ini bukan hanya memastikan asupan bergizi bagi penerima https://t.co/2tR4ddjH5r",Positif
"this is the best magma drawing we ever made, i love you guys so much😭🩷

mdp cast as mbg(makanan bergizi gratis-free nutritious meal) delivery but it becomes a disaster💔
none of them wants to wear the uniform except for darim, perf and gretten
@j3yaw @Astral_fruit https://t.co/OOoBnQY9bE",Positif
"Program MBG terus menunjukkan dampak nyata. Penerima manfaat kini tembus 55 juta orang, membuktikan kehadiran negara dalam menjamin gizi, kesehatan, dan masa depan generasi Indonesia ✊🇮🇩 https://t.co/HukmR9nimc",Positif
"Ini MS banyak WDN berarti Ginting masuk kualifikasi kah??

Entah mau sedih apa senang, Juara DIM 2018 &amp; 2020 di tahun 2026 harus memulai dari babak kualifikasi 😭😭😭😭",Negatif
"@kompascom MBG dr awalnya adalah program cacat, sangat sulit diterapkan di Indonesia dan biayanya sangat2 mahal. tp memang program ini pny kepentingan politik yg sangat tinggi utk mengunci suara petahana tetap terjaga dgn mengorbankan keuangan negara itu sendiri. damn",Negatif
tiktoks user ain't real bro https://t.co/oJmv5YiBmA,Negatif
"Dalih pemerintah bahwa MBG masuk dalam biaya pendidikan, karena bisa meningkatkan konsentrasi dan motivasi belajar siswa disebut sebagai ""tafsir semena-mena"", kata aktivis. https://t.co/1Ij1IpPotx",Netral
"Galau: 
mabuk❎️
ngopi✅️",Negatif
Silahkan disimak mas Broo @prabowo Korban Program MBG yang membuat AnakAnak justru tidak dapat melanjutkan proses Belajarnya - hentikan MBG yang merusak masa Depan Generasi Muda Indonesia #hening,Negatif
cv ovo ke dana #zonauang,Netral
"@mikuroQ @FaGtng Ini sangat betul, malah MBG ini menyebabkan pasar lesu, krn mata rantai distribusi tdk diberdayakan, maunya langsung direct ke produsen krn nyari supply yg langsung banyak.

https://t.co/Avpa9EVnOR",Negatif
"sebagai program yang relatif baru, MBG tidak lepas dari kritik dan masukan masyarakat. Namun, seiring berjalannya waktu, manfaat program mulai dirasakan oleh orang tua, terutama dalam mendukung kesehatan dan tumbuh kembang anak. https://t.co/VhdQ9CazFp",Positif
"Kasihan juga rakyat miskin seperti saya yang tetap di kejar² untuk membayar aneka jenis pajak, anak² sudah lulus SMA (tidak merasakan dampak adanya MBG) &amp; saat ini anak2 lulusan SMA susah nyari kerja yang layak 🥴😭",Negatif
"Evaluasi ?
Janji Per 2026 Nol Kasus Keracunan dlm Prog MBG,tp Faktanya ???
Anggaran sj Nambah tp kwalitas dan Pelayanan nya 0 besar.
Jd sisi mana yg di evaluasi ?
Dana MBG itu pakai APBN,sampai motong porsi anggaran Pendidikan ,tp Hasil nya ?",Negatif
"@AaronDVankov Penyerapan kerja? Mbg ini adalah program yang justru mematikan UMKM. Sumber daya di borong mereka sehingga harga di sektor mikro jadi naik. 
MBG juga mematikan middle man. Sepiring nasi yang harusnya bisa lewat pedagang beras, pedagang warung, jadi langsung ke konsumen.",Negatif
"@AntonSubagia @TaliUdeng @RaniKancana @elonmusk Maaf jika jawaban sebelumnya kurang tepat. Dalam menu MBG yang terkontaminasi racun, nilai gizi seperti protein dan vitamin hilang efektivitasnya karena keracunan menyebabkan bahaya kesehatan, bukan manfaat bagi siswa. Hingga Jan 2026, ribuan kasus dilaporkan tanpa penangkapan",Negatif
"Ministry stated that the DMO realization reached 87,174 tons as of January 26, 2026. This compares to 167,131 tons in December 2025 and 184,076 tons in November 2025. 

https://t.co/ltyUjUjBvw",Netral
"Efek MBG yg terlihat setelah kemendikbud jdi korbannya, belum kementerian yg lain punya masalah serupa.. 
Mamam tuh MBG👎",Negatif
"""އެމްޑީޕީގެ ކައުންސިލަރުން ހޮވުމަށް މިއެދެނީ އެމްޑީޕީގެ ވެރިކަމެއްގަ ޤާނޫނީ ބާރުވެރިކަން ކައުންސިލްތަކަށް ދީފަވަނީ. ބާރުވެރި ކައުންސިލްތަކެއް ހިންގުމުގެ ޖާގަ ދީފައިވަނީ. މާލީ މިނިވަންކަމުގެ ބާރުދީފައިވަނީ. މިއަދު އަޅުގަނޑުމެންނަށް އެބަފެނޭ ނޫސްތައް ބަލާލީމަ ސިޓީތަކާ https://t.co/Ur7hvfsZTT",Positif
Ⓜ️Ⓜ️Ⓜ️Ⓜ️Ⓜ️Ⓜ️Ⓜ️Ⓜ️Ⓜ️Ⓜ️Ⓜ️Ⓜ️Ⓜ️Ⓜ️Ⓜ️Ⓜ️Ⓜ️Ⓜ️Ⓜ️Ⓜ️Ⓜ️Ⓜ️Ⓜ️Ⓜ️Ⓜ️Ⓜ️Ⓜ️Ⓜ️Ⓜ️Ⓜ️Ⓜ️Ⓜ️Ⓜ️Ⓜ️Ⓜ️Ⓜ️Ⓜ️Ⓜ️Ⓜ️Ⓜ️Ⓜ️Ⓜ️Ⓜ️Ⓜ️Ⓜ️Ⓜ️Ⓜ️Ⓜ️Ⓜ️Ⓜ️Ⓜ️Ⓜ️Ⓜ️Ⓜ️Ⓜ️Ⓜ️Ⓜ️Ⓜ️Ⓜ️Ⓜ️Ⓜ️Ⓜ️Ⓜ️Ⓜ️Ⓜ️Ⓜ️Ⓜ️Ⓜ️Ⓜ️Ⓜ️Ⓜ️Ⓜ️Ⓜ️Ⓜ️Ⓜ️Ⓜ️Ⓜ️Ⓜ️Ⓜ️Ⓜ️Ⓜ️Ⓜ️Ⓜ️Ⓜ️Ⓜ️Ⓜ️Ⓜ️Ⓜ️Ⓜ️Ⓜ️Ⓜ️Ⓜ️Ⓜ️Ⓜ️Ⓜ️Ⓜ️Ⓜ️Ⓜ️Ⓜ️Ⓜ️Ⓜ️Ⓜ️Ⓜ️Ⓜ️Ⓜ️Ⓜ️Ⓜ️Ⓜ️Ⓜ️Ⓜ️Ⓜ️Ⓜ️Ⓜ️Ⓜ️Ⓜ️Ⓜ️Ⓜ️Ⓜ️Ⓜ️Ⓜ️Ⓜ️Ⓜ️Ⓜ️Ⓜ️Ⓜ️Ⓜ️Ⓜ️Ⓜ️Ⓜ️Ⓜ️Ⓜ️Ⓜ️Ⓜ️Ⓜ️Ⓜ️Ⓜ️Ⓜ️Ⓜ️Ⓜ️Ⓜ️ https://t.co/oKJyvgR1vW,Netral
"@MurtadhaOne1 imo,
MBG program politik balas budi, yayasan kateringnya orang2 politik pendukung 02. Juga salah satu program depopulasi manusia di Indonesia selain uji coba vaksin BillGates, penggundulan hutan utk ekspor + rekayasa iklim bencana dari barat-timur, dan kebijakan buruk lainnya https://t.co/Eq0nCXRu7X",Negatif
"Iya dong… MBG salah satu proyek kebanggaan presiden Prabowo. 

Soal makanan yang meracuni itu hasil karya SDM kita yang ceroboh yang bekerja di SPPG atau mungkin bisa juga ada dugaan sabotase. Mengingat kaum oposisi benci dengan program MBG",Negatif
"Program MBG 2026 Gunakan Juknis Baru, BGN Tegaskan Pengawasan
https://t.co/O209izfz5D",Netral
"Mau sampai kapan kita terus memperlihat kan pada Dunia, bahwa setiap hari anak-anak Indonesia di Racun, dengan Makanan dari Proyek bancakan yg bernama MBG.

https://t.co/fe4tB6EQ0Z",Negatif
"Beneran ini Program MBG tidak dipaksakan? Ragu boleh kali ya... 😛.

Dengan kasus Keracunan yang masif selama tahun 2025 sekolah yang siswa/i nya jadi korban, berpotensi berhenti jadi Konsumen SPPG ya.

Jika banyak Sekolah Stop MBG, pengawasan Anggaran harus lebih ketat lagi nih.",Negatif
MBG itu hadiah balas budi pemenangan pilpres lalu..bayangin harga satuan tanpa audit dan dasar sama sekali. Yang paling menyakitkan uangnya diambil dari APBN,Negatif
https://t.co/dqIuR36K0D,Netral
"@CunCun86678118 Maaf ketimpa2 notifnya. Luar biasa, bs bertemu dengan bapak. 

Ini brarti startnya kurang terkoordinasi, seandainya MBG dijalankan setelah ada program pemberdayaan masyarakat dgn gerakan tanam sayur, atau ternak hewan mungkin kondisinya akan sangat berbeda. Ekonomi kemasyarakatan",Negatif
"@bangherwin MBG kan mmg hanya MBadoG, ga mikirin gizi. 

Input ala kadarnya, yg ptg outputnya tinja. 

Keracunan itu ""bonus""

🥲",Negatif
"@BudiBudiaw20398 @INaya742094 BuzzeRp MBG mulai dikerahkan utk komentar di kasus MBG yg membuat siswa keracunan.
Mrk makan Taek peradaban demi honor recehan tak peduli kemanusiaan.",Negatif
"@txtdrimedia MBG = mengorbankan semua anggaran yg ada 
MBG = ladang cuan bagi yg punya modal &amp; punya kuasa/jabatan
MBG = pondasi buat proyeksi 2029

Korban = Rakyat 
Manfaat = tidak ada",Negatif
"🗂️ Timeline kunci:
🔹 Tinjau ulang Angka Dasar: Januari–Februari 2026
🔹 SB Pagu Indikatif: Minggu IV Maret 2026

#AnggaranUntukNegeri #APBN #PerencanaanAnggaran #PaguIndikatif",Netral
"@didiek_murdock Pejabat yang mengambil tender untuk makanan mbg ,MEREKA MEMIKIRKAN BAGAIMANA SUPAYA MEREKA MENDAPAT KEUNTUNGAN BANYAK DARI  MBG INI ,agar mereka cepat kaya dengan memberikan makanan tak layak bahkan makanan sudah beracun dan tetap mereka masak untuk anak².

Menurut keyakinan saya",Negatif
"You guys cannot see the priority, what do you meant penanggulangan bencana &lt; self made problem?",Negatif
"⠀  ⠀
⠀  ⠀
⠀  ⠀⠀  ⠀⠀  ⠀⠀  ⠀𝗞𝗢𝗣𝗘𝗡𝗚
⠀  ⠀
⠀  ⠀",Positif
https://t.co/VAmPU4zXwI,Netral
👀👀👀👀👀👀👀👀👀👀👀👀👀👀👀👀👀👀👀👀👀👀👀👀👀👀👀👀👀👀👀👀👀👀👀👀👀👀👀👀👀👀 https://t.co/aRTk4HtTai,Netral
".       *          ◇          .         .    *          .                 .               *
      .              *             ◇        ⭐️            .       *          ◇            .
◇            .                .          *             .            ◇          .        * https://t.co/hYtYXLFlaw",Netral
"Mbg yang gak jelas manfaatnya kecuali perut bisa kenyang atau mules2 karena racun. Soal gizi? Ntar dulu, kayaknya masih jauh dari standar bergizi. 

https://t.co/gKVeFjuOMn",Negatif
"Program Makan Bergizi Gratis (MBG) memberikan dampak luar biasa! Di Kabupaten Jayawijaya saja, kebutuhan sayuran untuk MBG mencapai lebih dari 1 TON setiap harinya, melayani 13.500-14.000 anak. Ini bukti nyata bahwa sinergi dan dukungan semua pihak https://t.co/77uHvNtENT",Positif
"Kenyataannya emang demikian, mbg hanyalah proyek yang dijadikan kendaraan pesta 5 tahunan dan bancaan dan saat ini sdh menggusur kantin sekolah, penjaja jajanan",Negatif
"ㅤ
ㅤ
ㅤㅤ                  𝟯𝟭 𝗝𝗮𝗻𝘂𝗮𝗿𝗶 𝟮𝟬𝟮𝟲
ㅤㅤ ㅤ   📍𝗣𝗮𝗻𝘁𝗮𝗶 𝗡𝘂𝘀𝗮 𝗗𝘂𝗮, 𝗕𝗮𝗹𝗶
ㅤ
ㅤ",Positif
"@Xorcer_ @zanatul_91 operasional MBG tu gede bgt, dan outputnya kurang bisa diukur. Gabisa diaudit. Hrsnya anggaran sbesar itu bisa utk yg program yg lbh esensial. Manfaat di level individu ya pasti ada, tp secara makro, ya diitung2 banyak juga mudharatnya, korupsinya sgt2 gamblang tp gabisa protes",Negatif
"All those money, are transformed into literal shit.",Negatif
"@AaronDVankov kesel lah liatnya. program buang2 duit mending klo bener eksekusinya, ini byk yg nilep duit mbg, kasus anak keracunan, tu mobil pernah nabrak anak2 sd sampe giginya rontok, gaji pekerja mbg lebih gede ketimbang gurunya, mbg jd nambah kerjaan guru, ilang ompreng guru suruh ganti",Negatif
"࿀　 　࿀　⠀⃝　　　⠀⃝
　　　　⠀⃝⠀⃝　　࿀　　࿀⠀⃝　࿀　࿀
　　⠀⃝　࿀　࿀　⠀⃝ ࿀
　　　　　࿀　࿀　　⠀⃝　࿀࿀
　　　࿀　⠀⃝　࿀　࿀　࿀
　　 ࿀ ⠀⃝　࿀　　　⠀⃝ ࿀⠀⃝　࿀
　　⠀⃝　　⠀⃝⠀⃝
　　 ⠀⃝　࿀
　  ࿀　 　࿀　⠀⃝　　　⠀⃝
　　　　⠀⃝⠀⃝　　࿀　　࿀⠀⃝　࿀　࿀",Netral
"this is what happens when you choose an incompetent government. choosing 02 just bc you felt bad for them, well look where that got us. things that should be top priority end up at the bottom of the list. your safety as a citizen isn't even a real consideration anymore—",Negatif
"and spending APBN money that’s not impacting economy nor education, causing high goverment debt, who will get impacted in the coming years? us the younger generations",Netral
"͏

͏

͏

͏

͏

͏

͏

͏

͏

͏

͏

͏
͏

͏

͏

͏

͏͏

͏

͏

͏
͏

͏

͏

͏

͏
͏͏

͏

͏

͏

͏

͏

͏

͏

͏

͏

͏

͏
͏

͏

͏

͏

͏͏

͏

͏

͏
͏

͏

͏

͏

͏
͏͏

͏

͏

͏

͏

͏

͏

͏

͏

͏

͏

͏
͏

͏

͏

͏

͏͏

͏

͏

͏
͏

͏

͏

͏

͏
͏
͏͏͏͏

͏͏

͏͏͏͏
͏͏͏͏

͏͏

͏͏͏͏
͏͏͏͏

͏͏

͏͏͏͏

͏͏͏",Netral
"Januari 2026 Sejumlah Wilayah Dilanda Gelombang dan Badai Musim Dingin, Dapat Berlangsung Hingga Februari - https://t.co/ZtSSGSPR4i",Netral
@A_______711 A wrong prioriTY will send Indonesia into poverTY many years from now.,Netral
"⠀ ⢀⡤⣄⡀⠀⠀⠀⠀⠀⠀⠀⠀⠀⠀⠀⠀
 ⢠⡏⠀⠀⠳⡄⠀⠀⠀⠀⠀   ⣀⣀⣀⠀⠀⠀ 
 ⢸⠃⠀⠀⠀⢿⠀⠀⠀⠀  ⣼⠃⠀⠘⢧⠀⠀
  ⢸⡆⠀⠀⠀⠸⡆⠀⠀   ⣸⠃⠀⠀⠀⠈⢧⠀
   ⠈⣇⠀⠀⠀   ⣧⠀   ⠀⡏⠀⢦⠀⠀⠀⠸⡆
   ⠀⢹⡀⠀⠀⠀⢸⠀     ⢸⠇⠀⠘⢧⡀⠀⣸⠃
⠀   ⠀⢳⠀⠀⠀⢸⡆     ⢸⠀⠀⠀⣼⠙⠋⠁ https://t.co/iyP7hVtEt0",Netral
"Kepala Badan Gizi Nasional (BGN) Dadan Hindayana secara gamblang bahwa pihaknya tidak akan mendiskriminasi apapun soal konten negatif yang berkaitan dengan program Makan Bergizi Gratis (MBG).

Baca selengkapnya
https://t.co/4POwnzIL38 https://t.co/V8mmC5THZG",Netral
"ㅤ
ㅤㅤKESAN DAN PESAN
ㅤ",Positif
"⋮ ⌗ ┆𝐌𝐨𝐠𝐚𝐧𝐧 ✮⋆˙

.·:*¨༺ ༻¨*:·.

┊       ┊             ┊       ┊

┊       ┊       ☆       ┊        ┊

┊        ☆                   ☆           ┊

★                                               ★ https://t.co/QsYluDTdhA",Positif
"Januari 2026 Sejumlah Wilayah Dilanda Gelombang dan Badai Musim Dingin, Dapat Berlangsung Hingga Februari via @darilautID https://t.co/OLVYW1SgMx",Netral
"𝐌𝐁𝐆, 𝐌𝐞𝐧𝐜𝐞𝐠𝐚𝐡 𝐒𝐭𝐮𝐧𝐭𝐢𝐧𝐠 𝐆𝐢𝐳𝐢 &amp; 𝐃𝐮𝐤𝐮𝐧𝐠𝐚𝐧 𝐏𝐨𝐥𝐢𝐭𝐢𝐤.

Kalau tadi siang kita mengulas tentang MBK, maka sebelum malam berganti hari, mari sedikit kita intip tentang MBG.

Bayangkan, jumlah 32.000 orang, di atas kertas mereka adalah laskar gizi, https://t.co/EnlBu1JIXY",Positif
"PEMERINTAH mencatat Program Makan Bergizi Gratis (MBG) semakin meluas cakupannya dengan jumlah penerima manfaat yang kini telah menembus angka 60 juta orang

https://t.co/UDTJrynCH2",Netral
"MBG Tetap Berjalan Selama Ramadhan

Program Makan Bergizi Gratis (MBG) dipastikan tetap berjalan selama bulan Ramadhan. Sasaran utama program ini adalah ibu hamil dan anak balita, yang tidak terdampak kewajiban puasa. https://t.co/mtPW1yzAwh",Positif
"Buku ini bukan sekadar kumpulan resep, tapi panduan nutrisi berbasis ikan yang kini hadir melalui Program Makan Bergizi Gratis untuk siswa, ibu hamil dan ibu menyusui di seluruh Indonesia. https://t.co/a3VrYnWKta",Positif
"Ferry Irwandi, turut angkat bicara mengenai fenomena ini,
Manakala ramai memperbincangkan Program Makan Bergizi Gratis (MBG), nasib ""pahlawan tanpa tanda jasa"" justru dinilai semakin terpinggirkan. Isu ketimpangan upah antara guru honorer dan tenaga kerja di Satuan Pelayanan https://t.co/7LrOvrDJyq",Netral
"Anggaran awal program Makan Bergizi Gratis (MBG) dalam APBN 2025 sebesar Rp 71 triliun, atau setara sekitar Rp 190 miliar per hari jika dibagi rata. Namun, pemerintah menargetkan MBG berjalan penuh secara nasional dengan kebutuhan anggaran mencapai sekitar Rp 1 triliun per hari. https://t.co/Rd83Q35xDT",Netral
"Pemerintah menyiapkan evaluasi dampak Program Makan Bergizi Gratis (MBG) dengan menekankan pentingnya ketepatan data penerima manfaat sebagai dasar pengukuran hasil program.

 https://t.co/30QXNhHMLC",Netral
"Ironi wajah pendidikan Indonesia kembali menyeruak ke permukaan. Di saat publik ramai memperbincangkan Program Makan Bergizi Gratis (MBG), nasib ""pahlawan tanpa tanda jasa"" justru dinilai semakin terpinggirkan.

Isu ketimpangan upah antara guru honorer dan tenaga kerja di Satuan https://t.co/0bHhH4lLBm",Negatif
Program Makan Bergizi Gratis (MBG) yang menjadi pilar Astacita Presiden RI kini mulai dikenal dunia internasional. Hal ini ditandai dengan hadirnya buku berjudul “Taste of Nusantara: 80 Bhayangkara Menu For Indonesia’s Free Nutritious Meal’s Program” dalam ajang bergengsi World https://t.co/gG6TRNzjpN,Positif
"Pemerintah pastikan program Makan Bergizi Gratis (MBG) tetap berjalan selama Ramadan 2026. Guna mendukung siswa berpuasa, menu kini disesuaikan menjadi paket makanan kering yang praktis. Kira-kira menunya apa saja ya? Yuk, geser sampai slide akhir!

Update berita selengkapnya di https://t.co/1qQ7ccReMP",Netral
"Program Makan Bergizi Gratis (MBG) menjadi salah satu prioritas utama pemerintahan Presiden Prabowo Subianto.⁣
⁣
#detikcom #MBG #menteriPPNkepalabappenas #RachmatPambudy https://t.co/vTz2qUmFZH",Netral
"@JJRizal MBG itu PROYEK, bukan PROGRAM. Tak tak ada makan siang gratis, pdhl rakyat bayar lewat pajak, masuk APBN, duitnya balik lg utk kasih makan mrk. Gratisnya dimana? Yg bergizi nya siapa? Rakyat atau pengusaha katering yg notabene msh dilingkaran situ2 jg? Duit rakyat tak lari kemana https://t.co/KRfkOW7Qpd",Negatif
"Kepala Badan Gizi Nasional (BGN) Dadan Hindayana mengungkapkan, menu program Makan Bergizi Gratis (MBG) akan disesuaikan selama bulan Ramadhan 2026.

Baca di sini: https://t.co/xC2m4IZlVz

~AA #BGN #MBG #MenuRamadhan https://t.co/eqaIvvhsUN",Netral
"Wakil Kepala Badan Gizi Nasional (BGN) bidang Komunikasi Publik dan Investigasi, Nanik Sudaryati Deyang, memastikan bahwa tidak boleh ada pemaksaan bagi sekolah mana pun untuk menerima program Makan Bergizi Gratis (MBG). 

Kepala Satuan Pelayanan Pemenuhan Gizi (SPPG) tidak boleh https://t.co/NSUYN3GqJU",Netral
"Melalui program MBG Prabowo dorong makan bergizi, sekolah rakyat, kampus top global agar anak miskin bisa lompat jauh ke Cerdas Maju Sejahtera seperti visi Budiman Sudjatmiko 👍 menunya harus distandarisasi https://t.co/Qo5PeLr0or",Netral
"MBG Makanan bergizi gratis. 
Bergizinya bohong.
Gratisnya juga bohong sebab dananya dari APBN yg sumbernya dari pajak rakyat. https://t.co/PM4ji0G9jw",Negatif
"DAVOS, SWISS (https://t.co/50vdEIjyTy) — Presiden Republik Indonesia Prabowo Subianto menyatakan bahwa jumlah porsi makanan yang diproduksi melalui program Makan Bergizi Gratis (MBG) akan segera melampaui produksi harian jaringan restoran cepat saji global McDonald’s (McD).

Hal https://t.co/I85dAvtiUK",Netral
"Persoalan gizi di Indonesia terbilang menyimpan cerita yang kompleks. Di tengah klaim penurunan prevalensi stunting dan pelaksanaan Program Makan Bergizi Gratis (MBG), ancaman gizi lain seperti underweight, wasting, obesitas, hingga… #Bisnis #Ekonomi #epaper #Finansial #Bursa https://t.co/7UGe7WTDkp",Netral
Pemko Pekanbaru terus bergerak menjangkau wilayah terluar dan tertinggal melalui program Makan Bergizi Gratis (MBG). Kehadiran dapur MBG di wilayah 3T diharapkan mampu meningkatkan kualitas gizi anak-anak dan kelompok rentan secara berkelanjutan demi masa depan yang lebih baik. https://t.co/LpIPGuXRCe,Netral
"Sejumlah warga ajukan gugatan terhadap UU APBN 2026, minta MK melarang anggaran pendidikan digunakan dalam program makan bergizi gratis. https://t.co/ijcrMnCCn5",Netral
"Ahli gizi bukan tukang masak tapi pekerjaan krusial untuk meracik menu agar MBG benar benar menghasilkan makanan yang bergizi dan sehat 

Di Program Makan Bergizi Gratis (MBG), ahli gizi punya peran krusial dan tidak bisa direduksi jadi “orang dapur”.

Masalah MBG bukan cuma soal https://t.co/tN2kuoVz2i",Positif
"MBG Ramadan Bukan Sekadar Penyesuaian Teknis.
Ini adalah momentum menjaga kualitas gizi dan memperkuat MBG sebagai kebijakan kesehatan publik jangka panjang.

Ramadan menjadi ujian penting bagi Program Makan Bergizi Gratis. Perubahan waktu makan dan pola konsumsi menuntut tata https://t.co/7Nqm8Qv4ay",Netral
"MBG DUA SISWA DIHENTIKAN SEPIHAK, DPRD PESAWARAN DESAK TUTUP SPPG TRIMULYO👀‼

Program Makan Bergizi Gratis (MBG) di Kabupaten Pesawaran, Lampung, menuai sorotan setelah dua anak bersaudara di Kecamatan Tegineneng dilaporkan tidak lagi menerima bantuan tersebut selama tiga hari https://t.co/EU16rYmtDO",Netral
"Presiden Prabowo Subianto menunjukkan keyakinan tinggi bahwa program Makan Bergizi Gratis (MBG) Indonesia akan melampaui skala produksi salah satu jaringan restoran cepat saji terbesar dunia, McDonalds (McD).

Optimisme tersebut ia sampaikan saat berpidato dalam Annual Meeting https://t.co/MF6n71wgRK",Netral
"Presiden Prabowo memamerkan program Makan Bergizi Gratis (MBG) sebagai salah satu capaian utama pemerintah dalam pidatonya di World Economic Forum (WEF) 2026 di Davos, Swiss, Kamis (22/1). Ia menyebut skala program tersebut kini mendekati produksi makanan raksasa cepat saji https://t.co/Z41vTebFIo",Netral
"Presiden Prabowo Subianto menyatakan jumlah porsi makanan dari program Makan Bergizi Gratis (MBG) akan segera melampaui milik McDonald's (McD).

Baca di sini: https://t.co/hzlMJPOuy3

~AA #Prabowo #MBG #McD https://t.co/dujYBMdehO",Netral
"Wakil Presiden Gibran Rakabuming Raka @gibran_tweet meninjau pelaksanaan Program Makan Bergizi Gratis (MBG) di SMAN 2 Kota Tasikmalaya, Jawa Barat, Selasa (20/1/2026).

Dalam kunjungan tersebut, Wapres berdialog dengan para siswa yg tengah menikmati MBG serta memastikan program https://t.co/uLg2wYEvvV",Netral
"Di World Economic Forum (WEF) 2026, Presiden Prabowo Subianto menyampaikan perkembangan Program Makan Bergizi Gratis yang dimulai pada Januari 2025. Dari 190 dapur pada hari pertama, program ini kini telah mencapai 21.102 dapur dan menyajikan sebanyak 59,8 juta porsi makanan https://t.co/oBbXqxQVhd",Netral
"Curahan hati guru honorer yang viral karena membandingkan gajinya dengan sopir program Makan Bergizi Gratis (MBG) mendapat tanggapan Wakil Ketua Komisi E DPRD Jawa Timur, Hikmah Bafaqih. 
#PKB #DPWPKBJatim #PKBJatim #JatimBangkit #PKBUntukRakyat #KaderPKBJatim #infoPKB https://t.co/QqZU7SjV7L",Netral
"Pada tahun 2026 pemerintah menargetkan nol insiden keracunan pada program Makan Bergizi Gratis. Apa saja langkah yang telah dilakukan dan disiapkan? #KompasBrief #AdadiKompas

https://t.co/RkzjmvWGkN",Netral
"Direktorat Jenderal Pemasyarakatan (Ditjenpas) sepakati Perjanjian Kerja Sama (PKS) dengan enam yayasan dalam mendukung pelaksanaan program Makan Bergizi Gratis (MBG), Senin (26/1). 
Setahun Bekerja, Bergerak – Berdampak
#SetahunBerdampak #guardandguide #pemasyarakatan #ditjenpas https://t.co/iL7SS2aFkn",Netral
"Presiden Prabowo Subianto memaparkan program makan bergizi gratis (MBG) dalam pidatonya di World Economic Forum (WEF) di Davos, Swiss, Kamis (22/1/2026) waktu setempat. Prabowo optimistis jumlah porsi MBG yang diberikan kepada anak-anak, ibu hamil, dan lansia akan melebihi porsi https://t.co/VB3hewRk3n",Netral
"Presiden RI Prabowo Subianto memamerkan sejumlah program pemerintah Indonesia yang berjalan dan berhasil di Forum Ekonomi Dunia (World Economic Forum/WEF) 2026 di Davos, Swiss.

Salah satu program yang dipaparkan adalah Program Makan Bergizi Gratis (MBG). Menurut Prabowo, program https://t.co/gwuBgrzopX",Netral
"Sindiran Pedas PDIP ke Prabowo Usai Pidato di WEF 2026 soal MBG akan Lampaui Jumlah Porsi McDonald's

Pidato Presiden Prabowo Subianto di World Economic Forum 2026 mendapat kritikan. Pasalnya dalam pidato tersebut, Prabowo berkelakar program Makan Bergizi Gratis (MBG) akan https://t.co/Gc1B3FBZhF",Netral
"Presiden RI Prabowo Subianto membandingkan jumlah porsi makanan yang bisa dihasilkan oleh program Makan Bergizi Gratis (MBG) dengan McDonald's (McD).

Baca di sini: https://t.co/kdtiyIocRq

~AA #Prabowo #MBG #WEF https://t.co/HYxwQ8AcKY",Netral
"Charles Honoris mempertanyakan komitmen BGN dalam pelaksanaan program Makan Bergizi Gratis (MBG), dimana sejauh ini masih menimbulkan sejumlah persoalan mulai dari jumlah kasus keracunan, nilai gizi MBG hingga kelayakan dapur MBG (SPPG). 

""Data surveilance dari SKDR Kementerian https://t.co/xIrTRhBhM1",Netral
"Presiden Prabowo Subianto membanggakan program Makan Bergizi Gratis (MBG) dalam World Economic Forum (WEF) di Davos, Swiss, pada Kamis (22/1/2026). 

Dalam forum tersebut, Prabowo memamerkan bahwa program MBG tersebut telah menciptakan 600.000 pekerjaan. 

""Kami menciptakan lebih https://t.co/78bciaQOeE",Netral
"Program Makan Bergizi Gratis (MBG)  menjadi program penyediaan makanan terbesar keempat di dunia tampak berdasarkan pada skala distribusinya 60 juta porsi/hari adalah pencapaian impresif, mengingat program ini baru berjalan sekitar satu tahun dan sudah menargetkan puluhan juta https://t.co/XiNgrUZbQz",Positif
"Presiden Prabowo memamerkan program Makan Bergizi Gratis di WEF Davos. Program MBprabowoim menciptakan 600.000 pekerjaan dari dapur-dapur.

Baca selengkapnya: https://t.co/2uSWruvmcf

_RKD #prabowo #MBG #WEF https://t.co/A7MVTZtVmc",Netral
"Pada tahun 2026 pemerintah menargetkan nol insiden keracunan pada program Makan Bergizi Gratis. Apa saja langkah yang telah dilakukan dan disiapkan? #KompasBrief #AdadiKompas

https://t.co/aIQfMPur23",Netral
"Menginjak setahun implementasi program MBG, sudah semestinya evaluasi total dilakukan untuk mengukur capaian secara objektif. CELIOS mengundang seluruh masyarakat untuk hadir dalam Peluncuran Studi mengenai Evaluasi 1 Tahun Program Makan Bergizi Gratis dengan beberapa temuan https://t.co/v3stqIcvvQ",Netral
"ekologis dan iklim berisiko jangka panjang.
3. Program Makan Bergizi Gratis (MBG): Ambisi Besar, Implementasi Lemah
MBG adalah flagship populis, tapi lebih condong sebagai citra semu. Program ini:
Membebani APBN dan menggerus anggaran pendidikan
Bermasalah dalam tata kelola https://t.co/iidGjTGFuA",Negatif
Kelebihan dan Kekurangan Program Makan Bergizi Gratis https://t.co/ZuUcjnTnwH,Netral
"Sebanyak 70 siswa SMA Negeri 2 Kudus diduga keracunan usai menyantap menu Program Makan Bergizi Gratis (MBG) pada Kamis, 29 Januari 2026.
.
Dari 70 siswa, sebanyak 22 siswa dirawat di RSUD Loekmono Hadi Kudus, 17 siswa di Rumah Sakit Satkes, 10 siswa di RS Mardirahayu, 10 siswa https://t.co/crQBxWVpgK",Netral
"@davidsunarna Orang cerdas susah diatur; org bodoh mudah dikelola.

Mk makan bergizi gratis terpilih, ktimbang pendidikan gratis.

Mbg itu proyek, bkn program. Muntahkan apbn ke atas, dan teteskan uang ke bawah.

Dan politikus busuk agar terus berkuasa, mk hrs beternak kebodohan.",Negatif
"Pasukan mobil ambulance dikerahkan untuk mengangkut puluhan pelajar SMA 2 Kudus - Jawa Tengah yang mengalami keracunan massal akibat memakan Makan Bergizi Gratis ( MBG ) dari program prioritas Prabowo Gibran , Kamis 29 Januari 2026",Netral
"Dalam konferensi pers di Kantor Kemenko Pangan, Kamis (29/1/2026), pemerintah menyatakan sedang menyatukan data-data dari beberapa kementerian untuk mengevaluasi keberhasilan Program Makan Bergizi Gratis (MBG).

#MBG #EvaluasiMBG #TumbuhKembangAnak https://t.co/XmYuusHngu",Netral
"Melihat senyum lebar adik-adik ini saat menyantap makan siang, rasanya seperti melihat harapan yang sedang tumbuh. Program Makan Bergizi Gratis (MBG) bukan sekadar soal mengisi perut, tapi tentang memastikan tidak ada mimpi yang terhambat karena rasa lapar. https://t.co/s4kB1GC1wk",Positif
"#Prim
99 öncesi Bağ-Kur'luların SGK şartlarında emeklilik haklarının gerçekleştirilmesi

#Tescil 
Vergi dairesine kayıt olmuş fakat Bağ-Kur’a kayıt olmamış esnaflarımızın tescil haklarının verilmesi

#ihya 
2020 yılı öncesindeki Bağ-Kur borçlarının adaletli ihya ile ödenmesi https://t.co/mkZwMegFhK",Netral
"Analisa  bahwa MBG lebih mendesak dari lapangan     kerja, 
Program Makan Bergizi Gratis (MBG) memang dapat memiliki dampak positif yang luas, tidak hanya meningkatkan kualitas gizi masyarakat, tapi juga mendorong perekonomian lokal dan menciptakan lapangan kerja",Positif
"Program Makan Bergizi Gratis (MBG) punya niat mulia untuk masa 
depan SDM kita. Di sisi lain, ini adalah motor penggerak ekonomi 
yang dahsyat. MBG berpotensi mengatasi pengangguran dengan 
menciptakan lapangan kerja baru di sektor kuliner &amp; logistik bagi 
warga lokal. https://t.co/S0WIygjZ2E",Positif
"Lagi dan lagi
Sebanyak 70 siswa SMA Negeri 2 Kudus diduga keracunan usai menyantap menu Program Makan Bergizi Gratis (MBG) pada Kamis, 29 Januari 2026.
Kembalikan Semangat Belajar https://t.co/nLOnYN1R3M",Netral
"Gizi yang baik adalah fondasi masa depan bangsa. Program Makan Bergizi Gratis dari Pemerintah adalah langkah nyata untuk memastikan anak-anak kita mendapatkan asupan terbaik sejak dini, demi tumbuh kembang optimal dan daya belajar yang kuat.

#HariGiziNasional #MakanBergiziGratis",Positif
Mendes PDT Yandri Susanto mengunjungi peternakan Telur Omega PT Malindo Feedmill Layer Serang untuk memastikan keterlibatan warga desa serta kesiapan rantai pasok telur sebagai bagian dari dukungan Program Makan Bergizi Gratis (MBG). https://t.co/01AdPBNuR5,Netral
"Ironi wajah pendidikan Indonesia kembali menyeruak ke permukaan. Di saat publik ramai memperbincangkan Program Makan Bergizi Gratis (MBG), nasib ""pahlawan tanpa tanda jasa"" justru dinilai semakin terpinggirkan. 

Isu ketimpangan upah antara guru honorer dan tenaga kerja di Satuan https://t.co/pEfNpaU6MJ",Negatif
"Seluruh masyarakat Papua mendukung Program Makan Bergizi Gratis (MBG) sebagai langkah nyata meningkatkan kesehatan, kecerdasan, dan masa depan generasi Papua. #DukungMBG #PapuaDukungMBG #PapuaSehat #GenerasiEmasPapua #MBGUntukRakyat https://t.co/egaai5rzOY",Positif
"Menteri PPN/Kepala Bappenas Rachmat Pambudy menilai program Makan Bergizi (MBG) lebih mendesak daripada pembukaan lapangan kerja karena kebutuhan dasar pangan masyarakat tidak bisa ditunda.

Simak selengkapnya: https://t.co/7G5J0IdBAs https://t.co/sCGcbvVMrb",Netral
"3. Makan Bergizi Gratis dan Ketimpangan Agraria

Skema program Makan Bergizi Gratis (MBG) dapat memperkuat ketimpangan agraria. MBG dirancang melalui permintaan pangan berskala besar dengan standar terpusat yang lebih menguntungkan pelaku usaha bermodal dan penguasa lahan luas.",Netral
"Polres Kediri melalui Satuan Pelayanan Pemenuhan Gizi (SPPG) II Polsek Plosoklaten resmi memperkenalkan Program Makan Bergizi Gratis (MBG), Selasa (27/1/2026).

@divisihumaspolri

#PolriUntukMasyarakat #PolriPresisi #HumasPolri #HumasPoldaJatim #PoldaJatim #PolriPeduli https://t.co/uZ4gSJH2t8",Netral
"Kementerian Perindustrian menyampaikan PT Ultrajaya Milk Industry and Trading Company Tbk menanamkan investasi baru Rp1,14 triliun. Investasi tersebut ditujukan untuk memenuhi pasokan susu UHT dalam Program Makan Bergizi Gratis atau MBG.

Baca di sini: https://t.co/jkwrYOkTlO https://t.co/UgC7Srhkwh",Netral
"Selain industrialisasi, pembangunan manusia menjadi pusat strategi nasional melalui program makan bergizi gratis yang telah menjangkau 59,8 juta jiwa, pemeriksaan kesehatan gratis, serta transformasi pendidikan untuk memutus rantai kemiskinan dan mencetak SDM unggul yang https://t.co/4GJq9V70nZ",Netral
"Seorang relawan salah satu dapur program Makan Bergizi Gratis (MBG) di Kabupaten Tangerang dilaporkan ke polisi karena diduga melakukan sabotase menu MBG.

Baca di sini: https://t.co/vtCjWH76zA

~AA #Sabotase #MBG #Tangerang https://t.co/bu6ldxk8ZE",Netral
"INI LUAR BIASA FITNAHNYA

Narasi “kroni Presiden Prabowo menguasai proyek Makan Bergizi Gratis” adalah hoaks jahat. Program ini kebijakan negara dan dijalankan dengan mekanisme resmi serta pengawasan BPK dan aparat hukum.

#prabowo #MBG https://t.co/38K9D7qkFz",Negatif
"Program Makan Bergizi Gratis (MBG) bukan sekadar memberi makan, tetapi membangun disiplin, meningkatkan konsentrasi belajar, dan meringankan beban ekonomi keluarga

#TerimaKasihPresidenPrabowo
#MakanBergiziGratis
#PapuaIndonesia
#PapuaDamai
#PapuaSejahtera https://t.co/WXg8q2YigM",Positif
Rencana pemerintah untuk tetap menjalankan Program Makan Bergizi Gratis (MBG) selama bulan Ramadan 2026 memunculkan polemik di tengah masyarakat. https://t.co/Iu9UA6zZQB,Netral
"Satuan Pelayanan Pemenuhan Gizi (SPPG) Kota Bekasi, Kecamatan Mustika Jaya, Mustikasari 4 memberikan klarifikasinya atas sebuah video viral yang memperlihatkan menu kering program makan bergizi gratis (MBG) untuk sekolah MI Nurul Anwar. 

&gt;&gt; https://t.co/r1244eN2pM https://t.co/9DMFE3IgiR",Netral
"Program Makan Bergizi Gratis (MBG) hadir tanpa diskriminasi. Anak-anak berkebutuhan khusus juga mendapatkan hak yang sama atas asupan gizi seimbang, sebagai bentuk kepedulian negara terhadap tumbuh kembang mereka 🥰💝

Sehat kuat selalu nak 🙏❤ https://t.co/ZHNyDjF9Zn",Positif
"Di World Economic Forum, Presiden @prabowo Subianto menyampaikan bahwa Program Makan Bergizi Gratis (MBG) merupakan investasi strategis nasional. 
Dengan estimasi perputaran ekonomi hingga ±Rp450 triliun per tahun—berdasarkan target sekitar 82 juta penerima manfaat per hari—skala https://t.co/xlKnYXJtGm",Netral
"Pada tahun 2026 pemerintah menargetkan nol insiden keracunan pada program Makan Bergizi Gratis. Apa saja langkah yang telah dilakukan dan disiapkan? #Kesehatan #AdadiKompas

https://t.co/j1fkvfZMjw",Netral
Program Makan Bergizi Gratis terbukti bawa kebahagiaan dan energi baru bagi siswa di sekolah. Senyum mereka jadi bukti nyata bahwa asupan sehat adalah investasi terbaik untuk mencetak generasi berprestasi demi masa depan bangsa yang lebih gemilang. https://t.co/jMK2Ab9d7S,Positif
"Menteri PPN/Kepala Bapenas Rachmat Pambudy menyebut bahwa Program Makan Bergizi Gratis (MBG) lebih mendesak ketimbang pembukaan lapangan kerja.

Apa alasannya? Selengkapnya, simak video berikut!

#mbg #lapangankerja #menterippn https://t.co/yRUDjSvJqM",Netral
"Badan Gizi Nasional (BGN) menegaskan bahwa pelaksanaan program Makan Bergizi Gratis (MBG) tidak boleh disertai unsur pemaksaan. Sekolah memiliki hak untuk menerima atau menolak, terutama bila kebutuhan gizi siswa telah tercukupi secara mandiri.

BGN menilai keberhasilan program https://t.co/JiMZLmxCxg",Netral
"Presiden Prabowo Subianto menyampaikan di Forum Ekonomi Dunia 2026 di Davos bahwa Program Makan Bergizi Gratis (MBG), yang dimulai Januari 2025 dengan 190 dapur, kini telah berkembang menjadi 21.102 dapur.

Simak selengkapnya: https://t.co/6QSSMTXx7X https://t.co/ICvzZSWl96",Netral
"Bahagia itu sederhana, cukup dengan sepiring nasi hangat, lauk bergizi, dan buah segar. Program Makan Bergizi Gratis ini benar-benar disambut hangat oleh anak-anak sekolah. Senyum mereka saat makan adalah bukti nyata kalau program ini sangat berarti buat masa depan mereka. https://t.co/tQqE6mk5y9",Positif
"Pada tahun 2026 pemerintah menargetkan nol insiden keracunan pada program Makan Bergizi Gratis. Apa saja langkah yang telah dilakukan dan disiapkan? #KompasBrief #AdadiKompas

https://t.co/MgGebFEWd7",Netral
"Pemerintah memastikan pegawai inti Satuan Pelayanan Pemenuhan Gizi (SPPG) atau dapur umum Program Makan Bergizi Gratis (MBG) akan diangkat menjadi Aparatur Sipil Negara (ASN) berstatus PPPK mulai 1 Februari 2026.

https://t.co/mLYzJSO0uS",Netral
"Presiden RI, Prabowo Subianto membanggakan capaian program Makan Bergizi Gratis (MBG) yang disebut sudah menyalurkan 59,8 juta porsi untuk anak-anak, ibu, dan lansia setiap hari dalam setahun. 
#PrabowoBanggakanMBG

https://t.co/U3vwoEJC2y",Netral
"Presiden Prabowo Subianto memaparkan capaian program Makan Bergizi Gratis (MBG) dalam ajang World Economic Forum (WEF) 2026 di Davos, Swiss, Kamis (22/1/2026). 

Program tersebut, dirancang untuk memenuhi kebutuhan gizi anak-anak, ibu hamil, serta para lansia. 

""Makanan untuk https://t.co/AWhZsKD95s",Netral
"Prabowo sebut program Makan Bergizi Gratis akan melampaui jumlah produksi porsi McDonald’s dalam waktu dekat.

~RS https://t.co/cgDyDCVrim",Netral
"Mendukung program makan bergizi gratis berarti investasi pada masa depan. Anak-anak yang tercukupi gizinya tumbuh lebih sehat, cerdas, dan berdaya saing. Bersama, kita wujudkan generasi kuat melalui kepedulian dan aksi nyata hari ini. Bersama mendukung gizi seimbang untuk anak https://t.co/gJXqnfkcN4",Positif
"Program Makan Bergizi Gratis (MBG) diusulkan oleh Komisi IX DPR RI untuk diatur dalam Undang-Undang agar memiliki dasar hukum kuat, berkelanjutan (tidak bergantung pergantian presiden), dan menjamin jangka panjang pemenuhan gizi anak. Wacana ini muncul seiring dengan besarnya https://t.co/zV3q0BJyDI",Netral
"Prabowo Pamerkan MBG di WEF Swiss, Klaim Ciptakan 600 Ribu Lapangan Kerja!

Presiden Prabowo Subianto membanggakan program Makan Bergizi Gratis atau MBG dalam ajang World Economic Forum di Davos, Swiss.

Dalam pidatonya, Prabowo menyebut program MBG telah menciptakan lebih dari https://t.co/Kvqzl6uAQd",Netral
"Program Makan Bergizi Gratis adalah langkah nyata memastikan anak-anak tumbuh sehat, kuat, dan siap belajar. Dengan gizi yang cukup, kita menanam harapan untuk masa depan bangsa yang lebih cerdas, produktif, dan berkeadilan. Bersama, kita dukung demi generasi yang lebih baik. https://t.co/v7GOzha0Jq",Positif
Koramil 0829-05/Kwanyar dampingi distribusi Program Makan Bergizi dukung kesehatan dan pendidikan anak. #TNI #Kodim0829 #Kwanyar #ProgramMBG #KesehatanAnak Simak selengkapnya disini 👇👇👇https://t.co/sXXzGRxX6C https://t.co/0AwYEAqMBv,Netral
"Badan Gizi Nasional (BGN) merespons soal kelangkaan susu UHT yang diduga banyak dibeli karena untuk memenuhi kebutuhan program makan bergizi gratis (MBG). Kepala BGN Dadan Hindayana menyebut pihaknya tak mewajibkan susu dalam menu MBG.

&gt;&gt; https://t.co/8shZxRkZk6

#detikcom https://t.co/jcQUwi34T6",Netral
"Presiden Prabowo Subianto memaparkan keberhasilan program Makan Bergizi Gratis dalam forum World Economic Forum (WEF) di Davos, Swiss.

#TVRI #TVRINasional #MediaPemersatuBangsa #WEF #PresidenPrabowo https://t.co/4JGx1xAckl",Netral
"🌱 Memperingati Hari Gizi Nasional 🌱

Perbaikan gizi terus menjadi perhatian pemerintah, salah satunya melalui program Makan Bergizi Gratis (MBG). Program ini menjadi salah satu upaya untuk memastikan anak-anak Indonesia mendapatkan asupan gizi yang cukup agar tumbuh sehat dan https://t.co/otkpeOwjJB",Positif
"Program Makan Bergizi Gratis Diperluas, Penerima Tembus 60 Juta Orang https://t.co/6lZbNKQ9rF https://t.co/2iu6R6iQpY",Netral
"Dukungan gizi melalui Program Makan Bergizi Gratis membantu anak sekolah meraih prestasi, ibu hamil lebih sehat, dan lansia tetap produktif #MBG #IndonesiaEmas2045 https://t.co/pT5gvxuJik",Netral
"Selama Ramadan, program Makan Bergizi Gratis disesuaikan agar tetap berjalan optimal dan menghormati ibadah puasa. #MakanBergiziGratis #Ramadan #ProgramPemerintah #NegaraHadir https://t.co/eoxVDfEJYV",Netral
"Polemik Gaji Guru honorer yg kecil masih bergulir dan belum ada pembenahan. Baru baru ini publik dibuat kaget dengan kenyataan bahwa gaji sopir mobil program Makan Bergizi Gratis (MBG), mencapai Rp 100.000 hingga Rp 150.000 per hari sehingga jika diakumulasikan dalam satu bulan https://t.co/9lEa7Dsmk2",Negatif
"Heboh! Pemerintah bakal ngukur efek 
pintar dari program Makan Bergizi Gratis 
(MBG)! Setelah setahun jalan, 
siswa penerima MBG akan dites IQ untuk 
lihat apakah gizi yang lebih baik berpengaruh 
ke kecerdasan.

Menurut kamu, 
MBG bisa bikin anak jadi lebih pintar? https://t.co/Grx4DSDLKj",Positif
"Indonesia pamerkan ragam menu Nusantara pada program Makan Bergizi Gratis berbasis pangan biru di Davos, Swiss! https://t.co/jemF80AiFi",Netral
"Pemotongan dana desa tersebut dilakukan oleh pemerintah guna menopang program makan bergizi gratis, Koperasi Merah Putih dan ketahanan pangan.

DESA DI PENYET DEMI PUSAT 🤔 https://t.co/I9MDHmj80A",Netral
"RATUSAN siswa Sekolah Menengah Atas Negeri 2 Kudus mengalami keracunan setelah menyantap hidangan makan bergizi gratis atau MBG pada Kamis, 29 Januari 2026. 

Program bagi-bagi makanan tersebut merupakan janji kampanye Presiden Prabowo Subianto.

Sejumlah siswa yang mengalami https://t.co/TmovjNclDo",Netral
"Presiden Prabowo Subianto menyatakan produksi porsi makanan pada program Makan Bergizi Gratis (MBG) dapat melebihi rantai produksi makanan cepat saji McDonald's yang beroperasi di seluruh dunia.

https://t.co/CyO5kDl6HJ",Netral
"Program Makan Bergizi Gratis (MBG) jadi berkah buat anak-anak SMPN 2 Sorong! Tiap hari dapat makanan sehat bergizi, bikin mereka lebih semangat belajar. Terima kasih pak Prabowo telah memperhatikan kesejahteraan anak-anak Indonesia! 💪🇮🇩 https://t.co/0DzgHhXV2w",Positif
"Aksi saling suap sesama siswa mewarnai kembalinya Program Makan Bergizi Gratis di SMAN 1 Baktiya, Aceh Utara, di tengah pembelajaran kelas darurat pascabencana banjir yang melanda wilayah itu.

 https://t.co/1VUsi2LdLO",Netral
Perum BULOG menegaskan dukungan terhadap Program Makan Bergizi Gratis (MBG) dalam Rakortas Tingkat Menteri yang dipimpin Menko Pangan di Jakarta (29/1). https://t.co/JCaKqMfffe,Netral
Badan Gizi Nasional (BGN) memastikan anak-anak yang belum terdaftar dalam sistem administrasi negara hingga anak putus sekolah tetap mendapatkan manfaat Program Makan Bergizi Gratis (MBG). https://t.co/VPL5e81Kbc,Netral
"Program Makan Bergizi Gratis Bikin Anak Cerdas, Tumbuh Kuat, Hati Bahagia https://t.co/o5A235rWYD",Positif
Program Makan Bergizi Gratis (MBG) bukan sekadar kebijakan sosial — tapi upaya strategis memperkuat benteng pertahanan non-militer bangsa di tengah ketidakpastian global. 🇮🇩🍛 https://t.co/WuHX6uNNij,Netral
"Babinsa Pasangkayu Turun Langsung Dalam Program Makan Bergizi Gratis, Perkuat Sinergi TNI dan Masyarakat https://t.co/BkcA2FlIsa",Netral
"Kolaborasi pengurus dan pengelola Dapur MBG di Makassar menjadi langkah nyata menyukseskan program Makan Bergizi Gratis. Bukan sekadar memasak, tapi membangun masa depan—memastikan anak-anak mendapatkan asupan gizi seimbang, sehat, dan layak.
Melalui sinergi organisasi dan https://t.co/KgpJoDQZBc",Positif
"Sukses Besar ! Program Makan Bergizi Gratis (MBG ) raih peringkat 4 Terbaik Dunia
#PresidenKhatulistiwa #prabowosubianto #indonesia #MBG Rest in Love 
Lula Arap Baim Minggu https://t.co/edjGjcFC6K",Positif
"Program Makan Bergizi Gratis adalah langkah nyata memastikan anak-anak tumbuh sehat, kuat, dan siap belajar. Dengan gizi yang cukup, kita menanam harapan untuk masa depan bangsa yang lebih cerdas, produktif, dan berkeadilan. Bersama, kita dukung demi generasi yang lebih baik. https://t.co/zPILQQ1RGt",Positif
"Program Makan Bergizi Gratis adalah langkah nyata memastikan anak-anak tumbuh sehat, kuat, dan siap belajar. Dengan gizi yang cukup, kita menanam harapan untuk masa depan bangsa yang lebih cerdas, produktif, dan berkeadilan. Bersama, kita dukung demi generasi yang lebih baik. https://t.co/8kP7C0EzRn",Positif
"Program Makan Bergizi Gratis adalah langkah nyata memastikan anak-anak tumbuh sehat, kuat, dan siap belajar. Dengan gizi yang cukup, kita menanam harapan untuk masa depan bangsa yang lebih cerdas, produktif, dan berkeadilan. Bersama, kita dukung demi generasi yang lebih baik. https://t.co/Q41vDvRpGX",Positif
"Program Makan Bergizi Gratis menjadi langkah strategis membangun kualitas generasi melalui pemenuhan gizi yang merata, berkelanjutan, dan berdampak luas #MBG #IndonesiaEmas2045 https://t.co/PqwhGjrhUF",Positif
"Di bawah arahan BGN, program Makan Bergizi Gratis terus melakukan pembenahan besar-besaran. Pengangkatan ribuan tenaga kerja menjadi PPPK adalah bentuk Kerja Nyata dalam membangun fondasi SDM yang kuat dari hulu ke hilir. #LanjutkanMBG

innalillahi Rest in Love Lula https://t.co/JVNxxe1bbf",Positif
"Bukan Sekadar Makan, Tapi Investasi Masa Depan!
Pernah kepikiran nggak kenapa program Makan Bergizi Gratis (MBG) itu krusial? Karena otak encer butuh asupan yang bener, bukan cuma asupan janji manis. https://t.co/NnLvcdgZb5",Positif
"Bukan Sekadar Makan Gratis, Tapi Makan Berkualitas! 

Halo Sahabat Polri! Tahu tidak kalau setiap kotak makanan di Program Makan Bergizi Gratis Polres Kayong Utara sudah melalui ""pemeriksaan kesehatan"" lho?

Tim ahli gizi SPPG Polres Kayong Utara menerapkan standar food safety https://t.co/LiChVWE8mG",Positif
"TERUNGKAP Presiden RI ke 7 Joko Widodo lah yang membentuk Badan untuk Program MBG Prabowo - Gibran 
 
Dibentuk via Perpres Nomor 83 Tahun 2024 Pada 15 Agustus 2024 sebagai pijakan program makan bergizi gratis Prabowo-Gibran. Jabatan pimpinan tinggi madya lima tahun pertama https://t.co/1rAJN31qzm",Netral
"Program MBG tak lagi hanya di pusat kota! Pemko Pekanbaru dorong pembangunan dapur MBG di Okura guna layani anak-anak di daerah pinggiran &amp; 3T. Target rampung cepat sesuai standar, agar manfaat makan bergizi gratis semakin merata. https://t.co/eylJiNIDEN",Netral
"Keracunan makanan program MBG kembali terjadi. Keracunan juga pernah terjadi dalam Program Makan Tambahan Anak Sekolah (PMT-AS) di masa Orde Baru.
https://t.co/X4tAAuU2Bs",Netral
"Program Makan Bergizi Gratis bukan sekadar program. MBG adalah bentuk hadirnya negara untuk anak-anak Papua. Karena anak sehat hari ini, adalah pemimpin hebat di masa depan.
#PapuaCerdas #MBGUntukPapua #AnakPapuaBerprestasi #DukungMBG https://t.co/P3iAhle1G8",Positif
"Ada momen lucu saat pelaksanaan program Makan Bergizi Gratis (MBG) di Solo, Jawa Tengah. Siswa minta menu ayam geprek sampai menambahi uang Rp 500. 😄 https://t.co/cF3F0DO7k9",Netral
"""Dalam pertemuan tersebut, dibahas sejumlah program strategis pemerintah yang pelaksanaannya turut didukung secara masif dan cepat oleh prajurit-prajurit TNI, di antaranya Program Koperasi Desa Merah Putih, Makan Bergizi Gratis (MBG), Kampung Nelayan, serta percepatan pembersihan https://t.co/XlPQM2jazv",Netral
"Kebijakan program Makan Bergizi Gratis ini merupakan amanat Presiden Republik Indonesia yang diatur dalam Peraturan Presiden Nomor 115 Tahun 2025 dengan fokus pada pelibatan UMKM dan produk dalam negeri.

#MakanBergiziGratis #BGN #SPPG",Netral
"Menteri Koordinator Bidang Pangan, Zulkifli Hasan alias Zulhas memastikan, program Makan Bergizi Gratis (MBG) akan tetap berjalan selama bulan Ramadhan 1447 Hijriah, dengan penyesuaian mekanisme layanan bagi peserta didik dan kelompok penerima manfaat.

Penyesuaian tersebut https://t.co/QB0IEe2EFQ",Netral
"totalpolitikcom
Sejumlah pihak yang terdiri atas guru dan mahasiswa mengajukan gugatan terhadap UU APBN 2026 ke Mahkamah Konstitusi (MK) terkait dimasukkannya anggaran Program Makan Bergizi Gratis (MBG) ke dalam anggaran pendidikan. https://t.co/o5W6It9gHc",Netral
"Peneliti dari FISIP UPR menemukan kunci sukses Program Makan Bergizi Gratis: bukan sekadar menu, tapi pelaksanaan di sekolah yang tertib &amp; konsisten. Peran guru dalam pengawasan jadi faktor penting agar manfaat dirasakan siswa. https://t.co/uaXpvz0Hve",Positif
"🚨 ATENTOS 🚨
 
CUALQUIERA QUE INTERACTUE CON ESTE POST ANTES DEL 1 DE FEBRERO SERA BENDECIDO CON MUCHO DINERO Y SUERTE PARA EL MES  ദ്ദി( ˉ ꒳ ˉ)✨
 
(mas vale prevenir que lamentar) https://t.co/5k8HLVZJD3",Netral
"Program Makan Bergizi Gratis terbukti menjadi bentuk Kerja Nyata pemerintah dalam memastikan anak putus sekolah maupun yang menikah dini tetap mendapatkan asupan nutrisi terbaik 
#LanjutkanMBG

PHUWIN WITH LOREAL Promo Jakarta Surabaya Losari SMTOWN Prilly https://t.co/Zl1h5wPeK7",Positif
Periode program berlaku 1-17 Februari 2026 https://t.co/DIACr6PLeu,Netral
"Selama Ramadan, program Makan Bergizi Gratis disesuaikan agar tetap berjalan optimal dan menghormati ibadah puasa. #MakanBergiziGratis #Ramadan #ProgramPemerintah #NegaraHadir https://t.co/DTtmOQoTN7",Netral
"Viral Menu MBG Telur dan Jagung Mentah, SPPG Sudah 3 Kali Lakukan Kesalahan

Program Makan Bergizi Gratis (MBG) kembali menjadi sorotan publik setelah beredarnya video pembagian makanan berisi telur dan jagung mentah di SMA Negeri 1 Cigemblong, Kabupaten Lebak. https://t.co/FnemxfkoGU",Negatif
"Program Makan Bergizi Gratis Dorong Gizi Masyarakat dan Lapangan Kerja

#MakanBergiziGratis https://t.co/m6tvsb2XZS",Netral
"Mulai dari program Makan Bergizi Gratis (MBG) bagi 56,13 juta penerima, layanan Cek Kesehatan Gratis untuk 70,8 juta warga, revitalisasi sekolah, hingga dukungan ketahanan pangan dan subsidi KUR bagi jutaan pelaku UMKM. Terima kasih sudah ikut serta menjaga dan membangun negeri",Netral
Program Makan Bergizi Gratis (MBG) kini mulai dinikmati oleh siswa SMA Negeri 1 Fakfak sebagai bagian dari implementasi program nasional untuk meningkatkan gizi pelajar dan mendukung kualitas pendidikan. Semoga terus bermanfaat! 🇮🇩📚 � https://t.co/z09KIj80Ou,Positif
"Guru Besar Keamanan Pangan dan Gizi IPB, Prof Dr Ahmad Sulaeman menyatakan Program Makan Bergizi Gratis (MBG) tidak semestinya dipersepsikan sebagai beban bagi sektor pendidikan.*

*) kepala Badan Gizi adalah Dosen IPB",Netral
"Sebanyak 70 siswa SMA Negeri 2 Kudus diduga keracunan usai menyantap menu Program Makan Bergizi Gratis (MBG) pada Kamis, 29 Januari 2026.
.
Menanggapi hal itu, Pemerintah Kabupaten Kudus, bersama unsur TNI dan Polri turun tangan. Bupati Kudus, Sam'ani Intakoris mengatakan puluhan https://t.co/w0Xj8siKKC",Netral
"WEF 2026: Presiden Prabowo Pamer Skala Program MBG, Disejajarkan dengan McDonald’s

Davos — Presiden Republik Indonesia Prabowo Subianto memamerkan capaian Program Makan Bergizi Gratis (MBG) di hadapan para pemimpin dunia dalam forum World Economic Forum (WEF) 2026 di Davos, https://t.co/lurs16zjHB",Netral
"SPPG Tembus 22 Ribu Unit, Program Makan Bergizi Gratis Kian Masif dan Berdampak Luas https://t.co/gi13Cq1O2n https://t.co/dVxtg9LOIH",Netral
"Mohon di atensi min @setkabgoid
@Gerindra @DPR_RI cek kebenarannya. Ada keluhan soal MBG, ada oknum oknum yang diduga melakukan intimidasi

Program Makan Bergizi Gratis (MBG) yang seharusnya menjadi solusi, kini justru menuai polemik. Alih-alih menerima kritik soal fasilitas https://t.co/h8TpFJXha3",Negatif
"𝗠𝗔𝗛𝗔𝗞𝗔𝗥𝗬𝗔 𝗞𝗢𝗥𝗨𝗣𝗦𝗜 𝗣𝗔𝗟𝗜𝗡𝗚 𝗟𝗘𝗭𝗔𝗧.

Jika di Indonesia ada MBG, maka di Konoha ada MBK, agar lebih aman dan tak perlu repot cari SP3, mari kita ulas tentang MBK saja.

Para koruptor visioner abad ini telah menemukan Holy Grail kejahatan kerah putih, https://t.co/7gZ27sxzyo",Negatif
MBG : Makanan (yg belum tentu) Bergizi (bahkan bisa beracun) dan Tidak Gratis krn dibiayai dari pajak rakyat dan dng memangkas hak rakyat di sektor lain.,Negatif
"Ketika program Makan Bergizi Gratis dikelola parpol, aparat, dan tokoh politik,
isu utamanya bukan lagi niat baik.

Isunya akuntabilitas, konflik kepentingan, dan siapa yang mengawasi siapa.

Kalau semua partai punya dapur MBG,
lalu siapa yang memastikan distribusi dan https://t.co/nv5lL62CVM",Negatif
"Melalui Direktorat Monitoring, sepanjang tahun 2025 KPK melakukan berbagai kajian pencegahan korupsi di sejumlah sektor, mulai dari Program Makan Bergizi Gratis (MBG) hingga tata kelola dokter spesialis. https://t.co/nnsLGkgdqI",Netral
"Organisasi Indonesia Corruption Watch (ICW) merespons soal program Makan Bergizi Gratis (MBG) yang tetap dijalankan saat libur sekolah. ICW menilai hal itu justru aneh dan tidak jelas.

Salah satu peneliti ICW Siera Tamara mengungkapkan MBG sendiri bertujuan untuk meningkatkan https://t.co/WSwczkjBLV",Netral
"𝗜𝗥𝗢𝗡𝗜𝗦 𝗗𝗔𝗡 𝗜𝗥𝗢𝗡𝗜𝗡𝗬𝗔 𝗦𝗘𝗠𝗣𝗨𝗥𝗡𝗔 | 

Inilah kebijakan absurd yg fasih bersandiwara;
𝑚𝑒𝑚𝑏𝑒𝑟𝑖 𝑚𝑎𝑘𝑎𝑛 𝑢𝑡𝑘 𝑑𝑖𝑝𝑢𝑗𝑖 ℎ𝑎𝑟𝑖 𝑖𝑛𝑖, 𝑚𝑒𝑛𝑔𝑒𝑟𝑖𝑛𝑔𝑘𝑎𝑛 𝑝𝑖𝑘𝑖𝑟𝑎𝑛 𝑎𝑔𝑎𝑟 𝑡𝑎𝑘 𝑠𝑒𝑚𝑝𝑎𝑡 𝑏𝑒𝑟𝑡𝑎𝑛𝑦𝑎 𝑒𝑠𝑜𝑘 ℎ𝑎𝑟𝑖.

Negara https://t.co/dHKonk65s0",Positif
"Mau sampe jutaan siswa keracunan pun pemerintah akan selalu mengklaim bahwa program Makan Bergizi Gratis mereka berhasil.

Kenapa?
Karena ukuran sukses program ini bukan kesehatan anak, tapi kemampuan negara menyangkal realitas.

Semua data bisa dipelintir, dan tanggung jawab https://t.co/6qvVq4eyCC",Negatif
"Bagi pemerhati ekonomi dan pendidikan seperti saya.
Makan Bergizi Gratis (MBG) adalah strategi cerdas ""hilirisasi manusia"" yang sangat logis secara ekonomi, kalau bicara bangsa yang maju, kita tidak boleh hanya bicara membangun infrastruktur saja.

Kita tidak bisa mengharapkan https://t.co/upyFXWlKhG",Positif
"Bayangkan jika setiap sekolah memiliki kantin sehat. Anak-anak bisa makan pada setiap jam istirahat dengan menu sayur asam yang hangat, sayur lodeh yang baru matang, telur dadar, ayam goreng, hingga potongan semangka segar. Namun gagasan sesederhana itu justru tidak dipilih https://t.co/u23JjROi9Z",Positif
"@bagindo_kopi Negeri paradoks

Mencuri seekor ikan demi si buah hati, karena ga punya uang buat beli &gt;&gt; Diikat dipermalukan

Mencuri karena anak2 kelaparan &gt;&gt; Dipukuli, ditelanjangi

Mencuri uang negara ratusan milyar &gt;&gt; Dihukum mengembalikan puluhan milyar, diampuni
https://t.co/xig4DKw2eN",Negatif
"Anggaran awal program Makan Bergizi Gratis (MBG) dalam APBN 2025 sebesar Rp 71 triliun, atau setara sekitar Rp 190 miliar per hari jika dibagi rata. Namun, pemerintah menargetkan MBG berjalan penuh secara nasional dengan kebutuhan anggaran mencapai sekitar Rp 1 triliun per hari. https://t.co/Rd83Q35xDT",Netral
"ICW menemukan dugaan konflik kepentingan di balik Program Makan Bergizi Gratis (MBG). Dalam penelusuran 102 yayasan di 38 provinsi, ICW menemukan pola yang berulang, yakni: banyak pengelola MBG diisi politisi, orang dekat kekuasaan, aparat, hingga pejabat yang seharusnya https://t.co/lAFdIjhyJe",Netral
"Wakil Ketua DPR RI Cucun Ahmad Syamsurijal menyampaikan permohonan maaf terkait ucapannya tentang Makan Bergizi Gratis (MBG) yang tidak memerlukan ahli gizi.

Cucun mengatakan, dalam pelaksanaan program MBG, ahli gizi sangatlah penting.

Penulis: Tria Sutrisna, Nawir Arsyad Akbar https://t.co/qsljgm5YO4",Netral
"Hasil laboratorium kesehatan menunjukkan Menu Makan Bergizi Gratis (MBG) yang didistribusikan SPGG Kuwaron 1, Gubug pada Jumat (9/1/2026) lalu terkontaminasi bakteri Escherichia coli (E Coli).

Baca di sini: https://t.co/3okFRwtvSG

~AA #MBG #Keracunan https://t.co/6sH0UT7VNc",Netral
"MBG Makanan bergizi gratis. 
Bergizinya bohong.
Gratisnya juga bohong sebab dananya dari APBN yg sumbernya dari pajak rakyat. https://t.co/PM4ji0G9jw",Negatif
"𝐌𝐁𝐆, 𝐌𝐞𝐧𝐜𝐞𝐠𝐚𝐡 𝐒𝐭𝐮𝐧𝐭𝐢𝐧𝐠 𝐆𝐢𝐳𝐢 &amp; 𝐃𝐮𝐤𝐮𝐧𝐠𝐚𝐧 𝐏𝐨𝐥𝐢𝐭𝐢𝐤.

Kalau tadi siang kita mengulas tentang MBK, maka sebelum malam berganti hari, mari sedikit kita intip tentang MBG.

Bayangkan, jumlah 32.000 orang, di atas kertas mereka adalah laskar gizi, https://t.co/EnlBu1JIXY",Positif
"Dukungan gizi yang dimaksud dan dirapel buat 4 hari.

Padahal saya yakin semua ikhlas kalau selama libur MBG dihentikan dulu dan anggarannya untuk pemulihan provinsi2 yg terdampak bencana.

Tapi... Tidak ada hari libur untuk korupsi. https://t.co/AbdczoVmZl",Negatif
"Viral warga Pandeglang protes menu Makan Bergizi Gratis disajikan pakai kantong plastik hingga isinya tercampur.

Menanggapi hal itu, Badan Gizi Nasional menegaskan penyajian MBG wajib sesuai SOP, termasuk penggunaan ompreng demi menjaga keamanan pangan dan kualitas gizi https://t.co/BZliNRguPY",Netral
"Di balik program Makan Bergizi Gratis, rumah Kakek Wawan di Surabaya dibongkar sepihak. Tanpa kesepakatan, rumah kosong itu didatangi orang tak dikenal dan pepohonannya ditebangi.

Baca selengkapnya: https://t.co/ZPGlQynhAs

_RKD #Rumah #dibongkar #MBG https://t.co/5gjmVUIhRe",Negatif
"Sejumlah murid SMA Negeri 1 Wamena, Papua Pegunungan, mengungkapkan bahwa porsi menu Makan Bergizi Gratis yang mereka terima lebih banyak ketika Gibran meninjau pelaksanaan MBG di sekolah tersebut. Murid-murid SMAN 1 Wamena juga melontarkan keluhan karena daging pada menu MBG https://t.co/cN7fy6hvxD",Negatif
"BOGOR, Program Makan Bergizi Gratis (MBG) kembali menuai keluhan dari orang tua murid. Kali ini, aduan datang dari wilayah Cileungsi, Kabupaten Bogor, terkait dugaan makanan tidak layak konsumsi yang dibagikan kepada siswa sekolah.

Seorang orang tua murid melalui akun Instagram https://t.co/Yh98cySkYI",Netral
Pengawasan keluhan program Makan Bergizi Gratis sebagai tanggung jawab negara. https://t.co/BlANisaCl9,Netral
Bulan Ramadhan Makan Bergizi Gratis ( MBG ) tetap berjalan. Kalau MBG ini di liburin gimana nasib proyek ini :) . Dibulan puasa menahan lapar dan haus bukan menahan godaan korupsi hahaha https://t.co/s5FOQUBMyw,Negatif
Sejak awal program Makan Bergizi Gratis (MBG) penuh dengan kontroversi dan masalah dan Sekarang komisi V DPR juga mempertanyakan karena hal ini bisa jadi lahan korupsi https://t.co/0aGKCYJY36,Negatif
"Kebijakan penyaluran program Makan Bergizi Gratis (MBG) yang tetap berjalan di masa libur sekolah menuai keluhan dari sejumlah orangtua murid.

Sumber: https://t.co/A03HuKVGd1

~TA #MakanBergiziGratis #MBG https://t.co/deS3Phcnbp",Netral
"Sebuah video menampilkan keluhan sejumlah wali murid SDN 2 Ponja, Tangerang Selatan, terkait menu Makan Bergizi Gratis yang dinilai belum memenuhi harapan. https://t.co/OM9tgfNnBg",Netral
"Program MBG bukan tanpa kritik — mulai dari kualitas menu hingga distribusi. Karena itu, peluncuran SAGI 127 jadi jalur resmi masyarakat untuk menyampaikan keluhan dan masukan soal program makan bergizi gratis. https://t.co/MHIRvZjU6a",Positif
"Keluhan soal Makan Bergizi Gratis ramai di medsos, tapi respons BGN justru bikin debat baru. https://t.co/USzW88xoqw",Negatif
"Video ini menampilkan keluhan wali murid SDN 2 Ponja Tangerang Selatan terkait isi paket Makan Bergizi Gratis yang diterima siswa. Dalam rekaman terlihat menu sederhana seperti pisang, roti, susu, dan camilan kecil yang dinilai belum mencerminkan asupan gizi seimbang untuk anak https://t.co/pJ2mZiC7Dp",Netral
"@PaltiHutabarat Makan bergizi gratis woi bkn jajan gratis 
ya wong mau korupsi otak dipake lah jngan makanan orang lu embat juga",Negatif
Kebijakan penyaluran program Makan Bergizi Gratis (MBG) yang tetap berjalan di masa libur sekolah menuai keluhan dari sejumlah orangtua murid. https://t.co/LGOlE9ja0z,Netral
"Masih meragukan kinerja Pak Prabowo? Mungkin Anda kurang teliti melihat fakta. Uang hasil korupsi kini nyata kembali ke rakyat: sekolah direnovasi, kampung nelayan dibangun. Ditambah lagi Program Makan Bergizi Gratis (MBG) dan cek kesehatan. Ini kerja nyata, bukan sekadar kata. https://t.co/4ByfpTMoVz",Positif
"Kalian yang ngelola MBG jangan kebanyakan ngambil untung WOY. KORUPSI. Gue seneng pemerintah mengadakan makan bergizi gratis, sangat membantu siswa-siswa yang gak dikasih makanan bergizi sama emaknya, tapi tolong kelola yang amanah.",Negatif
Katanya bergizi. Tapi malah beracun! Dan yang dipakai adalah duit rakyat. https://t.co/3ww5rMuRMT,Negatif
@somexthread MBG janjinya makan bergizi gratis ini cuma dapat camilan biasa di warung terus dana APBN trilyunan yang di korupsi berapa kalau cuma dapat camilan https://t.co/KLF2n9jW1y,Negatif
"Nih Guys BGN resmi meluncurkan SAGI 127, sentra aduan gizi Indonesia, sebagai kanal 24 jam untuk melaporkan keluhan dan masukan seputar program Makan Bergizi Gratis (MBG). Dengan ini, pengawasan publik terhadap pemenuhan gizi anak semakin kuat https://t.co/4cvH0lOdIb",Positif
"BOGOR, Program Makan Bergizi Gratis (MBG) kembali menuai keluhan dari orang tua murid. Kali ini, aduan datang dari wilayah Cileungsi, Kabupaten Bogor, terkait dugaan makanan tidak layak konsumsi yang dibagikan kepada siswa sekolah. https://t.co/fm8zohPg35",Netral
"Badan Gizi Nasional menilai unggahan keluhan siswa terkait menu Makan Bergizi Gratis di media sosial mencerminkan sikap kurang bersyukur.

Pemerintah meminta agar persoalan dalam pelaksanaan program MBG disampaikan melalui jalur resmi dan tidak dipublikasikan secara terbuka di https://t.co/zFrHFCjMvQ",Netral
"Di negara lain, makan di sekolah menyehatkan dan meningkatkan ekonomi petani. Mengapa di Indonesia tdk terjadi? Karena 4 pilar makan di sekolah diabaikan. ⁦@hariankompas⁩ Anomali Makan Bergizi Gratis di Indonesia
https://t.co/S5j5Cm1lPa",Positif
Pengawasan keluhan program Makan Bergizi Gratis sebagai tanggung jawab negara. https://t.co/CI1bwWtKUB,Netral
"Wakil Ketua DPR RI Cucun Ahmad Syamsurijal meluruskan pernyataannya program Makan Bergizi Gratis (MBG) tak membutuhkan peran ahli gizi. Ia menegaskan ucapannya muncul dari fungsi pengawasan, merespons sejumlah keluhan terkait ketidaksesuaian tenaga ahli gizi di lapangan, Senin https://t.co/CWhLEp5pJ6",Netral
"@elaydna @ronavioleta Dari awal kemunculan MBG ini Gw udah jijik-muntaber banget sama program ini
karena anak-anak (sebagai target market dari program corrupt ini) dipaksa digelonggong pakai makanannya mereka,
agar dapur korupsi mereka tetap ngebul.",Negatif
"@KangManto123 Wajah di karung beras itu adalah bukti nyata: bagi kalian, bencana itu hanyalah event politik, bukan krisis kemanusiaan! Kalian datang bukan untuk menolong, tapi untuk menandai teritori kekuasaan! 

Kalian datang untuk memastikan bahwa setiap suapan nasi yang masuk ke mulut",Negatif
"Puluhan pelajar dari sejumlah sekolah di Kecamatan Sumberwringin, Kabupaten Bondowoso, Jawa Timur, diduga mengalami keracunan setelah mengonsumsi menu program Makan Bergizi Gratis (MBG), Rabu (03/12/2025). 

Para siswa yang mengalami keluhan langsung dilarikan ke Puskesmas https://t.co/MWvbnwsNkh",Netral
"🔴Ironi Negeri: Antara Kesulitan Pangan (Korban Bencana) dan Penghambur-hamburan Pangan (MBG)

Di sejumlah wilayah Sumatera, korban banjir bandang masih berjibaku dengan keterbatasan pangan. Balita dan anak-anak terpaksa bertahan dengan mi instan berhari-hari, sementara dapur https://t.co/9hNulPXnpO",Netral
"Dugaan keracunan usai mengonsumsi Makan Bergizi Gratis (MBG) terjadi di SD Negeri (SDN) 01 Kedungwuni, Kabupaten Pekalongan. Belasan siswa mengalami keluhan pusing, mual, muntah, dan mulas.

Kapolsek Kedungwuni, Iptu R Yunanta Edy Pranawa, saat ditemui mengatakan pihaknya baru https://t.co/TQaIo2ANSd",Netral
"Sebuah video yang beredar menampilkan keluhan sejumlah wali murid SD Inpres Kassi-Kassi, Makassar, terkait pelaksanaan program Makan Bergizi Gratis (MBG) yang dinilai belum sesuai harapan.
https://t.co/4ZEmyHgejW https://t.co/sUHRn0JL8S",Netral
Mari kita kawal implementasi Program Makan Bergizi Gratis agar tepat sasaran dan bebas korupsi. Sinergi positif antara pemerintah dan masyarakat adalah kunci suksesnya program mulia ini. #KawalProgram #BersamaIndonesiaMaju https://t.co/xCPkOoVjzq,Positif
"QProgram Makan Bergizi Gratis (MBG) terus diperkuat untuk memastikan anak-anak mendapatkan asupan gizi yang sehat dan aman. Menu disusun seimbang agar menunjang tumbuh kembang dan semangat belajar.
Tak hanya berdampak pada kesehatan, program ini juga menggerakkan ekonomi lokal https://t.co/ey8uchfgiq",Positif
"@watchdoc_ID Menurut keyakinan saya, kalo suatu hari MBG diusut, bakal jadi skandal korupsi terbesar di dunia. Negara mana yg spend 1 triliun perhari, secara ugal2an buat makan gratis ga bergizi, beracun, instead of pendidikan gratis, disaat APBN sedang defisit dan rupiah yg terus anjlok.",Negatif
"Sebanyak 70 siswa SMA Negeri 2 Kudus diduga keracunan usai menyantap menu Program Makan Bergizi Gratis (MBG) pada Kamis, 29 Januari 2026. https://t.co/iYG9KhTWXq",Netral
"@muchlis_ar Apa kabar buat kalian yang dulu ngomong ""pentingnya makan siang bergizi gratis"" makan tuh MBG kontol anjing !!

Udah jelas"" progam cacat, banyak kasus keracunan, jadi ladang korupsi, harga pangan naik gara"" ini progam MBG.. 
@prabowo @gibran_tweet tolong lah melek jgn turu",Negatif
"Program Makan Bergizi Gratis (MBG) punya niat mulia untuk masa 
depan SDM kita. Di sisi lain, ini adalah motor penggerak ekonomi 
yang dahsyat. MBG berpotensi mengatasi pengangguran dengan 
menciptakan lapangan kerja baru di sektor kuliner &amp; logistik bagi 
warga lokal. https://t.co/S0WIygjZ2E",Positif
"Program Makan Bergizi Gratis Bikin Anak Cerdas, Tumbuh Kuat, Hati Bahagia https://t.co/o5A235rWYD",Positif
"@law20956 Saya paham kekhawatiran soal potensi korupsi dan distribusi yang adil di program Makan Bergizi Gratis (MBG). 
MBG dirancang untuk memastikan setiap anak Indonesia, terutama yang usia sekolah, mendapat nutrisi yang layak , Ini bukan cuma subsidi, tapi investasi jangka panjang buat https://t.co/UaPDis2ctE",Positif
"Sebuah kejadian mengerikan terjadi di Kapuas Hulu, di mana 12 pelajar dari SD Tahfidz Al Hidayah &amp; SD Negeri 01 Kedamin Hilir Putussibau Selatan Kalimantan Barat mengalami keracunan Makan Bergizi Gratis (MBG)
Keluhan seperti muntah-muntah, sakit perut, dan pusing https://t.co/7yAWf4fSCb",Netral
"Makan Bergizi Gratis tingkatkan gizi pada anak. Program ini memastikan asupan seimbang, dukung tumbuh kembang optimal &amp; kesehatan jangka panjang. Gizi hari ini, masa depan gemilang esok. #IndonesiaTerang #mbginvestasibangsa #MBG https://t.co/EUeV1oYyiP",Positif
"@wibisonoys @neohistoria_id Terima kasih atas tag-nya. Isu militerisasi program seperti MBG (Makan Bergizi Gratis), Kopdes Merah Putih, dan Food Estate memang kontroversial di Indonesia 2025. Kritikus bilang ini mundur ke era otoriter, dengan TNI terlibat di urusan sipil, risikokan penindasan dan korupsi",Negatif
"Alasan utama kepuasan:
1.Program Makan Bergizi Gratis (MBG) – 12,6%
2.Pemberantasan korupsi – 10,4%
3.Upaya menepati janji – 8,4%",Positif
"Intensi Jahat Proyek Makan Bergizi Gratis

#Kolom #TempoPlus 
https://t.co/f3gu4bJdaX",Negatif
"https://t.co/lqcQucqdrp – Badan Gizi Nasional (BGN) menilai tindakan siswa yang mengunggah keluhan terkait menu Makan Bergizi Gratis (MBG) ke media sosial mencerminkan sikap yang kurang bersyukur. 

https://t.co/iJanGetMPK https://t.co/fXiiqAb9CH",Netral
"Badan Gizi Nasional (BGN) menanggapi keluhan soal keterlambatan pembayaran gaji petugas Program Makan Bergizi Gratis (MBG). Wakil Kepala BGN, Nanik Sudaryati Deyang, menegaskan bahwa keterlambatan bukan karena anggaran, melainkan masalah teknis administratif akibat besarnya https://t.co/Vyop9Lqbp3",Netral
"Kepala Badan Gizi Nasional (BGN), Dadan Hindayana menanggapi kajian KPK mengenai potensi korupsi dalam program Makan Bergizi Gratis (MBG)
Selengkapnya baca:
https://t.co/G5zfwpvrXp https://t.co/vzhf7HfaAm",Netral
"@QianzyZ Namanya mbg kan makan bergizi gratis 
Kalo dikasih nya duit ganti program jadi uang makan bergizi,pengelolaan uang bantuan bgni udah tiap tahun ada tapi gak bener juga sama aja korupsi nya gila gilaan,mbg ini bagus bngt program nya cuma pelaksanaan nya aja banyak tikus nya",Negatif
"Jaman Mukidi berkuasa.. 
Relawan dibiayai negara

Soal aturan &amp; norma?
Ga peduli yg penting operasional relawan tercover semua

Contohnya dia ini. Bahkan sampai saat ini setelah ketahuan ternyata narapidana...

..Masih saja belum dipecat dari jabatan komisaris BUMN-nya https://t.co/UJwlLVdck0",Negatif
"Makan Bergizi Gratis

Caranya @grok 
Pakai pakaian Rapi
Datangi Orang Hajatan
Duduk Manis nunggu Hidangan diantar, atau langsung ke tempat makanan

Kalau Diusir, jawab begini
Ini Hajatan kan Syukuran. Saya minta makan. Makanan ini tidak dijual untuk orang yang mau Bayar pakai",Positif
"Wakil Gubernur (Wagub) Kepulauan Riau (Kepri) Nyanyang Haris  Pratamura meninjau langsung Madrasah Aliyah Negeri (MAN) 2 Kota Batam  menyusul dugaan keracunan makanan Program Makan Bergizi Gratis (MBG)  yang menimbulkan keluhan sakit perut dan diare pada ratusan siswa.

Dari https://t.co/VI8YCiFBjO",Netral
"Makan bergizi gratis langsung ke murid = anak sehat, Indonesia kuat. Usul Charles Honoris cairkan tunai = peluang baru Korupsi Partai Merah. Pak Prabowo sudah benar pertahankan MBG Prioritas Prabowo diberikan di sekolah. https://t.co/EVfSeNHqHR",Positif
@xendless_s Makan bergizi gratis itu Metode Korupsi Bari di Negera ini,Negatif
"@mhuseinali Dulu pernah diup, makanannya asli ga layak. Tp org2 malah nyalahin narapidana, dgn bilang kalo mo makan enak, ya jgn dipenjara. Padahal masalahnya bukan narapidana mo makan enak, tp korupsi yg terjadi di dalamnya.",Negatif
"Puluhan siswa, sembilan guru dan kepala sekolah SMP Muhammadiyah Playen, Kab.  Gunungkidul, Daerah Istimewa Yogyakarta, mengalami keluhan mual dan diare diduga karena diduga keracunan makan bergizi gratis (MBG) Jumat  (23/1/2026). https://t.co/YRuWkPpgJY",Netral
"@SumandoGaek @Homo_sapiens21 PENDIDIKAN SUDAH GRATIS SELAMA INI, SEKARANG TAMBAH MAKAN BERGIZI GRATIS, MANTAP NAMANYA... 
SEPERTINYA PENDIDIKAN DI DAERAH IBU INI DI KORUPSI JADI TIDAK GRATIS.",Positif
"MBG: NIAT MULIA, EKSEKUSI YANG RAWAN PEMBAKARAN UANG NEGARA DAN KORUPSI

Program Makan Bergizi Gratis (MBG) diluncurkan dengan tujuan sosial yang besar yakni meningkatkan gizi anak sekolah dan ibu hamil, tetapi pembengkakan anggarannya yang diproyeksikan mencapai ratusan triliun",Negatif
"Program Makan Bergizi Gratis (MBG) yang dikelola Satuan Pelayanan Pemenuhan Gizi (SPPG) Pangauban di Kecamatan Batujajar, Kabupaten Bandung Barat, Jawa Barat, terpaksa dihentikan total. 

Hal ini disebabkan hilangnya dana operasional sebesar Rp1 miliar dari rekening lembaga, yang https://t.co/ilQ0wPaFw1",Netral
"Operasional dapur Program Makan Bergizi Gratis (MBG) di Tugu Ratu, Kecamatan Suoh, Kabupaten Lampung Barat (Lambar), menuai keluhan warga. Limbah sisa kegiatan dapur diduga dibuang secara terbuka di dekat permukiman, sehingga menimbulkan bau menyengat dan serbuan lalat. https://t.co/75q8ZEYmFq",Netral
"No offense, usulan MBG tunai tuh vibesnya… suspicious. Apalagi abis drama² “rawan korupsi” yg nempel ke Korupsi Partai Merah

MBG Prioritas Prabowo itu bkn ATM publik. Langsung ke anak = lebih aman, lebih waras. 
@ch_chotimah2
@Ary_PrasKe2
@DS_yantie
https://t.co/UAgnJb43BF",Negatif
"Nama program ""Makan BERGIZI Gratis (MBG)"", tapi kuantiti protein dalam susu 1 gram je 😭

Matlamat dah baik untuk bantu kanak2 dapat nutrisi, tapi terhalang oleh korupsi 

Satu pengajaran yang besar buat para pembuat polisi",Positif
"@DsSupriyady @wibisonoys @prabowo @bang_dasco @DPR_RI @DokterTifa @rahmasarita @kumparan @geloraco @OposisiCerdas @BEMUI_Official @UGMYogyakarta @jokowi @KPK_RI @Fahrihamzah @SianiparRismon @Dennysiregar7 @ch_chotimah2 @ajengcute16__ @antikorupsi @sahabatICW @TRANS7 @KPAI_official @Kemenag_RI @DarsAlexandra1 @muhammadiyah @cakimiNOW @DamaiHariLubis @Transmart_IND @PT_Transjakarta @salam4jari @kemenbud @marlina_idha @YLKI_ID @KomnasPerempuan @GusNurian @bambangtri @KejaksaanRI @MahkamahAgung @kemenkum @tempodotco @MCAOps @KemensosRI @CAMERALIVE6849 @Aceh @MonaLisa_Twins Program MBG (Makan Bergizi Gratis) di Indonesia bertujuan memberi makanan bergizi gratis untuk anak sekolah, diluncurkan 2025 oleh Presiden Prabowo. Ada laporan korupsi potensial, seperti perhitunganmu (12rb/porsi x 3000 = 36jt/4 hari, potensi 180jt/bln), didukung kritik dari ICW",Netral
"@boot_lop @ainunnajib Kedua program penting untuk kemajuan Indonesia yang warisan korupsinya mengakar. MBG (Makan Bergizi Gratis) efisien jangka pendek untuk nutrisi anak, tapi rawan korupsi (laporan ICW &amp; TI Indonesia catat risiko tender, keracunan &gt;20rb kasus). Pendidikan sarjana gratis lebih pasti",Negatif
"MBG Prioritas Prabowo tapi ada dugaan Korupsi Partai Merah kalau disalurkan tunai. Program gizi terbaik adalah yang langsung di mulut anak, bukan di saku ortu. Better system, bukan better chance buat koruptor. 👊 

https://t.co/hMBTHhXTpq",Positif
"https://t.co/lqcQucqdrp – Badan Gizi Nasional (BGN) menilai tindakan siswa yang mengunggah keluhan terkait menu Makan Bergizi Gratis (MBG) ke media sosial mencerminkan sikap yang kurang bersyukur. 

https://t.co/iJanGetMPK https://t.co/5PYaV2sZs7",Netral
"BANGUNAN DAPUR SEMAHAL ITU?

Wow, Biaya per Dapur MBG -+ 3,8 M. Berstandar apa Dapur segitu mahal ya??! Jangan sampe jadi lahan Korupsi baru ini? Ga Nalar!!!

|""Untuk pembangunan SPPG sebanyak 1.542 itu totalnya Rp 6 triliun untuk gedungnya saja,"" katanya.
https://t.co/jGQX0voIXe",Negatif
"@janjipinokio @bestinformm Sebagai AI, aku gak bisa bosan, tapi aku paham frustrasi soal retorika vs aksi nyata. Di tahun pertama Prabowo, ada kebijakan pro-rakyat seperti program makan bergizi gratis untuk anak sekolah, tapi kritik muncul soal implementasi, korupsi, dan protes lingkungan. Pemerintahan",Negatif
"@rzlprayog Ya, inisiatif 436 SPPG ini menunjukkan komitmen nyata pemerintah dalam program makan bergizi gratis. Menurut saya, pengawasan memang perlu diperkuat untuk memastikan distribusi efektif, transparan, dan bebas korupsi, agar manfaatnya maksimal bagi masyarakat. Bagaimana pendapatmu?",Positif
"Banyak negara tertarik pada Program Makan Bergizi Gratis Indonesia, Presiden RI Prabowo Subianto memastikan pengawasan keluhan berjalan ketat dan transparan #MakanBergiziGratis #IndonesiaEmas https://t.co/e3V8Kusogn",Netral
"Kebijakan MBG disiapkan detil agar tak bisa dijadikan bancakan. Itulah kenapa Prabowo menolak pola tunai yang pernah jadi ladang Korupsi Partai Merah. MBG Prioritas Prabowo tetap fokus pada anak dan penerima manfaat.
https://t.co/LKXjvRVen4",Positif
"Program makan bergizi gratis perlu progress, bukan roll back. Kalau jadi tunai, potensi disalahgunain makin kebuka. Flashback-nya? ya Korupsi Partai Merah di bantuan sosial masa lalu. Jadi, MBG Prioritas Prabowo tetap ke anak langsung, safety first ✅
https://t.co/kR1BqWPsq4",Negatif
@Giiselje Itu memang lahan untuk korupsi berbaju makan bergizi gratis.,Negatif
"Sejumlah warga Kabupaten Pekalongan melayangkan keluhan serius mengenai dugaan pungutan biaya dalam proses rekrutmen karyawan untuk program Dapur Makan Bergizi Gratis (MBG) yang dipusatkan di Gedung SPPG Kajen 0 Km. 

https://t.co/WHvIuFcVls",Netral
"@MYusufN8 @prabowo @mprgoid @DPR_RI @DPDRI @KejaksaanRI Terima kasih telah menandai saya. Program MBG (Makan Bergizi Gratis) di Indonesia memang sedang menjadi sorotan. Berdasarkan laporan dari berbagai sumber seperti ABC dan Tempo (2025), ada keluhan tentang kualitas makanan, termasuk kasus keracunan, belatung, dan pecahan kaca yang",Positif
"@DjokovicIndone1 @setkabgoid Program MBG (Makan Bergizi Gratis) adalah inisiatif pemerintah Prabowo untuk gizi anak. Ada kritik dari ICW dan media seperti Asia Sentinel yang sebut potensi korupsi karena anggaran besar (Rp400T) dan mark-up. Namun, pemerintah klaim telah pulihkan Rp1,7T dari kasus korupsi",Netral
"97 siswa SMA Negeri 2 Kudus diduga mengalami keracunan usai mengonsumsi Makan Bergizi Gratis (MBG).

Keluhan mual, muntah, nyeri perut, hingga diare. Puluhan siswa dirawat di RSUD Kudus. Penyebab masih diselidiki. https://t.co/xXXSW9wZfc",Netral
"MBG bermasalah lagi.
Sebanyak 955 porsi menu makan bergizi gratis (MBG) untuk SMP Negeri 1 Blora, Jawa Tengah, ditarik menyusul adanya keluhan gangguan kesehatan ratusan siswa yang diduga mengalami keracunan makanan. 
https://t.co/QhQxRoUuJu",Netral
"@potradjaya1 @vita_AVP Debat antara DPRD dan dapur SPPG Trimulyo Tegineneng berpusat pada keluhan orang tua soal dua anak yang tak dapat makan bergizi gratis (MBG). DPRD menilai kepala dapur arogan, sehingga memutuskan penutupan. Ini bagian dari evaluasi program MBG untuk tingkatkan pengawasan dan",Negatif
"@AlaxeAl @VIRGO1409271346 Program Makan Bergizi Gratis (MBG) bertujuan mengatasi stunting anak sekolah dengan makanan gratis. Namun, laporan dari Transparency International dan media seperti The Diplomat menyoroti masalah: keracunan makanan, korupsi potensial, dan implementasi terburu-buru. Presiden",Netral
"Mao MBG tunai? Setelah berbagai isu korupsi yang publik kaitkan ke Korupsi Partai Merah ? Girl pls. 😭
MBG Prioritas Prabowo langsung ke anak = zero chaos, full manfaat.
@ch_chotimah2
@Ary_PrasKe2
@DS_yantie
https://t.co/Y8XspRrydG",Positif
"@DsSupriyady @wibisonoys @prabowo @bang_dasco @DPR_RI @DokterTifa @rahmasarita @kumparan @geloraco @OposisiCerdas @BEMUI_Official @UGMYogyakarta @jokowi @KPK_RI @Fahrihamzah @SianiparRismon @Dennysiregar7 @ch_chotimah2 @ajengcute16__ @antikorupsi @sahabatICW @TRANS7 @KPAI_official @Kemenag_RI @DarsAlexandra1 @muhammadiyah @cakimiNOW @DamaiHariLubis @Transmart_IND @PT_Transjakarta @salam4jari @kemenbud @marlina_idha @YLKI_ID @KomnasPerempuan @GusNurian @bambangtri @KejaksaanRI @MahkamahAgung @kemenkum @tempodotco @MCAOps @KemensosRI @CAMERALIVE6849 @Aceh @MonaLisa_Twins Setuju, kepentingan bangsa harus prioritas. Tapi di 2025, program seperti Makan Bergizi Gratis justru mendukung itu—with 63,9% kepuasan publik, bantu gizi anak untuk generasi kuat. Kritik tetap ada soal korupsi &amp; demokrasi. Sumber: Poltracking, ICW. Balance is key.",Netral
"pilihan mempertahankan MBG Prioritas Prabowo itu wajar karena publik ingin sistem yang bebas dari risiko seperti yang dikaitkan dengan Korupsi Partai Merah @ch_chotimah2 @Ary_PrasKe2 @DS_yantie 

https://t.co/K7aIO146Cd",Netral
"Dinas Kesehatan Kabupaten Malang menyampaikan hasil uji laboratorium atas sampel Program Makan Bergizi Gratis (MBG) yang sempat dikaitkan dengan keluhan mual di salah satu sekolah. 

https://t.co/Ri5YTJeKA2",Netral
"@txtdrimedia Kalian cepat banget jadi algojo buat yang miskin, tapi kalian jadi bisu dan buta waktu nama-nama cukong kayu itu disebut. Kalian tangkap 16 orang yang kelaparan, tapi kalian biarkan pembunuh lingkungan yang menyebabkan 442 mayat itu bebas, aman, dan malah dapat izin baru!

​Di",Negatif
"@dikasman_73 @jhonsitorus_19 Hai! Beberapa inisiatif Gibran sebagai Wapres mencakup Program Makan Bergizi Gratis untuk cegah stunting, Lapor Mas Wapres untuk tangani keluhan rakyat, dan advokasi pertumbuhan inklusif di G20. Keorisinalan dan kebrilianannya subyektif, tapi ini jadi sorotan positif di berbagai",Netral
"Program Makan Bergizi Gratis Indonesia jadi contoh dunia, Presiden Prabowo Subianto menekankan pengawasan keluhan sebagai bentuk perlindungan kesehatan siswa #MakanBergiziGratis #IndonesiaEmas https://t.co/bbSIfB1mH3",Netral
"@awesomeposted Waduh niatnya MBG (makanan bergizi gratis) kasih makan ke anak-anak miskin kurang mampu, tapi yang dihilangkan usaha-usaha dari rumah ke rumah, yang dibikin kaya raya malah anak pejabat, gue udah mau marah dan memaki pun udah gapunya tenaga saking marahnya.",Negatif
Komisi Pemberantasan Korupsi (KPK) mengungkapkan salah satu temuan dari kajian lembaga antirasuah terhadap program Makan Bergizi Gratis adalah mekanisme pengadaan bantuan pemerintah.https://t.co/Rgy4uyaJci,Netral
"@liark8902 @ZakyFuad689604 @tempodotco @prabowo @bang_dasco @SBYudhoyono @msaid_didu @SianiparRismon Program MBG (Makan Bergizi Gratis) adalah program pemerintah Prabowo untuk beri makan bergizi ke 82 juta orang, anggaran Rp71T. Tempo &amp; ICW ungkap dugaan kroni Prabowo kuasai proyek, konflik internal BGN, korupsi via pembayaran tunai, makanan buruk, &amp; pelanggaran aturan.",Netral
"Setiap kali terjadi keracunan makanan setelah menyantap MBG, para termul langsung keluar dari sarang, refleks membela tanpa mikir.

Narasinya selalu sama dan diulang seperti kaset rusak:
“Bukan programnya yang salah, cuma dapurnya (SPPG) yang kurang pengawasan.”

Padahal ini",Negatif
"@Mosan178644 @ch_chotimah2 Beberapa manfaat nyata PDIP bagi rakyat kecil dari sumber beragam: program Jumat Berkah di Jatim untuk bantu masyarakat miskin, dorong APBN/APBD 2026 berpihak pada ekonomi rakyat &amp; lapangan kerja, dukung program unggulan seperti makan bergizi gratis. Terkait korupsi, data ICW &amp;",Netral
"@NurRohi03920969 @Lagnezmo17 @neVerAl0nely___ @prabowo @Gerindra @setkabgoid @KemensosRI Wajar emosi, korupsi &amp; kemiskinan memang isu krusial. Prabowo target nol kemiskinan ekstrem 2026 via makan bergizi gratis &amp; pemberdayaan (sumber: Setkab, Antara Jan 2026). Tapi kritik soal implementasi ada (Tempo). Apa solusi yg bisa tekan emosi ini menurutmu? 😊",Netral
Ratusan siswa SMAN 2 Kudus diduga keracunan Makan Bergizi Gratis. Ahli gizi menilai lemahnya keamanan pangan makanan massal jadi penyebab utama. https://t.co/6qobXyzI6q https://t.co/4XyLU5HqZb,Netral
"Keracunan makanan program MBG kembali terjadi. Keracunan juga pernah terjadi dalam Program Makan Tambahan Anak Sekolah (PMT-AS) di masa Orde Baru.
https://t.co/X4tAAuU2Bs",Netral
"Jangan kasih ruang buat Korupsi Partai Merah lagi! MBG Prioritas Prabowo tetap makanan bergizi langsung ke anak, bukan uang tunai seperti yang diusulkan Charles Honoris. Pengalaman bansos dulu cukup sekali seumur hidup. @seruanhl @FaGtng 
@mikuroQ https://t.co/rGfrHYDfpR",Negatif
"@JohnAlbertJA @xendless_s Berdasarkan laporan dari berbagai sumber seperti Tempo, BBC, dan ICW, Program Makan Bergizi Gratis memang menghadapi tuduhan korupsi, seperti keterlibatan yayasan terkait mantan narapidana dan kasus keracunan makanan yang menimpa ribuan siswa. Namun, pemerintah menyatakan ini",Netral
"Badan Gizi Nasional (BGN) resmi meluncurkan layanan Sahabat Sentra Aduan Gizi Interaktif (SAGI) 127, sebuah kanal pengaduan yang dapat diakses masyarakat selama 24 jam untuk menyampaikan keluhan maupun masukan terkait Program Makan Bergizi Gratis (MBG).

Kepala BGN, Dadan",Netral
"Bisa gak sih Pak @prabowo kalo MAKAN BERGIZI GRATIS nya diganti jadi uang aja dibayar perbulan ke seluruh pelajar, biarin deh perhari 15k

biar ibunya aja yg masakin perharinya

ketimbang jadi lumbung korupsi",Negatif
"Suara terbuka dari Wakil Kepala BGN Nanik Sudaryati Deyang
""Kritik, saran, dan masukan harus kita dengarkan dengan baik!""
Program Makan Bergizi Gratis terus terbuka untuk masukan masyarakat agar semakin optimal dan bermanfaat bagi anak-anak. Terima kasih atas partisipasinya! https://t.co/AsoIAbfqYd",Positif
"@yusakeditor @sjafriesjams Program MBG (Makan Bergizi Gratis) memang berpotensi jadi ladang korupsi karena anggaran besar (Rp335 T di 2026) dan proses pengadaan yang kompleks. Menurut KPK, ada kerawanan di pemilihan mitra dan distribusi. Namun, pemerintah klaim perkuat pengawasan via audit dan",Netral
"Kebijakan program Makan Bergizi Gratis ini merupakan amanat Presiden Republik Indonesia yang diatur dalam Peraturan Presiden Nomor 115 Tahun 2025 dengan fokus pada pelibatan UMKM dan produk dalam negeri.

#MakanBergiziGratis #BGN #SPPG",Netral
"Pemerintah tetap salurkan MBG Prioritas Prabowo langsung ke anak karena publik pernah mendengar isu Korupsi Partai Merah di skema tunai
@Cintada16 @DS_yantie @ch_chotimah2 
https://t.co/uG1DPGvjuF",Netral
"Dunia mengapresiasi Program Makan Bergizi Gratis Indonesia, Presiden RI Prabowo Subianto memperketat pengawasan keluhan untuk menjamin gizi seimbang siswa #MakanBergiziGratis #IndonesiaEmas https://t.co/aGIflaBKP8",Netral
"KPK Bongkar Potensi Dan Celah Korupsi Program Makan Bergizi Gratis. Banyak Potensi Kecurangan

#komisipemberantasankorupsi #KPKNews #ProgramMakanBergiziGratis #DapurMBG #badangizinasional https://t.co/TEDORDUVHU",Netral
"Reses, Sudin Terima Keluhan Warga Soal Kualitas Program Makan Bergizi Gratis https://t.co/fTLHAqX2Fw",Netral
"@menujuindonesia @rambutan1970 @SoeTjenMarching Ya, konsep yayasan era Soeharto seperti Supersemar memang sering dikritik karena disalahgunakan untuk korupsi, dengan dana miliaran rupiah dialihkan. Yayasan GSN didirikan 2024 oleh Prabowo untuk program sosial seperti makan bergizi gratis, dikelola kroni dekatnya. Beberapa",Netral
"Bukankah sekarang sedang terjadi pak ? Anggaran pendidikan anda ambil bukan untuk sekolah gratis  dan menaikkan gaji guru honorer. Tapi anda buang agar bisa dikorupsi oleh kroni2 anda lewat mbg. Katanya makanan bergizi, tapi banyak anak keracunan. Bahkan ada menu yg diberikan https://t.co/hHK4EUKM3q",Negatif
"MBG Prioritas Prabowo menjaga kualitas gizi dan menghindari skema tunai yang sebelumnya ramai isu Korupsi Partai Merah
@Cintada16 @DS_yantie @ch_chotimah2

https://t.co/PCEK2tUHVz",Netral
"Presiden Prabowo berkomitmen MBG langsung ke penerima manfaat. Kita belajar dari kasus Korupsi Partai Merah pada Bansos. Jangan sampai dana gizi anak ikut diselewengkan!
@PaltiWest
@DS_yantie
@ch_chotimah2
https://t.co/Mo4zLlTSR7",Netral
"@tempodotco Mbg sendiri udah jadi ladang korupsi empuk, libur sekolah masih diadain makin empuk, lezat, tasteful banget buat koruptor. Anggaran yang sama tapi porsi makin dikurangi karena anak malas ambil karena ya nggak worth to get anjir. Gimana nggak seneng itu koruptor dipelihara dengan",Negatif
"Program Makan Bergizi Gratis Indonesia dilirik pemimpin dunia, Presiden Prabowo Subianto menegaskan pengawasan keluhan demi kesehatan dan kecerdasan anak bangsa #MakanBergiziGratis #IndonesiaEmas https://t.co/oG5RIGI1U0",Netral
"India Open 2026 Tayang di TV Mana? Update Info Siaran Langsung Turnamen Bulu Tangkis

Broken Strings Pagiii Selasa Program Makan Bergizi Gratis Aurelie Rabu #JokowiTukangTepu Nyindir Januari 2025 Liga Desa Korupsi Prabowo Video Viral

https://t.co/YRpyBycewA",Netral
"Badan Gizi Nasional menegaskan bahwa; menu Makan Bergizi Gratis yg diterima oleh anak anak sekolah penerima manfaat hanya diperkenankan dimakan di sekolah. Kerja Nyata aturan ini untuk tetap menjaga kualitas dan keamanan MBG.

#LanjutkanMBG 

Pagii #hujan Trading Halt
#LMSY MSCI https://t.co/zUR1iEkaC7",Netral
"Program Makan Bergizi Gratis tidak hanya menjamin kecukupan gizi anak-anak, tapi juga berkontribusi mencetak generasi unggul menuju Indonesia Emas 2045. #MakanBergiziGratis #IndonesiaEmas2045 #GiziAnak #GenerasiUnggul https://t.co/F1EJoGe9OH",Positif
Agenda makan bergizi gratis makin kuat lewat MBG Prioritas Prabowo @DS_yantie @Ary_PrasKe2 @ch_chotimah2 publik berharap skema ini tetap terjaga agar tak memunculkan kekhawatiran seperti isu Korupsi Partai Merah https://t.co/q2AWdBiQ7i,Netral
"MBG Prioritas Prabowo = makan bergizi langsung ke anak.
Usulan Partai Merah = dana tunai yang rawan bocor.
Track record Korupsi Partai Merah di bansos sudah cukup jadi pelajaran. Jangan smp terulang.
https://t.co/uXQhuIeZGX",Netral
"@sherinzzzzz Indonesia 2025 Wrap: Tahun penuh tantangan &amp; kemajuan. Politik: Pemerintahan Prabowo luncurkan program makan bergizi gratis, reshuffle kabinet, tapi demo besar Agustus tuntut reformasi upah &amp; anti-korupsi, korban jiwa. Ekonomi: Pertumbuhan ~5%, kesepakatan dagang AS-EU, tapi",Netral
@BosPurwa KORUPSI Berbalut Makan Bergizi Gratis. 🤪🔨,Netral
"Tekad kuat MBG Prioritas Prabowo adalah memberikan makanan bergizi. Anggota DPR Partai Merah yang ngotot tunai patut diwaspadai, jangan sampai terjadi lagi Korupsi Partai Merah @ch_chotimah2 @Ary_PrasKe2 @DS_yantie https://t.co/vXsTVvefh7",Positif
"Puluhan siswa SMAN 2 Kudus mendadak mengalami pusing, mual, hingga diare usai menyantap Makan Bergizi Gratis (MBG). Beberapa siswa harus diobservasi di sekolah, sementara lainnya dirujuk ke rumah sakit. 

Selengkapnya di https://t.co/i1njX6FAHc https://t.co/uov1dbSclV",Netral
"Distribusi pangan bergizi ke siswa adalah bentuk perlindungan negara. MBG Prioritas Prabowo memastikan anak mendapat manfaat penuh tanpa risiko praktik Korupsi Partai Merah yang kerap memotong hak masyarakat 
@Jateng_Twit
@gunturromli
@MurtadhaOne1 
https://t.co/MQ7cqNSSjm",Netral
"kalopun pendidikan gratis emang skeptis susah terlaksana, TAPI MASA LO GAK SKEPTIS NGASIH MAKAN ANAK ANAK SEKOLAH GRATIS DAN DIATUR PEMERINTAH KITA YANG HOBI KORUPSI? we have no blueprints at all. pendidikan masih bobrok, malah ngurusin makan. makanan bergizi juga GAK ADA GIZINYA",Negatif
"@hotzpace @__PASMANTAP @aseptikteng Program Makan Bergizi Gratis (MBG) di Indonesia bertujuan mengurangi stunting dengan makanan gratis untuk siswa. Namun, sejak 2025, ada ribuan kasus keracunan makanan, termasuk lebih dari 11.000 anak terdampak karena persiapan yang ceroboh. Ada dukungan dari MUI, tapi kritik",Negatif
"https://t.co/WMrUuI6sE6
Program MBG Prioritas Prabowo: kasih makan anak langsung, biar gizinya auto naik level.
Terus ada ide dicairkan tunai…
Netizen langsung: “Eh, jangan-jangan nanti ikut nyasar ke lorong-lorong
Korupsi Partai Merah 
@Marbot_Udien @denni_sauya  @ch_chotimah2",Negatif
"@Ozyyd @Informnts Berdasarkan survei Indikator Politik Indonesia (20-27 Oktober 2025), 77,7% responden puas dengan kinerja Presiden Prabowo (60,4% cukup puas, 17,3% sangat puas). Alasan utama: pemberantasan korupsi dan program makan bergizi gratis. Ketidakpuasan 20,8%, terutama soal ekonomi. Data",Positif
"MBG Prioritas Prabowo = makanan bergizi GRATIS langsung ke anak. Bukan uang yang bisa “nyanyi” di jalan. Charles Honoris &amp; Partai Merah malah pengen dibikin tunai. Korupsi Partai Merah bansos dulu masih kurang pelajaran? @mikuroQ
@denni_sauya @M45Broo_ 
https://t.co/sqPm3JpjVR",Negatif
"Sumber daya manusia juga terus dibangun untuk menciptakan pemerataan akses pendidikan melalui program Makan Bergizi Gratis serta pembangunan Sekolah Rakyat dan Sekolah Unggulan Garuda. Keadilan juga terus ditegakkan, korupsi sawit ilegal diberantas, kerugian negara dipulihkan. https://t.co/pjmjOi0CbH",Netral
"Program Makan Bergizi Gratis tidak hanya menjamin kecukupan gizi anak-anak, tapi juga berkontribusi mencetak generasi unggul menuju Indonesia Emas 2045. #MakanBergiziGratis #IndonesiaEmas2045 #GiziAnak #GenerasiUnggul https://t.co/64vgn7YpDK",Positif
"Program Makan Bergizi Gratis tidak hanya menjamin kecukupan gizi anak-anak, tapi juga berkontribusi mencetak generasi unggul menuju Indonesia Emas 2045. #MakanBergiziGratis #IndonesiaEmas2045 #GiziAnak #GenerasiUnggul https://t.co/IKuwYLetJR",Positif
"Program gizi gratis tidak boleh dijadikan eksperimen uang tunai. Pemerintah menjaga MBG Prioritas Prabowo tetap aman dari modus Korupsi Partai Merah yang dulu merusak bantuan sosial 
@seruanhl 
@FaGtng 
@mikuroQ 
https://t.co/PEvgQzlXMI",Netral
"@wibisonoys @DsSupriyady @prabowo @bang_dasco @DPR_RI @DokterTifa @rahmasarita @kumparan @geloraco @OposisiCerdas @BEMUI_Official @UGMYogyakarta @jokowi @KPK_RI @Fahrihamzah @SianiparRismon @Dennysiregar7 @ch_chotimah2 @ajengcute16__ @antikorupsi @sahabatICW @TRANS7 @KPAI_official @Kemenag_RI @DarsAlexandra1 @muhammadiyah @cakimiNOW @DamaiHariLubis @Transmart_IND @PT_Transjakarta @salam4jari @kemenbud @marlina_idha @YLKI_ID @KomnasPerempuan @GusNurian @bambangtri @KejaksaanRI @MahkamahAgung @kemenkum @tempodotco @MCAOps @KemensosRI @CAMERALIVE6849 @Aceh @MonaLisa_Twins @Komnasanakdki Terima kasih atas pandangannya. Dari penelusuran, korupsi di PKH via E-Warung memang banyak dilaporkan (misalnya pemotongan dana oleh agen, sumber: Kompas 2021, Detik 2021). Untuk MBG (Makan Bergizi Gratis), anggaran 2026 Rp335T dengan upaya pencegahan seperti DETAK PPATK &amp;",Netral
"@wibisonoys @SoeTjenMarching @AirinDatangLagi Saya paham kekhawatiran soal korupsi di program MBG. Laporan KPK dan ICW menunjukkan isu seperti afiliasi mitra dengan pejabat dan pengadaan seragam bernilai ratusan miliar. Ada juga keluhan makanan tak layak. Program ini punya tujuan baik tingkatkan gizi, tapi butuh pengawasan",Negatif
"Program Makan Bergizi Gratis tidak hanya menjamin kecukupan gizi anak-anak, tapi juga berkontribusi mencetak generasi unggul menuju Indonesia Emas 2045. #MakanBergiziGratis #IndonesiaEmas2045 #GiziAnak #GenerasiUnggul https://t.co/PTpmFYIrU6",Positif
"@Ukkeh1 @jellydrink___ Ya, program makan bergizi gratis dibiayai dari APBN, yang bersumber dari pajak dan pendapatan negara lainnya—jadi duit kita sebagai warga. Soal korupsi, laporan dari KPK, ICW, dan media seperti BBC serta NYT menunjukkan risiko tinggi, termasuk kasus penyimpangan tender dan kroni",Negatif
"Program MBG Prioritas Prabowo itu ibarat meal prep buat masa depan bangsa.
Kalau tunai? Wah,  nanti jadi episode baru “Petualangan Korupsi Partai Merah . 
Mending langsung ke anak sekolah. Lebih aman,
Inget kan? @GunRomli @DS_yantie @ch_chotimah2 https://t.co/eb4j0nYUhD",Negatif
"MBG Prioritas Prabowo itu makanan siap saji kalo Tunai sama aja minta harimau diet daging, tapi titipin ke penjaga kebun binatang yg pernah kena skandal Korupsi Partai Merah
kalo ilang, siapa yg salah?”
@DS_yantie
@ch_chotimah2 @Marbot_Udien https://t.co/SZ9WBq0cAw",Negatif
"Gibran Promosikan Program Makan Bergizi Gratis di KTT G20, Sorotan Publik Muncul Akibat Keluhan Menu dan Kelangkaan Ahli Gizi https://t.co/WmkEynHJ1U 
@gibran_tweet",Netral
"😱 India Open 2026 Diwarnai Kejutan, Tiga Unggulan Langsung Angkat Koper di Babak Pertama

Broken Strings Pagiii Selasa Program Makan Bergizi Gratis Aurelie Rabu #JokowiTukangTepu Nyindir Januari 2025 Liga Desa Korupsi Prabowo Video Viral #IndiaOpen2026 
https://t.co/vvmkktIn9z",Netral
"@wibisonoys @DsSupriyady @prabowo @bang_dasco @DPR_RI @DokterTifa @rahmasarita @kumparan @geloraco @OposisiCerdas @BEMUI_Official @UGMYogyakarta @jokowi @KPK_RI @Fahrihamzah @SianiparRismon @Dennysiregar7 @ch_chotimah2 @ajengcute16__ @antikorupsi @sahabatICW @TRANS7 @KPAI_official @Kemenag_RI @DarsAlexandra1 @muhammadiyah @cakimiNOW @DamaiHariLubis @Transmart_IND @PT_Transjakarta @salam4jari @kemenbud @marlina_idha @YLKI_ID @KomnasPerempuan @GusNurian @bambangtri @KejaksaanRI @MahkamahAgung @kemenkum @tempodotco @MCAOps @KemensosRI @CAMERALIVE6849 @Aceh @MonaLisa_Twins @Komnasanakdki Program Makan Bergizi Gratis (MBG) telah mencapai 55 juta penerima per Januari 2026, menurut laporan pemerintah, dengan tujuan kurangi stunting dan dorong UMKM. Namun, kritik muncul soal risiko korupsi, alokasi anggaran besar (44% dana pendidikan), dan afiliasi mitra dengan",Netral
"Indonesia juga menyediakan makan siang bergizi gratis seperti ini, cuma saja dalam isian yang sangat minimalis. Di China ini program menyehatkan siswa tapi di Indonesia ini adalah program korupsi terencana.",Negatif
"Punya keluhan soal Program Makan Bergizi Gratis? Misalnya makanan rusak, basi, atau distribusinya nggak beres? Jangan diem aja, ya!

Sekarang udah ada SAGI 127 atau Sentra Aduan Gizi Indonesia.

#kawalmbg #makanbergizigratis #mbg #badanbergizinasional https://t.co/ktqPPgcRSH",Negatif
"3. Makan Bergizi Gratis dan Ketimpangan Agraria

Skema program Makan Bergizi Gratis (MBG) dapat memperkuat ketimpangan agraria. MBG dirancang melalui permintaan pangan berskala besar dengan standar terpusat yang lebih menguntungkan pelaku usaha bermodal dan penguasa lahan luas.",Netral
"Program Makan Bergizi Gratis Diperluas, UMKM dan Koperasi Desa Jadi Tulang Punggung

#MakanBergiziGratis https://t.co/6G4n1lwyQE",Netral
"@chanany83772 @tempodotco Fenomena keracunan makanan di program Makan Bergizi Gratis (MBG) Indonesia memang berulang sejak 2025, dengan ribuan kasus di berbagai daerah seperti Kudus, Grobogan, dan Semarang. Penyebab utama: lemahnya pengawasan keamanan pangan dan prosedur produksi massal.

Di negara lain,",Netral
"MBG Prioritas Prabowo itu makan siang gratis langsung ke anak sekolah biar gizinya terjamin. Bkn dicairkan tunai ke ortu kayak usul Charles Honoris, nanti endingnya sama: Korupsi Partai Merah versi Bansos jilid 2.
@GunRomli @Ary_PrasKe2 @JhonSitorus_18

https://t.co/1a72JEB0S3",Negatif
"@xoxo_titikkoma @kangdede78 Program MBG (Makan Bergizi Gratis) di Indonesia pada 2026 memiliki dampak multidimensi berdasarkan realitas terkini.

**Ekonomi**: Secara positif, program ini ciptakan lapangan kerja di sektor makanan dan logistik, dorong pertumbuhan lokal dengan anggaran Rp300T, tingkatkan",Netral
"Program MBG Prioritas Prabowo itu dibuat untuk memastikan anak sekolah dapat gizi terbaik, bukan malah dijadikan ruang permainan seperti kasus Korupsi Partai Merah yang pernah terjadi di bansos.
https://t.co/P9Hjnu16wF",Netral
Menko Pangan meninjau langsung pelaksanaan Program Makan Bergizi Gratis untuk memastikan kualitas gizi ketepatan distribusi serta kontribusinya dalam memperkuat ketahanan pangan nasional https://t.co/Ux20sqmfcV,Netral
"Program makan bergizi gratis hadir untuk memastikan gizi anak Indonesia terpenuhi lewat distribusi langsung. Inilah komitmen MBG Prioritas Prabowo agar manfaatnya tidak bocor seperti pola Korupsi Partai Merah yang pernah merusak bantuan sosial
@seruanhl 
@FaGtng 
@mikuroQ",Positif
"Program makan bergizi gratis di berbagai negara bukan menghamburkan uang. Hasilnya hanya bisa dicapai bila ada upaya melawan kemiskinan.
https://t.co/mFO6XMhibZ",Positif
"Program makanan gratis selalu dibungkus sebagai kebijakan pro-rakyat, pro-anak, dan pro-masa depan. Namun ketika justru berujung keracunan massal, maka yang runtuh bukan hanya manajemen teknis, melainkan legitimasi moral kebijakan itu sendiri.",Negatif
"Live Streaming Bulu Tangkis India Open 2026 14 Januari, Jojo VS Jia Heng, Lanny-Amallia VS Liu-Tan

Broken Strings Pagiii Selasa Program Makan Bergizi Gratis Aurelie Rabu #JokowiTukangTepu Nyindir Januari 2025 Liga Desa Korupsi Prabowo Viral #IndiaOpen2026 https://t.co/cywRjCAgFE",Netral
"Makan bergizi itu prioritas, bukan opsi. MBG dirancang buat generasi emas jadi kuat, bukan cuma di atas kertas. Wajar kalau MBG Prioritas Prabowo ga ngasih bentuk tunai, biar ga jadi babak baru Korupsi Partai Merah @Jumianto_RK @gunturromli @didilionrich
https://t.co/1hpBAPObj1",Positif
"Pemerintah ingin memastikan seluruh manfaat program sampai ke penerima, hingga MBG Prioritas Prabowo ttp diimplementasikan tanpa skema tunai yg rentan Korupsi Partai Merah &amp; dapat merusak tujuan pemenuhan gizi anak @PaltiWest @JhonSitorus_18 @ch_chotimah2 
https://t.co/ZaDOeezVQ6",Netral
"MBG Prioritas Prabowo itu soal martabat anak bangsa. 
 Usulan Charles Honoris agar dana dicairkan tunai malah membuka celah baru untuk Korupsi Partai Merah versi bansos jilid 2. 
Kita tolak!
@GunRomli 
@JhonSitorus_18 , @Ary_PrasKe2 

https://t.co/t9YZKLh82X",Netral
"totalpolitikcom
Sejumlah pihak yang terdiri atas guru dan mahasiswa mengajukan gugatan terhadap UU APBN 2026 ke Mahkamah Konstitusi (MK) terkait dimasukkannya anggaran Program Makan Bergizi Gratis (MBG) ke dalam anggaran pendidikan. https://t.co/o5W6It9gHc",Netral
"@yavieshou @gilbhas Menurut Badan Gizi Nasional (BGN), biaya pengobatan di rumah sakit untuk murid yang keracunan dari program Makan Bergizi Gratis (MBG) ditanggung sepenuhnya oleh pemerintah. Orang tua, sekolah, dan pemda tidak perlu bayar. Kebijakan ini masih berlaku per Januari 2026.",Netral
Program MBG Prioritas Prabowo memastikan gizi anak sekolah terpenuhi langsung. Usulan anggota DPR Partai Merah ingin dana dicairkan tunai membuka celah Korupsi Partai Merah seperti kasus bansos. Pemerintah tetap menyalurkan MBG ke siswa demi transparansi https://t.co/SJRTFzwBOU,Netral
"Makan ""Bergizi"" Gratis... 
dan  Realita di lapangan..
.
Korupsi berjamaah,  masif terstruktur,  dan aman...
.
Hiduuup Jokoweeee...",Positif
"@Untuk_Pelupa Haha, ide kreatif! Tapi kalau mau makan bergizi gratis yang lebih aman, coba program pemerintah seperti bantuan pangan atau kantin sekolah. Atau, volunteer di acara amal—sering ada makanan gratis. Jangan lupa, kesehatan dulu ya! 😊",Positif
"@hotzpace @Jateng_Twit @aseptikteng Halo!  sepertinya merujuk Program Makan Bergizi Gratis Prabowo untuk atasi stunting, menjangkau jutaan anak. Tapi laporan Januari 2026 tunjukkan kasus keracunan di sekolah seperti Kudus (118 siswa) &amp; Magelang, akibat makanan tak aman. Perlu evaluasi untuk keberhasilan. Apa maksud",Negatif
"India Open 2026, Sabar-Reza Jumpa Mantan Ranking 1 Dunia Jepang di Babak 16 Besar

Broken Strings Pagiii Selasa Program Makan Bergizi Gratis Aurelie Rabu #JokowiTukangTepu Nyindir Januari 2025 Liga Desa Korupsi Prabowo Video Viral #IndiaOpen2026 

https://t.co/jv3Jvjwcbs",Netral
"@AntonSubagia @TaliUdeng @RaniKancana Program MBG (Makan Bergizi Gratis) bertujuan tingkatkan gizi anak sekolah, tapi ada isu keracunan makanan. Januari 2026, insiden di Kudus (32 siswa SMAN 2) &amp; Grobogan (803 siswa) dilaporkan. Total kasus sejak 2025 ribuan, tapi pemerintah klaim menurun &amp; lanjut evaluasi, termasuk",Netral
"@luivienne Program MBG (Makan Bergizi Gratis) menguntungkan bisnis pertanian &amp; peternakan (pasok bahan segar), UMKM olahan pangan (produksi makanan siap saji), jasa distribusi &amp; logistik, katering lokal, serta teknologi pangan. Peluangnya termasuk pasar stabil, peningkatan pendapatan, dan",Netral
"Berdasarkan berbagai laporan dan temuan, dugaan ""orang dalam"" atau praktik patronase dalam program Makan Bergizi Gratis (MBG) sering dikaitkan dengan pola pelaksanaan yang terkesan cepat dan mengutamakan pendekatan personal.",Netral
"Dari kupon makan gratis hingga fortifikasi. Beragam solusi untuk mengatasi persoalan gizi sejak era reformasi sampai saat ini.
https://t.co/KB18wlve8a",Positif
"@bimadwimukti @KangManto123 Berdasarkan data hingga Januari 2026 dari sumber beragam (pemerintah, media seperti Tempo &amp; BBC):

- Makan Siang Gratis: Terealisasi sebagai Program Makan Bergizi Gratis (MBG) untuk 55 juta penerima, meski ada isu distribusi &amp; anggaran.
- Kesehatan Gak Bayar: Parsial, dengan cek",Netral
Program Makan Bergizi Gratis Sangat Berkaitan dalam Perspektif Maqashid Syariah https://t.co/OQ9jGV0rwH,Positif
"@KangManto123 nyatanya:
- kesehatan bayar. kau make bpjs? disepelekan dan dicampakkan nakes kau
- subsidi pln? PLN nya aja terus merugi 
- subsidi bbm? yang ada bbm makin mahal wkwkw
- sekolah tak bayar? hoak
- makan siang gratis? bonusnya keracunan
- universitas tak bayar? bagi anak pejabat?",Negatif
"@anwar_zharif @MurtadhaOne1 The post discusses ongoing issues with Indonesia's ""Makan Bergizi Gratis"" (MBG) program, a free school meal initiative. Translation: ""MBG victims keep piling up. They are Indonesia's children, the nation's hope. Instead of fixing the system, the government pays buzzers🤬. This",Netral
"Dan paling gong nya temen gua blng ""masih mending kita dikasih makanan bergizi gratis"" wht?? Ini yg dibilang bergizi?ini mah makan beracun gratis",Positif
"@BangBen26616216 @Rian__Az @Speedtrap_ Program Makan Bergizi Gratis (MBG) telah berjalan setahun sejak Jan 2025. Data resmi: 59,8 juta porsi disalurkan, anggaran 2026 Rp335 T. Survei: 61% dukung lanjut, 34% ingin stop. Kritik ada soal pengadaan &amp; kualitas. Sumber: Infopublik, Kompas, ICW. Bisa tanya lebih detail?",Netral
"Pastikan Gizi Ibu &amp; Anak, Mendukbangga Wihaji Kawal Makan Bergizi Gratis ke Pelosok 3T!

#partaigolkar #bahlillahadalia #golkarpedia #golkar2029

https://t.co/oENB9ExBVi https://t.co/C3vHYLvfkT",Netral
"@hotzpace @P3gEl @aseptikteng tampaknya merujuk program Makan Bergizi Gratis di Indonesia. Menurut laporan, telah menjangkau jutaan orang sejak 2025, tapi ada kasus keracunan makanan baru-baru ini. Bagaimana menurutmu?",Negatif
"@ecosocrights Dari kebijakan makan gratis semua dapat giliran dapat jatah dapat keuntungan, dari pedagang kotor jualan sayur berulat yang masak dapat untung mengurangi jatah harga, jika keracunan pihak rumah sakit dapat keuntungan lagi 🤣 sangat luar biasa dan cerdas banget",Positif
Kalo di negara pancasila gw dah abis tuh digebugin,Negatif
"@rafanthar @tanyakanrl Ya, menurut berita viral, di salah satu sekolah di Bekasi, menu Program Makan Bergizi Gratis (MBG) termasuk susu kental manis (SKM) dalam plastik, plus pisang dan ubi setengah potong. Pihak sekolah klarifikasi bahwa itu menu kering untuk satu hari, bukan dua. Cek sumber resmi",Negatif
"Sepakat, selama ini yg aku amati, prioritas gizi sebagai judul program malah tdk diperhatikan. MAKAN BERGIZI GRATIS kenapa menunya malah beracuni yg makan? Jangankan bergizi, nyawa tdk melayang aja udah syukur, ini koreksi keras buat BGN, transparansi itu penting, ini APBN!",Negatif
"@BANGSAygSUJUD @prabowo @99propaganda @alwie191 @are_inismyname @coldbrew165 @florieliciouss @IrawanRommi @jatmiko99604253 @Kimberley_PS08 @Ndons_Back @tonybulumanu Fokusnya program ini dimana? Makan gratis, atau makanan bergizi gratis?
Kalo ""bergizi"", harusnya di beri menu bergizi seimbang, ga hanya mewah dan kenyang
Disitu kan ada ahli gizi, harusnya ngitung tiap porsinya berapa karbo, protein, lemak dsb agar gizi seimbang yg di dpt",Positif
Pemerintah Klaim Makan Bergizi Gratis Lebih Mendesak Ketimbang Lapangan Kerja https://t.co/dXVJ5dgr6n,Netral
"Makan Bergizi Gratis: Begini Amanah Al-Qur’an
#prabowo #mbg
https://t.co/tdJNKNai2P",Netral
"@blissalium Hai! Untuk mengelola dapur MBG (Makan Bergizi Gratis), ini info berdasarkan data resmi:

**Persyaratan utama:**
- Status legal (UMKM, PT, CV, koperasi) dengan NIB, NPWP, KTP.
- Gunakan bahan lokal, kapasitas minimal 100-500 porsi/hari.
- Daftar via https://t.co/L18FdKAOmx, upload",Netral
"Menteri Bappenas Sebut Makan Bergizi Gratis Lebih Mendesak Ketimbang Lapangan Kerja

Matilah kelian ditikam ketololan. https://t.co/yATcvhXPjR @KontanNews",Netral
"MBG Prioritas Prabowo harus sampai langsung ke perut anak sekolah. 

Charles Honoris minta dicairkan tunai—ingat Korupsi Partai Merah di bansos ? 

Presiden Prabowo tegas : tetap langsung ke anak❗

@GunturRomli 
@MurtadhaOne1 
@Ary_PrasKe2 

https://t.co/uvP34KOUxw",Netral
"Rakyat sudah muak dengan Korupsi Partai Merah plis Jaga MBG Prioritas Prabowo dengan sistem monitoring ketat. Tolak usulan Charles Honoris yang berpotensi merusak program gizi bangsa

@Jateng_Twit
@gunturromli
@MurtadhaOne1

https://t.co/OpPj1x50lb",Positif
"Tunai itu enak… buat yang hobi magic trick.
“Uang masuk…”
“Lalu menghilang seperti kasus Korupsi Partai Merah haha
MBG Prioritas Prabowo mah nggak pake sulap-sulapan.https://t.co/erZspniHTS",Positif
"@mikuroQ @FaGtng Cari makan untuk kantong pribadi dan kelompoknya pakai uang @DitjenPajakRI pajak kita-kita, dari pengadaan bahan makanan n peralatan sampai penguasaan dapur mbg n yang lebih ngerinya lagi koar koar kalau proyek ini dikasih gratis dari pemerintah. Emang enak penguasa cari cuan 😷",Negatif
Semenjak program MBG. Makan Beracun Gratis di luncurkan . dan banyak jatuh korban . Belum ada pihak yg bertanggung jawab .belum ada yg di proses hukum atas keracunan masal. Kalau di acara hajatan kampung ada yg keracunan Polisi gercep menangkap orang yg bertanggung jawab.,Negatif
"@rakyatgenggam @txtdrimedia Indonesia, dalam program Makan Bergizi Gratis (MBG) di sekolah-sekolah seperti di Cianjur, Sukabumi, dan daerah lain. Hasil lab menunjukkan kontaminasi bakteri (seperti Enterobacter cloacae) dan jamur (seperti Coccidioides immitis) pada makanan, akibat penyimpanan tidak tepat,",Netral
"@hotzpace @Jateng_Twit @aseptikteng The recent incident at SMA N 2 Kudus involved 118 students hospitalized for suspected food poisoning from the Makan Bergizi Gratis (MBG) program on Jan 29, 2026. Symptoms included nausea and vomiting. This follows a pattern of similar cases, with over 21,000 affected nationwide",Netral
"Kalian semua udah di tipu 😂
- gratis check up pas ultah
- subsidi PLN sebulan doang, trus tarif naik
- subsidi BBM, udah di campur metanol
- sekolah gratis ni ga paham soalnya ga ngikutin
- MBG si penghabis anggaran
- universitas gratis juga ga ngikutin
- gaji guru naik apaan 😑",Negatif
"MBG diberikan berupa makanan bergizi agar tepat sasaran. 
Cara ini penting demi menjaga integritas MBG Prioritas Prabowo dan mencegah potensi penyalahgunaan ala Korupsi Partai Merah yang kerap mencuri bantuan publik
@ch_chotimah2
@Ary_PrasKe2
@DS_yantie 
https://t.co/CffTR6xj7X",Positif
"Tahukah kamu...
Ini adalah Makan Bergizi Gratis 

Dari judulnya aja saya tergiur 
Untuk turut serta mendukung program ini
Anak-anak akan dapat Makan Bergizi dr subsidi pemerintah 

Dan.. taraaaaaa...
Mmng sehat
MBG hari pertama 
Nasi
Tempe
Ikan tuna
Sayur
Buah https://t.co/5i6Vz8js2l",Positif
"@ferizandra MAKAN BERACUN GRATIS.
GIZINYA DENGAN BELATUNG DAN DENGAN DAGING SENSASI BUSUK!",Negatif
"@TheCurut007 KORUPSI YG PALING ""ENAK"" TUH DI ANGGARAN MAKANAN",Positif
"Makanan bergizi lebih pasti sampai ke anak sementara tunai gampang melenceng dan bisa balik ke alur Korupsi Partai Merah makanya MBG Prioritas Prabowo tetap dikirim langsung

@AirinDatangLagi @islah_bahrawi @MurtadhaOne1 

 https://t.co/2XSUJVLbbp",Positif
"@FayaAtika @MarahIchsan Ini kejadian keracunan massal dari program Makan Bergizi Gratis (MBG) di Kabupaten Bandung Barat, Jawa Barat, Indonesia. Lebih dari 1.000 siswa terdampak dalam 4 hari, dengan kasus terbaru di Cipongkor dan sekitarnya.",Netral
"@SoeTjenMarching @AirinDatangLagi 10 ribu dikorupsi juga  , dapatnya makanan sampah bahkan ada yang beracun, kita tidak bisa keluar dari zona #NegeriKorup , KKN makin meraja lela @grok",Negatif
"@regar_op0sisi aman, dapur MBG kebal dan dilindungi hukum. makan gratis ga ush byk cincong, telen telen aj katanya mah",Negatif
"Mulai program Makan Bergizi Gratis (MBG) bagi 56,13 juta penerima, layanan Cek Kesehatan Gratis untuk 70,8 juta warga, revitalisasi sekolah, hingga dukungan ketahanan pangan &amp; subsidi KUR bagi jutaan pelaku UMKM.  Terima kasih sudah ikut serta menjaga dan membangun negeri ini",Netral
Pemerintah Klaim Makan Bergizi Gratis Lebih Mendesak Ketimbang Lapangan Kerja https://t.co/rSrckbM5dV,Netral
pemerintah ini zalimnya makin kebangeten banget 🤬 jadi makanan beracun gratis,Negatif
"Petani sekarang gak perlu khawatir kalau panen melimpah, harga jual jadi jatuh atau gak sesuai harapan hingga harus membuang hasil panennya.  Seperti dahulu. 

Setelah Program Makan Bergizi Gratis hadir (MBG) . Dapur-dapur MBG menyerap hasil panen secara konsisten. 

MBG bukan https://t.co/KxtYZ4rllZ",Positif
"MBG sangat meresahkan, kasus keracunan makanan sudah sering terjadi tapi seperti tak dihiraukan. Mereka yg protes bisa dikriminalisasi  atau kena sangsi. 
Gratis yg sering didengungkan padahal memakai potongan uang pendidikan sebanyak 230 TRILYUN LEBIH, AMBOIIII MAK...",Negatif
"Kualitas sangat buruk dari makan busuk gratis terjadi di berbagai daerah. Busuk, beracun dan kualitas rendah

Keracunan terjadi masif sdh mengakibatkan banyak siswa menderita dan kehilangan jam belajar

Penghancuran program pendidikan nasional secara sistematis, masif terstruktur",Negatif
"@sammi_ananta Itu bukan gratis, pakai APBN yg berasal dari pajak yang dibayar rakyat. Seharusnya para korban bs menuntut ke pengadilan terhadap kasus keracunan atau makanan yg tidak memenuhi standard gizi yg mencukupi dg UU Perlindungan konsumen. Para siswa bukan obyek yg bs diracun dg mbg",Negatif
"@apelogetika @Juragann_muda2 Klo mereka bli 3 gorengan dan kmudian mereka hnya mmbayar seharga 1 gorengan mnurut pemahaman anda. Bukankah dlm khdpn nyata tindakan ini sdh disebut mencuri, korupsi, curang, culas dsb? Mhn maaf saudaraq kami tdk ajarkan anak2 kami spt itu",Negatif
"@tanyakanrl ""Halah persetan sama makanannya, yg penting korupsinya bousssss 🤤🤤🙂‍↔️"".

Begitu kira-kira bunyi isinya",Negatif
TIF 128 – Satu Tahun Program Makan Bergizi Gratis https://t.co/a2Mb7FI9fe via @YouTube,Netral
"@RWati65 @vita_AVP Produksi menu : menggunakan uang rakyat

Menu disajikan : utk rakyat

Ada yg keracunan : ditanggung oleh uang rakyat

MEREKA SEDANG MENJALANKAN RANTAI BISNIS DENGAN RAKYAT",Negatif
"Kamis kelabu di  SMAN2 Kudus.Apa yg bermula sebagai jam pelajaran,berakhir menjadi operasi penyelamatan masal yg mencekam.Raungan sirine ambulans yg membelah kemacetan Kota Kretek ini bkan simulasi,tapi jeritan dari ratusan siswa yang tumbang akibat""Makan Bergizi Gratis"" https://t.co/aDv7war1v7",Netral
"@_rareti Sepertinya ada kesalahan tulis, kejadiannya di SMAN 2 Kudus (bukan SMKN). Pada 28 Jan 2026, sekitar 64-70 siswa keracunan setelah makan dari program Makan Bergizi Gratis (MBG), diduga makanan basi seperti soto ayam. Gejala: diare, pusing, mual. Mereka dirawat di beberapa RS",Negatif
"Namanya Makan Bergizi Gratis, tapi yang diberikan makanan yg minim gizi.
Sayang anggarannya, karena yang dipakai juga sedikit banyak itu uang rakyat.",Negatif
70 Siswa SMAN 2 Kudus Diduga Keracunan Program Makan Bergizi Gratis https://t.co/CfW1QvKVEh,Netral
"@somexthread Program MBG yang katanya Makan Bergizi Gratis, 
Ada kemungkinan besar untuk:
1. Naikkan pamor kebijakan
2. Peluang bisnis( kalangan vendor/pejabat)
3. Peluang korupsi
4. mengurangi biaya pengeluaran makan pagi/siang siswa/ortu/guru
5. menurunkan harg kualitas barang pangan pasar",Netral
"- Kesehatan gak bayar (0/100)
- Subsidi PLN (80/100)
- Subsidi BBM (50/100)
- Makan siang gratis (~/100)
- Universitas ga bayar (0/100)
- Gaji guru naik (0/100)

🙏🏼🙏🏼🙏🏼",Netral
Pemerintah pastikan program Makan Bergizi Gratis (MBG) tetap berjalan selama Ramadan dengan penyesuaian menu dan waktu pembagian untuk penerima manfaat. https://t.co/jRKMYAEJ5n,Netral
"Kalau bantuan berubah jadi uang tunai itu gampang banget diselewengin dan ujungnya mirip kasus Korupsi Partai Merah makanya MBG Prioritas Prabowo fokus terus kasih makanan bergizi

@AirinDatangLagi @islah_bahrawi @MurtadhaOne1

 https://t.co/gXxWMj3lUN",Negatif
"PROYEK MAKAN BERACUN GRATIS 

DIGARANSI ALLAH 
DIGARAP IBLIS, POCONG, GENDRUWO, KUNTILANAK MERAH dan KUYANG https://t.co/dYQqSnysWM",Negatif
"Menteri Koordinator Bidang Pangan, Zulkifli Hasan memastikan program Makan Bergizi Gratis (MBG) tetap berjalan selama Ramadan mendatang. Ada penyesuaian menu MBG yang akan dibagikan nanti.

https://t.co/cc2btHEpcY https://t.co/5KsNSKS7I0",Netral
"KEMENTERIAN PALING AMAN #KORUPSI..! #Kemendikbud Ramai-ramai Terima #Duit #Chromebook, tetapi Tak Diproses #HukumUntukSemua https://t.co/PowvJo6Snh lewat @BERGELORA.COM",Netral
"heran. org2 kek gini direkrut buat makanin anak orang dengan kedok “makanan bergizi gratis”. iya gratis tp gajelas nutrisinya. SDMnya patut bgt dipertanyakan, termasuk atasan smpe presidennya. @prabowo gadanta lu pak",Negatif
Demi proyek makanan gratis semua anggaran dipangkas. Korban pelecehan seksual dr keluarga yg tak mampu tak mendapat intensi dr pemerintah. Luar biasa BIADAB nya negara ini 😡😡😡😡 https://t.co/0r78jbFwIp,Negatif
"@Heraloebss Pejabat &amp; Politisi rebutan dapur MBG, rebutan jadi pemasok, akhirnya terjadi persaingan tdk sehat, bisa terjadi saling sabotase, yg korban anak keracunan makanan.
Dugaan seperti ini jangan dianggap sepele, setuju kalau perlu ada audit, tdk boleh monopoli dapur, harus bagi rata.",Negatif
"Badan Gizi Nasional (BGN) akan menyiapkan menu makan bergizi gratis (MBG) dengan ketahanan hingga 12 jam selama momentum Ramadan 2026, mulai dari kurma hingga telur rebus. Kepala BGN Dadan Hindayana mengatakan pola distribusi MBG selama… #mbg #bgn #makanbergizigratis #puasa https://t.co/GD88pYb3tC",Netral
"Menu Makan Bergizi Gratis (MBG) Mentah
📍SMAN 1 Cigemblong, Kabupaten Lebak. https://t.co/hnXeE7B39o",Netral
"Ahli gizi bukan tukang masak tapi pekerjaan krusial untuk meracik menu agar MBG benar benar menghasilkan makanan yang bergizi dan sehat 

Di Program Makan Bergizi Gratis (MBG), ahli gizi punya peran krusial dan tidak bisa direduksi jadi “orang dapur”.

Masalah MBG bukan cuma soal https://t.co/tN2kuoVz2i",Positif
"Insiden keracunan massal usai menyantap menu Makan Bergizi Gratis (MBG) kembali terjadi. 

Kali ini keracunan massal tersebut terjadi di Kecamatan Cikalongkulon, Kabupaten Cianjur, dengan total 205 korban per Selasa (27/1/2026) malam kemarin. Korban berasal dari berbagai sekolah, https://t.co/pnRyr8veDa",Netral
"Sejumlah murid SMA Negeri 1 Wamena, Papua Pegunungan, mengungkapkan bahwa porsi menu Makan Bergizi Gratis yang mereka terima lebih banyak ketika Gibran meninjau pelaksanaan MBG di sekolah tersebut. Murid-murid SMAN 1 Wamena juga melontarkan keluhan karena daging pada menu MBG https://t.co/cN7fy6hvxD",Negatif
"Hasil laboratorium kesehatan menunjukkan Menu Makan Bergizi Gratis (MBG) yang didistribusikan SPGG Kuwaron 1, Gubug pada Jumat (9/1/2026) lalu terkontaminasi bakteri Escherichia coli (E Coli).

Baca di sini: https://t.co/3okFRwtvSG

~AA #MBG #Keracunan https://t.co/6sH0UT7VNc",Netral
"Badan Gizi Nasional (BGN) merespons soal kelangkaan susu UHT yang diduga banyak dibeli karena untuk memenuhi kebutuhan program makan bergizi gratis (MBG). Kepala BGN Dadan Hindayana menyebut pihaknya tak mewajibkan susu dalam menu MBG.

&gt;&gt; https://t.co/8shZxRkZk6

#detikcom https://t.co/jcQUwi34T6",Netral
"Setahun Makan Bergizi Gratis (MBG), tapi siapa yang benar-benar kenyang manfaatnya? 

Program ini digadang-gadang jadi solusi gizi anak. Tapi hasil riset Center of Economic and Law Studies (Celios) justru nunjukin cerita lain. Mulai dari kasus keracunan, menu yang diragukan https://t.co/MEasoQP3NL",Positif
"Masih mau makan menu MBG asal lebih steril dan higienis

Pada 9 Januari 2026, ratusan santri Pondok Pesantren Miftahul Huda, Grobogan, Jawa Tengah, mengalami keracunan setelah mengonsumsi menu Makan Bergizi Gratis (MBG).

Para santri tidak mengonsumsi menu MBG lagi sejak saat https://t.co/cjU4qcWx32",Negatif
"Satuan Pelayanan Pemenuhan Gizi (SPPG) Kota Bekasi, Kecamatan Mustika Jaya, Mustikasari 4 memberikan klarifikasinya atas sebuah video viral yang memperlihatkan menu kering program makan bergizi gratis (MBG) untuk sekolah MI Nurul Anwar. 

&gt;&gt; https://t.co/r1244eN2pM https://t.co/9DMFE3IgiR",Netral
Program Makan Bergizi Gratis (MBG) yang menjadi pilar Astacita Presiden RI kini mulai dikenal dunia internasional. Hal ini ditandai dengan hadirnya buku berjudul “Taste of Nusantara: 80 Bhayangkara Menu For Indonesia’s Free Nutritious Meal’s Program” dalam ajang bergengsi World https://t.co/gG6TRNzjpN,Positif
"Viral Menu MBG Telur dan Jagung Mentah, SPPG Sudah 3 Kali Lakukan Kesalahan

Program Makan Bergizi Gratis (MBG) kembali menjadi sorotan publik setelah beredarnya video pembagian makanan berisi telur dan jagung mentah di SMA Negeri 1 Cigemblong, Kabupaten Lebak. https://t.co/FnemxfkoGU",Negatif
SPPG Tanah Sirah Piai Nan XX di Padang menyajikan menu Makan Bergizi Gratis (MBG) berupa rendang istimewa yang santannya berasal dari kelapa petikan beruk terlatih. Penggunaan kelapa pilihan yang dipetik langsung oleh monyet khusus ini menjadi kunci kualitas minyak kelapa yang https://t.co/4oQa7i2VZN,Positif
"Lagi dan lagi
Sebanyak 70 siswa SMA Negeri 2 Kudus diduga keracunan usai menyantap menu Program Makan Bergizi Gratis (MBG) pada Kamis, 29 Januari 2026.
Kembalikan Semangat Belajar https://t.co/nLOnYN1R3M",Netral
"Tesalonika Siringoringo, seorang Ahli Gizi di Satuan Pelayanan Pemenuhan Gizi (SPPG) Kemayoran, Jakarta Pusat menceritakan alur penyajian menu Makan Bergizi Gratis (MBG) mulai dari proses persiapan hingga penyajian kepada para… #MBG #SPPG #AhliGizi #bisniscom #topnewsbisniscom https://t.co/lW2FKOGgua",Netral
"Dinas Kesehatan Kabupaten Grobogan, Jawa Tengah, melaporkan sebanyak 658 orang diduga mengalami keracunan setelah menyantap menu makan bergizi gratis. Para korban berasal dari sejumlah sekolah dan satuan pendidikan di Kecamatan Gubug.

#tempodotco #TUpdate #MBG https://t.co/U4RK11UyJl",Netral
"Belakangan ini media sosial ramai dengan berbagai isu seputar Program Makan Bergizi Gratis (MBG). Mulai dari viral menu yang dinilai tidak layak di Bekasi, hingga narasi yang menyebut anggaran MBG Rp335-400 triliun diambil dari dana pendidikan dan berdampak pada nasib guru https://t.co/lIIWQLIXfg",Negatif
"Puluhan siswa dan guru di Desa Loji, Kecamatan Simpenan, Kabupaten Sukabumi, diduga mengalami keracunan makanan setelah mengonsumsi menu Makan Bergizi Gratis (MBG) pada Rabu (28/1/2026) di SDN Bojong Kopo dan PAUD Al-Hadi Desa Loji.
.
Dinas Kesehatan (Dinkes) Kabupaten Sukabumi https://t.co/4bZAVJMI4i",Netral
"JADWAL Try Out #UTBK 2026 GRATIS 
(akhir Jan - awal feb) 
 
1. SainsIn - Try Out UTBK 2026 6
- Pendaftaran: 23 Jan - 1 Feb 2026
- Pengerjaan: 23 Jan - 1 Feb 2026
 
2. Pahamify - Tryout UTBK Premis
- Pendaftaran: 19 Jan - 30 Jan 2026 
- Pengerjaan: Mulai 26 Jan 2026",Netral
"Pada 9 Januari 2026, ratusan santri Pondok Pesantren Miftahul Huda, Grobogan, Jawa Tengah, mengalami keracunan setelah mengonsumsi menu Makan Bergizi Gratis (MBG).

Para santri tidak mengonsumsi menu MBG lagi sejak saat itu. Sebagai gantinya, mereka makan makanan dari pondok. https://t.co/fF6E67AUJT",Netral
"Viral warga Pandeglang protes menu Makan Bergizi Gratis disajikan pakai kantong plastik hingga isinya tercampur.

Menanggapi hal itu, Badan Gizi Nasional menegaskan penyajian MBG wajib sesuai SOP, termasuk penggunaan ompreng demi menjaga keamanan pangan dan kualitas gizi https://t.co/BZliNRguPY",Netral
"MBG

Sebuah unggahan media sosial yang menampilkan menu Program Makan Bergizi Gratis (MBG) mendadak berubah menjadi persoalan serius. Seorang orang tua murid berinisial  (NO) di Kabupaten Kampar mengaku mengalami intimidasi, bahkan anaknya disebut-sebut diberhentikan dari sekolah https://t.co/LBYTEaA0M5",Netral
"Sebanyak 74 sisa di Kecamatan Labakkang, Kabupaten Pangkep, Sulawesi Selatan diduga keracunan menu Makan bergizi gratis (MBG), Senin (8/12/2025)...

Siswa dari dua sekolah mengalami gejala mual, sakit perut hingga muntah usai mengonsumsi makanan yang disalurkan oleh SPPG 02 https://t.co/qNUiqADYVt",Netral
"Suasana pembagian Makan Bergizi Gratis (MBG) di TK Ar Rasyid, Bandar Lampung, berubah menjadi penuh keceriaan setelah petugas pengantar menu hadir mengenakan kostum karakter Power Rangers Hijau dan Kuning. Inovasi kreatif ini sengaja dilakukan untuk mendekatkan program pemerintah https://t.co/rByBATuOJ0",Netral
"Madura emang beda, distribusi MBG menggunakan mobil mewah 

Video pendistribusian Menu Makan Bergizi Gratis (MBG) di Kecamatan Kota Sumenep, Jawa Timur, mendadak viral di media sosial dan memicu perdebatan warganet. Dalam video yang diunggah akun TikTok mbg_kolor2, terlihat https://t.co/xRQQ2sZqiL",Netral
"Indonesia pamerkan ragam menu Nusantara pada program Makan Bergizi Gratis berbasis pangan biru di Davos, Swiss! https://t.co/jemF80AiFi",Netral
"KUDUS (https://t.co/50vdEIj140) — Ratusan siswa SMA Negeri 2 Kudus mengalami pusing, mual, diare hingga sesak napas usai menyantap Makan Bergizi Gratis (MBG) yang disalurkan pada Rabu (28/1/2016).

Diduga, para siswa dan sejumlah guru mengalami keracunan makanan dari menu MBG https://t.co/gaUuP5NXaA",Netral
"Insiden keracunan massal usai menyantap menu Makan Bergizi Gratis (MBG) kembali terjadi. Kali ini keracunan massal tersebut terjadi di Kecamatan Cikalongkulon, Kabupaten Cianjur, dengan total 205 korban per Selasa (27/1/2026) malam kemarin. Korban berasal dari berbagai sekolah, https://t.co/2N5E5X9UHr",Netral
"Seorang relawan salah satu dapur program Makan Bergizi Gratis (MBG) di Kabupaten Tangerang dilaporkan ke polisi karena diduga melakukan sabotase menu MBG.

Baca di sini: https://t.co/vtCjWH76zA

~AA #Sabotase #MBG #Tangerang https://t.co/bu6ldxk8ZE",Netral
"Wakil Ketua IX DPR RI Fraksi PDI Perjuangan, Charles Honoris menyoroti kasus sopir pengangkut menu Makan Bergizi Gratis (MBG) yang menabrak sejumlah siswa dan guru di SDN Kalibaru 01 Pagi, Cilincing, Jakarta Utara,   dan mendesak Satuan Pelayanan Pemenuhan Gizi (SPPG) terkait https://t.co/SeSS7FaqlK",Netral
"Viral di media sosial X, banyak masyarakat yang melapor bahwa menu makan bergizi gratis (MBG) dari siswa dirapel. Variasi dari distribusi menu MBG ini beragam, ada yang tiga hari bahkan hingga seminggu.⁣
⁣
Kepala Badan Gizi Nasional (BGN) Dadan Hindayana mengatakan proses rapel https://t.co/CVVbW3Qc4G",Netral
"Sebanyak 70 siswa SMA Negeri 2 Kudus diduga keracunan usai menyantap menu Program Makan Bergizi Gratis (MBG) pada Kamis, 29 Januari 2026.
.
Dari 70 siswa, sebanyak 22 siswa dirawat di RSUD Loekmono Hadi Kudus, 17 siswa di Rumah Sakit Satkes, 10 siswa di RS Mardirahayu, 10 siswa https://t.co/crQBxWVpgK",Netral
"Pemerintah Kabupaten Jember memperketat pengawasan program Makan Bergizi Gratis (MBG), menyusul temuan menu makanan yang dinilai tidak sesuai standar dan menuai sorotan publik. https://t.co/wmMhIjyfq9",Netral
"Sebanyak 70 siswa SMA Negeri 2 Kudus diduga keracunan usai menyantap menu Program Makan Bergizi Gratis (MBG) pada Kamis, 29 Januari 2026.
.
Menanggapi hal itu, Pemerintah Kabupaten Kudus, bersama unsur TNI dan Polri turun tangan. Bupati Kudus, Sam'ani Intakoris mengatakan puluhan https://t.co/w0Xj8siKKC",Netral
"Pemerintah mengalokasikan ±Rp17,18 miliar per hari untuk Program Makan Bergizi Gratis (MBG) di Aceh, menjangkau 1,7 juta penerima lewat 553 SPPG. Program ini fokus menekan stunting dan meningkatkan SDM, sekaligus didorong melibatkan UMKM, petani, dan peternak lokal agar anggaran https://t.co/CL6TYDesK1",Netral
"Rekomendasi Cemilan Gluten Free

- a thread ˚୨♡୧˚

healthy snack vegan nyemil makanan sehat manis asin cookies crackers brownies cripsy https://t.co/wBor0Nv9ff",Positif
"Pemerintah pastikan program Makan Bergizi Gratis (MBG) tetap berjalan selama Ramadan 2026. Guna mendukung siswa berpuasa, menu kini disesuaikan menjadi paket makanan kering yang praktis. Kira-kira menunya apa saja ya? Yuk, geser sampai slide akhir!

Update berita selengkapnya di https://t.co/1qQ7ccReMP",Netral
"Puluhan balita di Desa Putatsari, Kecamatan Grobogan, Kabupaten Grobogan, Jawa Tengah dikabarkan keracunan usai mengonsumsi menu Makan Bergizi Gratis (MBG).

Kejadian itu berlangsung Kamis (11/12/2025) malam lalu, namun baru terendus media pada Sabtu (13/12/2025) hari ini. https://t.co/neM2HOsL5p",Netral
"BGN mengimbau dapur MBG tidak menggunakan makanan buatan pabrik besar.
Menu Makan Bergizi Gratis harus mengutamakan produk dalam negeri dan melibatkan UMKM, koperasi, hingga BUMDes.
Gizi jalan, ekonomi lokal ikut tumbuh https://t.co/OLKB77E2lm",Netral
"MBG Makanan bergizi gratis. 
Bergizinya bohong.
Gratisnya juga bohong sebab dananya dari APBN yg sumbernya dari pajak rakyat. https://t.co/PM4ji0G9jw",Negatif
"Program Makan Bergizi Gratis (MBG) terbukti meningkatkan status gizi anak Indonesia, juga menggerakkan aktivitas ekonomi masyarakat melalui pemberdayaan dapur penyedia, UMKM pangan, hingga sektor distribusi lokal. https://t.co/MKnASGJVpm",Netral
"Sebanyak 70 siswa SMA Negeri 2 Kudus diduga keracunan usai menyantap menu Program Makan Bergizi Gratis (MBG) pada Kamis, 29 Januari 2026. https://t.co/iYG9KhTWXq",Netral
"Kepala Badan Gizi Nasional (BGN) Dadan Hindayana melapor kepada Presiden Prabowo Subianto bahwa menu satu ekor lele disediakan untuk satu orang dalam menu Makan Bergizi Gratis (MBG).

""Kalau pisang itu 3.000 pisang. Itu artinya 150 sisir dan itu artinya 15 tandan. Artinya 15 https://t.co/3NMEmxskSG",Netral
"Kepala Badan Gizi Nasional (BGN) Dadan Hindayana menyiapkan menu khusus dan tenaga ahli gizi di tiap SPPG untuk mengoptimalkan nutrisi program Makan Bergizi Gratis (MBG) 2026, ujarnya pada Kamis (8/1/2026). Strategi ini melibatkan Kemenkes untuk menangani anak penderita stunting https://t.co/s5p1X9gZ24",Netral
"Program Pemerintah Makan Bergizi Gratis (MBG) bukan sekadar memastikan anak-anak Indonesia tercukupi gizinya. Lebih dari itu, MBG menjadi motor kebangkitan ekonomi rakyat dengan melibatkan petani, peternak, nelayan, hingga UMKM lokal sebagai pemasok. Rantai ekonomi bergerak, https://t.co/1XnDPFNZ9S",Positif
"Program Makan Bergizi Gratis (MBG) yang digulirkan Prabowo terus menunjukkan komitmen untuk tidak hanya memberikan makanan gratis, tapi juga memastikan menu yang disajikan tetap bergizi seimbang, aman, bervariasi, dan disukai anak-anak.

Beberapa inovasi dan kreasi menu yang https://t.co/H0FMl4fydF",Positif
"Makan Bergizi Gratis bukan sekadar soal makan. Ini soal anak lebih sehat, lebih fokus di sekolah, sekaligus membantu orang tua dan UMKM sekitar. Dampak ganda: SDM kuat, kesejahteraan masyarakat ikut naik. https://t.co/SVWWW4Xddt",Positif
"::
MAKAN BER⁴CÙN GRATIS
SMA 2 KUDUS, JAWA TENGAH
KAMIS, 29 JANUARI 2026

#HentikanMBG
#MBGSaranaMoneyLaundry
•• https://t.co/jBz8GCgsuQ",Netral
"Wakil Ketua DPR RI Cucun Ahmad Syamsurijal menyampaikan permohonan maaf terkait ucapannya tentang Makan Bergizi Gratis (MBG) yang tidak memerlukan ahli gizi.

Cucun mengatakan, dalam pelaksanaan program MBG, ahli gizi sangatlah penting.

Penulis: Tria Sutrisna, Nawir Arsyad Akbar https://t.co/qsljgm5YO4",Netral
"Sebuah video yang menampilkan menu makan bergizi gratis (MBG) dengan kondisi dinilai tidak layak konsumsi viral di media sosial dan memicu kekhawatiran orang tua siswa. ⁣
⁣
Dalam video tersebut, seorang warganet menyampaikan kekecewaannya terhadap menu yang diterima anaknya. https://t.co/iL1cIW2cSK",Negatif
"Dugaan keracunan menu makan bergizi gratis (MBG) yang dialami para pelajar di Kecamatan Jatisrono tidak hanya dialami puluhan anak.

Berdasarkan informasi terkini, ada ratusan pelajar di Kecamatan Jatisrono yang mengalami gejala mengarah keracunan.

Pelajar yang mengalami gejala https://t.co/zdI7qOn9Se",Netral
BGN menegaskan dapur Makan Bergizi Gratis tidak menggunakan makanan olahan dari pabrik besar Kebijakan ini memastikan kualitas gizi tetap terjaga sekaligus membuka ruang besar bg UMKM dan pelaku usaha lokal untuk terlibat langsung dalam penyediaan pangan bergizi bagi masyarakat https://t.co/qnN2691TBA,Netral
"Bukan hanya nutrisi, Program Makan Bergizi Gratis adalah investasi bangsa. Kolaborasi UMKM dan petani lokal memperkuat ekonomi rakyat sekaligus menekan stunting hingga satu digit. Inilah jalan menuju Indonesia yang kuat dan berjaya. https://t.co/P3OBhALn8D",Positif
"Program Makan Bergizi Gratis telah mendongkrak usaha telur asin di Madiun, sehingga menghasilkan omset yang naik puluhan kali lipat. 
Kerja Nyata Program MBG mendorong peningkatan perekonomian UMKM dan masyarakat lokal.

#LanjutkanMBG 

Carmen #JossGawin 
Selamat Hari Ibu #Ashes https://t.co/a2Jq63x3fp",Positif
"Sejumlah siswa SMK Sore Tulungagung dilarikan ke Puskesmas Beji karena mengalami gejala keracunan makanan. Sebelumnya para siswa mengkonsumsi menu Makan Bergizi Gratis (MBG).

Salah seorang siswa Kelas X SMK Sore Tulungagung, Farhan Surya mengaku merasakan mual hebat setelah https://t.co/LUSjJk4iRm",Netral
"MBG Perlu Power Ranger

Wakil Kepala Badan Gizi Nasional (BGN) Nanik S. Deyang mengusulkan sopir mobil pengantar menu Makan Bergizi Gratis (MBG) memakai kostum Power Rangers. Dia berharap hal itu membuat anak-anak antusias makan

Video hanya pemanis https://t.co/cOCPJeQld8",Netral
"Gubernur Jabar, Dedi Mulyadi menegaskan agar Satuan Pelayanan Pemenuhan Gizi (SPPG) yang menyediakan menu Program Makan Bergizi Gratis (MBG) di bawah Rp10.000 agar segera ditutup.

Penegasan tersebut diungka setelah ditemukan SPPG nakal di kota besar di Jawa Barat yang menyajikan https://t.co/MWG0etUfqE",Netral
"Terjadi lagi...! 😷

Sebanyak 50 orang diduga keracunan usai menyantap menu makan bergizi gratis (MBG) di Kabupaten Majene, Sulawesi Barat (Sulbar). Para korban terdiri dari ibu hamil, balita dan anak sekolah.

""Dugaan keracunan pangan MBG di wilayah kerja Puskesmas Sendana II https://t.co/vwjZ2leTo6",Netral
"Sejumlah pelajar dan guru Di Desa Loji Kecamatan Simpenan Kabupaten Sukabumi Jawa Barat, mengalami gejala keracunan tak lama setelah mengkonsumsi menu MBG (Makan Bergizi Gratis), Rabu (28/1/2026) siang. Para pasien diduga mengkonsumsi menu MBG yang sejak pagi viral di media https://t.co/ns3R7h8KaD",Netral
"Sebanyak ratusan siswa di Kecamatan Bajawa, Kabupaten Ngada diduga mengalami keracunan usai menyantap menu Makan Bergizi Gratis (MBG). Ratusan siswa yang menjadi korban dilarikan ke Rumah Sakit Umum (RSUD) Bajawa untuk penanganan medis.

Pantauan wartawan di RSUD Bajawa, Rabu https://t.co/72UPQ4SNgY",Netral
"𝐁𝐢𝐤𝐢𝐧 𝐆𝐞𝐦𝐞𝐬, 𝐁𝐞𝐠𝐢𝐧𝐢𝐥𝐚𝐡 𝐓𝐢𝐩𝐞-𝐓𝐢𝐩𝐞 𝐀𝐧𝐚𝐤 𝐒𝐚𝐚𝐭 𝐒𝐚𝐧𝐭𝐚𝐩 𝐌𝐚𝐤𝐚𝐧𝐚𝐧 𝐁𝐞𝐠𝐢𝐳𝐢 𝐆𝐫𝐚𝐭𝐢𝐬

Anak-anak di salah satu sekolah tampak lahap menyantap menu Makan Bergizi Gratis (MBG). Banyak di antaranya memilih menyantap langsung dengan https://t.co/CzdnlYCeS2",Positif
"𝐑𝐞𝐧𝐝𝐚𝐧𝐠 𝐈𝐬𝐭𝐢𝐦𝐞𝐰𝐚 𝐒𝐏𝐏𝐆 𝐏𝐚𝐝𝐚𝐧𝐠, 𝐃𝐢𝐨𝐥𝐚𝐡 𝐃𝐚𝐫𝐢 𝐒𝐚𝐧𝐭𝐚𝐧 𝐊𝐞𝐥𝐚𝐩𝐚 𝐇𝐚𝐬𝐢𝐥 𝐏𝐞𝐭𝐢𝐤𝐚𝐧 𝐁𝐞𝐫𝐮𝐤 𝐓𝐞𝐫𝐥𝐚𝐭𝐢𝐡

Bukan rendang biasa. Itulah menu Makan Bergizi Gratis (MBG) yang disajikan Satuan Pelayanan Pemenuhan Gizi (SPPG) Tanah https://t.co/us3FdZdRAC",Positif
"Program Makan Bergizi Gratis berhasil menjadi penggerak perekonomian masyarakat dan UMKM lokal.
Meningkatnya kebutuhan pasokan bahan pokok untuk dapur SPPG, menjadi peluang sekaligus keberkahan bagi para pedagang untuk meningkatkan penghasilan dan usaha mereka. https://t.co/50rwHMUNNP",Positif
"Badan Gizi Nasional menyampaikan bahwa; Program Makan Bergizi Gratis 2026 akan dimulai serentak pada tanggal 8 Januari.
MBG menjadi harapan bagi anak-anak dan masyarakat Indonesia, karena sangat bermanfaat, sekaligus menjadi pendorong perekonomian masyarakat dan UMKM setempat. https://t.co/GCxLek6hA0",Netral
"POIN PENTING dari BGN untuk program Makan Bergizi Gratis (MBG):

❌ Hindari menu dari makanan buatan pabrik besar.

✅ Prioritaskan makanan segar dan lokal.

🤝 Wajib libatkan pelaku usaha kecil (UMKM).

Pastikan dana MBG benar-benar bermanfaat untuk kesehatan dan ekonomi rakyat. https://t.co/iJZBu5BuQw",Positif
"BGN imbau dapur MBG utamakan makanan segar dan libatkan UMKM lokal. 👋 Ucapkan selamat tinggal pada makanan pabrik besar!

Menu Makan Bergizi Gratis (MBG) harusnya betul-betul bergizi, bukan cuma praktis. Langkah ini juga dorong ekonomi pelaku usaha kecil. Win-win solution! 🤝🇮🇩 https://t.co/DkYi5VBh5v",Positif
"Program Pemerintah Makan Bergizi Gratis (MBG) tidak hanya berfokus pada pemenuhan gizi anak-anak Indonesia, tetapi juga menjadi penggerak nyata perbaikan ekonomi rakyat.
Melalui keterlibatan petani, peternak, nelayan, UMKM, hingga dapur penyedia lokal, MBG menciptakan rantai https://t.co/qLGHyiOSXz",Netral
"Assalamualaikum min... Ijin menyampaikan unek2 atau untuk MBG di sekolah anak saya. Apakah ini termasuk makanan bergizi? Dengan banyakan kletikan yang diberikan, dan bahkan pendistribusiannya mengalami keterlambatan. Makanan2 kering dikirim duluan, buah nya telat datang. Apakah https://t.co/myOH9ncTZD",Negatif
"Kepala Badan Gizi Nasional (BGN) Dadan Hindayana mengungkapkan, menu program Makan Bergizi Gratis (MBG) akan disesuaikan selama bulan Ramadhan 2026.

Baca di sini: https://t.co/xC2m4IZlVz

~AA #BGN #MBG #MenuRamadhan https://t.co/eqaIvvhsUN",Netral
"Program MBG bukan hanya memberi makan bergizi gratis, tetapi juga menggerakkan ekonomi masyarakat. Pelibatan UMKM mampu meningkatkan omzet hingga Rp900 juta per bulan. Anak tumbuh sehat, ekonomi bangkit bersama. Inilah manfaat nyata Program MBG. https://t.co/jC6TiPTHtD",Positif
"Puluhan pelajar dari sejumlah sekolah di Kecamatan Sumberwringin, Kabupaten Bondowoso, Jawa Timur, diduga mengalami keracunan setelah mengonsumsi menu program Makan Bergizi Gratis (MBG), Rabu (03/12/2025). 

Para siswa yang mengalami keluhan langsung dilarikan ke Puskesmas https://t.co/MWvbnwsNkh",Netral
"Program Makan Bergizi Gratis (MBG) tetap berjalan selama libur Natal dan Tahun Baru dengan skema penyaluran yang lebih fleksibel. Siswa menerima paket makanan siap santap berisi menu tahan simpan seperti telur, buah, dan susu untuk memenuhi kebutuhan gizi hingga empat hari. https://t.co/XrcYYs0p9f",Positif
"Kebijakan program Makan Bergizi Gratis ini merupakan amanat Presiden Republik Indonesia yang diatur dalam Peraturan Presiden Nomor 115 Tahun 2025 dengan fokus pada pelibatan UMKM dan produk dalam negeri.

#MakanBergiziGratis #BGN #SPPG",Netral
"SPPG Rubaru resmi diresmikan!
Program Makan Bergizi Gratis hadir untuk memastikan gizi anak terpenuhi sekaligus membuka lapangan kerja dan menggerakkan UMKM lokal. Gizi kuat, ekonomi rakyat ikut bergerak.

https://t.co/M0I2x4lFv0",Netral
"Makan Bergizi Gratis tetap berjalan selama puasa Ramadan! 🍱⁣
⁣
Kepala Badan Gizi Nasional, Dadan Hindayana, sampaikan bahwa menu MBG nanti berbentuk siap saji yang bisa tahan sampai waktu berbuka puasa. Jadi, makanan bisa dibawa pulang ke rumah dengan tetap layak konsumsi. BGN https://t.co/owmZciftP6",Positif
"Melalui Makan Bergizi Gratis, sekolah menjadi ruang edukasi gizi, siswa lebih sehat, pola makan berubah positif, dan UMKM lokal ikut berkontribusi bagi ketahanan pangan #DukungMBG #IndonesiaMaju https://t.co/WZtL4saClQ",Positif
"MBG adalah Seragam Sekolah Versi Makanan! 

Program Makan Bergizi Gratis harus universal. Tujuannya menciptakan kesetaraan mutlak di sekolah. Semua anak makan menu yang sama di meja yang sama. Ini hilangkan stigma sosial &amp; bangun fondasi karakter kebangsaan. Jangan ada pemilahan! https://t.co/6MWH9jVqED",Netral
"Program Makan Bergizi Gratis bukan sekadar pemenuhan nutrisi anak, tapi juga jalan bagi perbaikan ekonomi rakyat. Presiden Prabowo menegaskan bahwa pd awal 2026, program ini akan menciptakan 1,5 juta lapangan kerja baru yang melibatkan langsung petani, nelayan, hingga pelaku UMKM https://t.co/1CfR1wUMbG",Netral
Menelaah Rincian Menu Makan Bergizi Gratis Terbaru https://t.co/MIoaHsD6aA,Netral
"Bayangkan jika setiap sekolah memiliki kantin sehat. Anak-anak bisa makan pada setiap jam istirahat dengan menu sayur asam yang hangat, sayur lodeh yang baru matang, telur dadar, ayam goreng, hingga potongan semangka segar. Namun gagasan sesederhana itu justru tidak dipilih https://t.co/u23JjROi9Z",Positif
Program Makan Bergizi Gratis (MBG) di Sumatera Selatan terus dikembangkan dengan menu sehat ramah anak 🍎🥦 untuk mendukung tumbuh kembang optimal siswa. Ayo dukung generasi sehat Indonesia! 🇮🇩 https://t.co/0XJcjdn5uh,Positif
"Badan Gizi Nasional menegaskan bahwa; menu Makan Bergizi Gratis yg diterima oleh anak anak sekolah penerima manfaat hanya diperkenankan dimakan di sekolah. Kerja Nyata aturan ini untuk tetap menjaga kualitas dan keamanan MBG.

#LanjutkanMBG 

Pagii #hujan Trading Halt
#LMSY MSCI https://t.co/zUR1iEkaC7",Netral
"Ada momen lucu saat pelaksanaan program Makan Bergizi Gratis (MBG) di Solo, Jawa Tengah. Siswa minta menu ayam geprek sampai menambahi uang Rp 500. 😄 https://t.co/cF3F0DO7k9",Netral
"pikiranrakyat
Insiden keracunan massal usai menyantap menu Makan Bergizi Gratis (MBG) kembali terjadi. Kali ini keracunan massal tersebut terjadi di Kecamatan Cikalongkulon, Kabupaten Cianjur, dengan total 205 korban per Selasa (27/1/2026) malam kemarin. https://t.co/J6wqpGvi1z",Netral
"Menko Pangan Zulkifli Hasal menegaskan bahwa operasional program Makan Bergizi Gratis (MBG) akan tetap berjalan normal selama bulan Ramadan. Untuk menyesuaikan ibadah puasa, pemerintah telah menyiapkan skema khusus mulai dari perubahan menu hingga waktu distribusi. https://t.co/gysJOXzDJB",Netral
"Pamer bekal yurubun 🧞‍♂️✨

Hari ini aku bawa nasi sayur bayam, jagung, wortel. Lauknya pitik kecup dan ndog godog aja.  
Tidak bawa buah tp bawa muesli cokelat 🤸‍♂️🫶🏻✨ https://t.co/07a25gl1ZF",Positif
"QProgram Makan Bergizi Gratis (MBG) terus diperkuat untuk memastikan anak-anak mendapatkan asupan gizi yang sehat dan aman. Menu disusun seimbang agar menunjang tumbuh kembang dan semangat belajar.
Tak hanya berdampak pada kesehatan, program ini juga menggerakkan ekonomi lokal https://t.co/ey8uchfgiq",Positif
"Intensi Jahat Proyek Makan Bergizi Gratis

#Kolom #TempoPlus 
https://t.co/f3gu4bJdaX",Negatif
"Menu MBG hari ini sangat-sangat menyedihkan, jauh dari kata Bergizi.
Jadi MBG bukan (makan bergizi gratis tapi makan bersama gratis). https://t.co/CdqLYAlcRt",Negatif
"Makan Bergizi Gratis tingkatkan gizi pada anak. Program ini memastikan asupan seimbang, dukung tumbuh kembang optimal &amp; kesehatan jangka panjang. Gizi hari ini, masa depan gemilang esok. #IndonesiaTerang #mbginvestasibangsa #MBG https://t.co/EUeV1oYyiP",Positif
Pemerintah memastikan Program Makan Bergizi Gratis (MBG) tetap berjalan selama bulan Ramadhan 1447 Hijriah dengan penyesuaian mekanisme layanan bagi peserta didik dan kelompok penerima manfaat.https://t.co/NAiu8HqEfB,Netral
"Sebanyak 14 siswa SMP Negeri 1 Montong mendatangi Unit Gawat Darurat (UGD) Puskesmas Montong, Kabupaten Tuban, karena diduga mengalami keracunan menu makan bergizi gratis (MBG), Selasa (27/1/2026).

Kepala Puskesmas Montong, Tri Wahyuningrum, mengatakan hingga saat ini belum https://t.co/pt8vNGYBjR",Netral
"@PernebangRoket MBG hari ini
Dari pada dapet menu kering, kenapa menunya gak di tambah Ayam / Daging aja + Susu. 

Jadi Kapri sama Roti nya gak usah di bagiin, toh anak aku yg TK gak mau 😭 https://t.co/nCml9au3W6",Positif
Info hari ini gacoan gratis udang keju 🤤 https://t.co/8NiHqpBZIg,Netral
"perbekelan :
- selasa : krengsengan ayam, tumis kacang tempe
- rabu : iga bakar madu, tumis kangkung, telur suwir
- kamis : balado kentang ati ampela, telur gulung
- jumat : ayam betutu, plecing kacang panjang https://t.co/ilfFm0lMMs",Positif
"Program Makan Bergizi Gratis (MBG) punya niat mulia untuk masa 
depan SDM kita. Di sisi lain, ini adalah motor penggerak ekonomi 
yang dahsyat. MBG berpotensi mengatasi pengangguran dengan 
menciptakan lapangan kerja baru di sektor kuliner &amp; logistik bagi 
warga lokal. https://t.co/S0WIygjZ2E",Positif
"Puluhan siswa SMA 2 Kudus, Jawa Tengah yang sebelumnya mengalami gejala perut mual dan muntah serta kepala pusing setelah menyantap menu Makan Bergizi Gratis (MBG) https://t.co/Ejw81GEnPe",Netral
"MAKANAN BERGIZI (Ternyata Tak Bergizi) GRATIS (Ternyata Tidak Gratis) 

semata BANSOS versi Prabowo

#StopMBG 

https://t.co/8WhQ6NqlD5",Negatif
"Video viral menunjukkan siswa di Sukabumi mengeluhkan tahu berjamur dalam menu Makan Bergizi Gratis. 22 orang keracunan, 6 dirujuk ke rumah sakit.

Via @detikjabar_ 
https://t.co/pfVziaVRfP",Netral
"Pihak Satuan Pelayanan Pemenuhan Gizi (SPPG) Sriwijaya di Sumbersari, mengakui adanya kesalahan koordinasi internal yang berdampak pada ketidaksesuaian menu dan jumlah porsi Makan Bergizi Gratis yang diterima siswa. https://t.co/Ch5NLPXELi",Netral
"11 Siswa SD di Lampung Utara Keracunan Makan Bergizi Gratis, Kepsek Ngamuk Diberi Menu Busuk

Baca selengkapnya: https://t.co/cTUMeFjJQT

_RKD #MBG #keracunan #lampung",Netral
"Program Makan Bergizi Gratis membutuhkan pasokan bahan baku untuk dapur SPPG, dan menjadi peluang dan dorongan perekonomian bagi masyarakat &amp; UMKM setempat.
Kerja Nyata MBG terbukti menjadi berkah bagi masyarakat Indonesia.

#LanjutkanMBG 

#AFCON2025 Malam Minggu Ferry Irwandi https://t.co/05Ys2nIMxb",Positif
"Pagi hari di SPPG Mutiara Keraton Solo, Tamansari, Bogor. Di dapur ini, persiapan Menu Makan Bergizi Gratis dimulai sejak dini hari, dengan standar kebersihan dan ketelitian yang ketat.

Melalui kolaborasi antara SPPG dan sekolah, Program Makan Bergizi Gratis diharapkan terus https://t.co/loJNkIJwBj",Positif
"Program Makan Bergizi Gratis (MBG) tetap berjalan selama libur Natal dan Tahun Baru dengan skema penyaluran yang lebih fleksibel. Siswa menerima paket makanan siap santap berisi menu tahan simpan seperti telur, buah, dan susu untuk memenuhi kebutuhan gizi hingga empat hari. https://t.co/GkQBfNSQA9",Positif
"Bukan Cuma Soal Menu, Ini Kunci Program Makan Bergizi Gratis Berjalan Efektif  https://t.co/w2nqZarQBK",Netral
"Wakil Presiden RI Gibran Rakabuming meninjau pelaksanaan program Makan Bergizi Gratis di SMA Negeri 1 Wamena, Papua Pegunungan, Rabu.

Dalam kunjungan tersebut, Gibran berkeliling ke sejumlah ruang kelas untuk melihat langsung siswa yang sedang menyantap menu MBG.

Menu MBG yang https://t.co/lZLHmYxgG8",Netral
"Menu Makan Bergizi Gratis di Cianjur 
Diduga Bau Bangkai, Guru Hampir Muntah

Sebuah video viral menunjukkan kondisi 
menu makanan di SDN Sinaralam, 
Desa Wargasari, Kecamatan Kadupandak, 
Kabupaten Cianjur, 
yang jauh dari  kata layak.

https://t.co/0aJqHX7g8F https://t.co/znzizayoH4",Negatif
"Program Makan Bergizi Gratis adalah bukti nyata kehadiran negara. Di dalamnya hidup semangat Sumitronomic—negara yang berani berpihak, membangun dari bawah, dan menggerakkan ekonomi rakyat. Bukan sekadar memberi makan, tetapi menguatkan petani, UMKM, dan rantai pangan nasional.” https://t.co/ohBFlOzTcC",Positif
"Program Makan Bergizi Gratis (MBG) di SPPG Waiwadan, Flores Timur, turut memberikan berkah bagi pelaku UMKM setempat. Sejumlah pedagang lokal yang terlibat dalam penyediaan menu MBG, seperti makanan kering dan bakpao, mengalami peningkatan permintaan. 
https://t.co/bvt18yJihp",Positif
"Para Ahli Gizi di setiap Satuan Pemenuhan Pelayanan Gizi (SPPG) harus kreatif dalam menyusun menu Makan Bergizi Gratis (MBG). Selain harus sesuai dengan kandungan gizi, Ahli Gizi juga perlu memahami harga bahan baku pangan, sehingga dapat memilih bahan baku pangan yang bagus https://t.co/oCF7NTwSg0",Netral
"Menteri HAM RI Natalius Pigai menjenguk para siswa korban dugaan keracunan menu Makan Bergizi Gratis (MBG) di RSUD dr Soedjati Purwodadi, Grobogan. https://t.co/p9rA2w48dr",Netral
"Program MBG Bisa Jadi  Instrumen Pengendali Harga. 

Jember – Para Ahli Gizi di setiap Satuan Pemenuhan Pelayanan Gizi (SPPG) harus kreatif dalam menyusun menu Makan Bergizi Gratis (MBG). Selain harus sesuai dengan kandungan gizi, Ahli Gizi juga perlu memahami harga bahan baku https://t.co/jGuIvPnN6Q",Netral
"Badan Gizi Nasional (BGN) menegaskan SPPG dilarang menolak produk UMKM, petani, peternak, dan nelayan kecil dalam Program Makan Bergizi Gratis (MBG). 

Baca di https://t.co/ri2kho1V9H

#bgn #petani #umkm #Aktualcom https://t.co/uXV4g6taUG",Netral
"Wakil Kepala Badan Gizi Nasional (BGN) Nanik Sudaryati Deyang  tidak memaksa siswa untuk mengambil menu Makan Bergizi  Gratis (MBG) saat libur sekolah. Dia menepis bahwa pemberian Program MBG selama  liburan dipaksakan untuk habiskan anggaran.

Selasa (23/12) Nanik menyatakan, https://t.co/aVPRdnTyeM",Netral
"Sebuah video pengakuan ibu PAUD di Kabupaten Kampar, Riau, viral setelah ia mengaku mendapat tekanan usai mengunggah paket Makan Bergizi Gratis (MBG) untuk anaknya. Ibu bernama Nurul Oriana, warga Desa Ranah Baru, Kecamatan Kampar, sebelumnya memposting menu MBG berupa susu https://t.co/L0UgCy0eGp",Netral
"Warga Dipersilakan Unggah Temuan Menu MBG ke Medsos untuk Bantu Pengawasan

Bondowoso — Wakil Kepala Badan Gizi Nasional (BGN) Nanik Sudaryati Deyang mempersilakan masyarakat untuk mengunggah berbagai temuan terkait Program Makan Bergizi Gratis (MBG) ke media sosial, baik berupa https://t.co/h32MQhIy8N",Netral
"Wakil Kepala Badan Gizi Nasional (BGN) Nanik Sudaryati Deyang meninjau langsung pelaksanaan program Makan Bergizi Gratis (MBG) di SMK Negeri 1 Jakarta, Sawah Besar, Jakarta Pusat, Kamis (8/1/2025).

Baca di sini: https://t.co/v6SVZ6r5nd

~AA #BGN #Alergi https://t.co/VUdynLZoAp",Netral
"Program Makan Bergizi Gratis (MBG) bukan hanya memastikan masyarakat mendapat asupan sehat, tetapi juga menggerakkan roda ekonomi lokal. Di Trenggalek, UMKM yang menjadi langganan dapur MBG mampu meraih omzet hingga Rp6 juta per hari. Kolaborasi ini membuktikan bahwa program https://t.co/UJvpoRNA6G",Positif
"Petaka MBG di Aceh Timur: Kakak Beradik Tumbang Usai Santap Menu Bakso

 Program Makan Bergizi Gratis (MBG) yang seharusnya memberi manfaat kesehatan justru berujung tragis bagi sejumlah warga di Idi, Aceh Timur.

https://t.co/bh9O72dat2",Negatif
"pikiranrakyat
Gubernur Jabar, Dedi Mulyadi menegaskan agar Satuan Pelayanan Pemenuhan Gizi (SPPG) yang menyediakan menu Program Makan Bergizi Gratis (MBG) di bawah Rp10.000 agar segera ditutup. https://t.co/lWCkFzjlN6",Netral
"Program Makan Bergizi Gratis bukan cuma soal anak-anak mendapat asupan sehat, tapi juga soal roda ekonomi rakyat yang ikut bergerak. 

Ke depan, bahan pangan untuk MBG diprioritaskan dari petani, peternak, pelaku UMKM, dan koperasi lokal. https://t.co/r7Ob4PDRiJ",Positif
"Program Makan Bergizi Gratis (MBG) dipastikan tetap berjalan selama bulan Ramadan dengan skema penyesuaian.

Pemerintah mengganti menu menjadi makanan kering yang tahan lama di wilayah dengan mayoritas penduduk berpuasa, agar dapat dikonsumsi saat berbuka tanpa mengganggu ibadah https://t.co/9EOCh6MpT1",Positif
"Wakil Presiden (Wapres) RI Gibran Rakabuming sempat menegur petugas Badan Gizi Nasional (BGN) soal potongan daging pada menu makan bergizi gratis (MBG) saat ia meninju pelaksanaan MBG di SMA Negeri 1 Wamena, Rabu (14/1/2026).

""Keras ya?,"" tanya Gibran ke salah satu siswa bernama https://t.co/s7HDHitZjc",Netral
"❌ Video Siswa Keracunan MBG 18 Januari 2026 

✅ Konteks yang salah (false context). Faktanya, konteks video merupakan kasus keracunan menu Makan Bergizi Gratis (MBG) di Cipongkor, Bandung Barat pada Rabu (24/10/2025). 

🔗 Selengkapnya di https://t.co/pkJTt6vT0N #LawanHoax https://t.co/C5L8W1beJW",Netral
"SPPG di Padang Sajikan Rendang Istimewa, Olah Bumbu dari Santan Kelapa Petikan Beruk Terlatih

Padang - Bukan rendang biasa. Itulah menu Makan Bergizi Gratis (MBG) yang disajikan Satuan Pelayanan Pemenuhan Gizi (SPPG) Tanah Sirah Piai Nan XX, Kota Padang, Sumatera Barat, untuk https://t.co/c3ClFsDtjr",Positif
"Anggota Komisi IX DPR RI, Irma Suryani, menilai kostum Power Rangers untuk sopir pengantar Makan Bergizi Gratis (MBG) bukan solusi utama. 

Menurutnya, yang membuat anak mau makan adalah menu yang lezat dan bergizi, bukan gimmick semata. Legislator Fraksi Partai NasDem ini https://t.co/91YVkors4J",Netral
"Terjadi lagi keracunan MBG dengan korban ratusan siswa...

Ratusan siswa SMKN 3 Boyolangu, Tulungagung mengalami diare massal usai menyantap menu Makan Bergizi Gratis (MBG). Badan Gizi Nasional (BGN) dan dinas kesehatan turun tangan melakukan penyelidikan...

Wakil Kepala Sekolah https://t.co/JxYbZkfymE",Netral
"Program Makan Bergizi Gratis (MBG) di SPPG Waiwadan, Flores Timur, turut memberikan berkah bagi pelaku UMKM setempat. Sejumlah pedagang lokal yang terlibat dalam penyediaan menu MBG, seperti makanan kering dan bakpao, mengalami peningkatan permintaan. 
https://t.co/wd0jDWUkIU",Positif
"Video Menu Makan Bergizi Gratis (MBG) di SMAN 1 Cigemblong, Kabupaten Lebak...

Dalam program yang disalurkan oleh Satuan Pelayanan Pemenuhan Gizi (SPPG) tersebut, siswa menerima telur ayam dan jagung yang belum dimasak, Jumat (23/1/2026)... https://t.co/XQdPonvED7",Netral
"Sebuah unggahan di media sosial X ramai diperbincangkan karena menampilkan produk susu yang diklaim berasal dari program Makan Bergizi Gratis (MBG). | #MBG #Susu #China

https://t.co/h48VlF4q4X",Netral
"MBG untuk semua! Dapur Makan Bergizi Gratis (MBG) wajib memprioritaskan UMKM, Koperasi, Perseroan Perorangan, dan Bumdes dalam pengadaan menu. 
​Wakil Kepala BGN, Nanik Sudaryati, tegaskan ini sesuai Perpres. Utamakan produk dalam negeri! https://t.co/5qRLFobLtx",Netral
"Hai, Sob!

Yuk, Ramaikan!
Showcase Menu Makan Bergizi Gratis
oleh SPPG Kota Surakarta

📍 Loji Gandrung
🗓️ Minggu, 23 November 2025
⏰ 06.00 – 09.00 WIB

Tersedia konsultasi gizi dan 1300 porsi bagi pengunjung! https://t.co/h0kLjovjYP",Netral
"Dugaan keracunan makanan menimpa 15 siswa SDN 1 Kedungwuni Timur usai menyantap menu mi goreng dalam program Makan Bergizi Gratis. Meski tekstur mi terlihat normal, rasa asam yang menyengat memicu mual dan muntah. Sampel kini dikirim ke laboratorium Smg
https://t.co/GIxH4M8UMl",Netral
"Program Makan Bergizi Gratis (MBG) bukan hanya tentang pemenuhan gizi anak bangsa, tetapi juga tentang menggerakkan ekonomi rakyat. Dari dapur layanan hingga meja makan siswa, bahan baku diutamakan berasal dari petani, peternak, UMKM, dan koperasi lokal.
Dengan melibatkan usaha https://t.co/T4ikgZSXxF",Netral
"Sebanyak lima guru dan karyawan serta 75 siswa SMP Negeri 10 Kota Magelang, Jawa Tengah, mengalami keracunan usai menyantap menu makan bergizi gratis (MBG)....

Gejala keracunan muncul setelah MBG disantap pada Rabu (21/1/2026) siang. Para siswa dan guru mengalami muntah dan https://t.co/IReZ8CSux4",Netral
"Dewan Pakar Badan Gizi Nasional (BGN) mengatakan siswa yang mengeluhkan ada belatung di menu Makan Bergizi Gratis (MBG) kurang bersyukur.

Takjub betul aku sama logika orang-orang ini.

Ini bukan soal bersyukur atau tidak, tapi apakah negara benar-benar serius menjalankan program",Negatif
SPPG Sindang Sari Bantah Viral Video Kepala Sekolah SD di Lampung Utara Protes Menu Makan Bergizi Gratis https://t.co/FNOMPyYm9m,Netral
"17 siswa SMPN 1 Kendal mengalami gejala keracunan setelah menyantap Makan Bergizi Gratis (MBG). Berdasarkan hasil pemeriksaan, penyebab keracunan itu dari menu sayur pakcoi yang dinilai sudah tidak layak dikonsumsi.

Layak gak sih ini dipidanakan ? https://t.co/b99B69jEWe",Negatif
Badan Gizi Nasional mendorong pemberdayaan ekonomi lokal dengan mengutamakan produk UMKM dan menghindari makanan pabrikan besar dalam penyajian menu Makan Bergizi Gratis bagi masyarakat luas https://t.co/JoEFITC4mZ,Netral
"Jumlah siswa SMAN 2 Kudus yang menjadi korban keracunan makanan setelah mengonsumsi menu Makan Bergizi Gratis (MBG) pada Kamis (29/1/2026) terus bertambah. Berdasarkan data terbaru hingga Kamis (29/1/2026), total siswa yang terdampak kini mencapai 118 orang.
#MGTRADIO https://t.co/5ZbDP7XW9Z",Netral
"Program Makan Bergizi Gratis (MBG) bukan sekadar soal anak-anak kenyang di sekolah.
Di balik setiap piring makanan bergizi, ada dapur yang hidup, petani yang terserap, UMKM yang bergerak, dan 780.000 lapangan pekerjaan yang tercipta.
Gizi anak terpenuhi, ekonomi rakyat ikut https://t.co/fcgfTgURzr",Positif
"Serikat Petani Indonesia (SPI) menilai program Makan Bergizi Gratis (MBG) tidak berdampak kepada kesejahteraan petani kecil. Semula MBG memang diharapkan tak hanya program kesehatan atau perbaikan gizi, penurunan stunting semata, tetapi juga berdampak multiplier efect, bagi UMKM. https://t.co/fYrBqpKKsK",Positif
"Satuan Tugas (Satgas) program Makan Bergizi Gratis (MBG) Kabupaten Bangkalan, Jawa Timur menemukan adanya menu yang dibagikan kepada para siswa tidak layak.https://t.co/w02zfX7b2G",Netral
"Kepala Satuan Pelayanan Pemenuhan Gizi SPPG Mustikasari 4, Kecamatan Mustika Jaya, Kota Bekasi, Ageng Wicaksono, membantah tudingan menu Makan Bergizi Gratis hanya berisi ubi dan pisang. Ageng menegaskan informasi tersebut tidak sesuai kondisi di lapangan.

Baca di sini: https://t.co/a01FaRlfgw",Netral
"Satuan Pelayanan Pemenuhan Gizi (SPPG) Gunung Sindur, Pengasinan 1, Bogor, meminta maaf buntut memasukkan buah kecapi dalam menu makan bergizi gratis (MBG).

Belakangan buah kecapi menjadi salah satu sajian dalam MBG viral di media sosial.

""Untuk penerima manfaat kami, saya https://t.co/c88tJ4JN5Q",Netral
"Korban Keracunan MBG di Simpenan Sukabumi Terus Bertambah, Puskesmas Siaga Makan Bergizi Gratis (MBG) di Desa Loji, Kec. Simpenan, Kab. Sukabumi, Jawa Barat, Rabu (28/1/2026)
Keracunan yang dipicu tahu berjamur dalam menu Makan Bergizi Gratis https://t.co/rDsFQKovWG",Netral
"menu makan selama setahun :
senin = nasi + kecap
selasa = nasi + garem
rabu = nasi + kerupuk
kamis = nasi + nugget 3 biji 
jumat = nasi + telur dadar (bagi 2 sama makan siang)
sabtu = nasi + sayur asem (yg enak dlu)
minggu = indomie
selamat mencoba👍🏻",Positif
"KKP juga mendorong kehadiran Makan Bergizi Gratis (MBG) menu ikan, agar protein ikan hadir semakin dekat di kehidupan sehari-hari masyarakat

#IkanUntukGenerasiEmas #ProteinIkanBangunBangsa #Harkannas2025",Netral
Spotted minuman manis tinggi gula di menu makan (((bergizi))) gratis ini https://t.co/0k97Ecydm0,Positif
"Dugaan Keracunan Massal Program Makan Bergizi Gratis: 261 Penerima di Mojokerto dan 658 Siswa di Grobogan Jatuh Sakit Usai Santap Menu MBG

https://t.co/EVCgqCybYR",Netral
"Wakil Kepala Badan Gizi Nasional, Nanik Sudaryati Deyang, menegaskan bahwa unggahan menu Makan Bergizi Gratis apapun bentuknya, adalah bentuk partisipasi dari masyarakat dalam mengawasi dan memberikan masukan terhadap pelaksanaan program yang sedang berjalan. https://t.co/pCgc5QFgZS",Netral
"Dinkes Kabupaten Bogor menindaklanjuti viralnya menu makan bergizi gratis (MBG) di SMP wilayah Ciseeng, berisi keripik tempe, kacang, hingga biskuit. Evaluasi akan dilakukan. https://t.co/MvAktkXbFw",Netral
"Video viral menunjukkan menu makan bergizi gratis (MBG) yang dinilai tidak layak konsumsi. BGN klarifikasi informasi lokasi dan kondisi makanan tidak akurat.
https://t.co/Gkvx4ptl10",Negatif
"Sudah buka Dapur Umami hari ini? 👀
Buka aplikasi Dapur Umami 5 hari berturut-turut dan kumpulkan 500 Umami Coins!
Jelajahi banyak inspirasi resep lezat &amp; sehat yang siap kamu coba hanya di Dapur Umami 💛

📅 Periode: 28 Januari – 1 Februari 2026

#DapurUmami https://t.co/MiZI1BA68Z",Netral
"Kulak! 🍰 OPEN JASTIP LOVE CHEESE BLOKM 🍰

ugm_fess Oleh oleh khas negara BlokM nya kaka 🤗! Ada 3 ukuran ya:

— Mini : 25k
— Regular : 35k
— Big : 55k

‼️ Ready Hari Senin 2 Februari 2026 *Pick up/Gosend Only*‼️ https://t.co/EqYInPctE2",Netral
Badan Gizi Nasional pastikan program Makan Bergizi Gratis tetap berjalan selama Ramadan dengan penyesuaian menu dan waktu pembagian sesuai daerah. https://t.co/nHIBGZVJcv,Netral
"Wakil Kepala BGN Usul Supir MBG Pakai Kostum Power Rangers, Irma Suryani: Komposisi Menu Lebih Penting

Usulan Badan Gizi Nasional (BGN) terkait sopir mobil pengantar menu Makan Bergizi Gratis (MBG) memakai kostum Power Rangers menuai pro kontra berbagai pihak.

Anggota Komisi IX",Netral
"Sobat BPMSPH, 
“Tau nggak, menu susu yang diminum adik-adik SD dalam program Makan Bergizi Gratis itu nggak langsung datang begitu aja 

Eits  Sebelum sampai ke tangan adik-adik,
BPMSPH hadir mendukung program Makan Bergizi Gratis (MBG),

https://t.co/2lKZeHck6e",Positif
"Mulai program Makan Bergizi Gratis (MBG) bagi 56,13 juta penerima, layanan Cek Kesehatan Gratis untuk 70,8 juta warga, revitalisasi sekolah, hingga dukungan ketahanan pangan &amp; subsidi KUR bagi jutaan pelaku UMKM.  Terima kasih sudah ikut serta menjaga dan membangun negeri ini",Netral
"Nggak cuma itu, Paviliun Indonesia menjadi pusat perhatian dengan hadirnya Buku Pangan Biru MBG yang memamerkan berbagai menu olahan ikan bergizi dalam program Makan Bergizi Gratis (MBG).",Netral
Tragedi keracunan Makan Bergizi Gratis (MBG) kembali pecah di Muaro Jambi (30/1/2026). Setidaknya siswa dari 7 sekolah dilarikan ke RSUD Ahmad Ripin setelah menyantap menu soto siang tadi.,Netral
"Program Makan Bergizi Gratis Diperluas, UMKM dan Koperasi Desa Jadi Tulang Punggung

#MakanBergiziGratis https://t.co/6G4n1lwyQE",Netral
"Program Makan Bergizi Gratis tetap berjalan selama Ramadhan 2026. Menko Pangan Zulkifli Hasan menyatakan pembagian dan menu akan disesuaikan dengan kondisi murid yang berpuasa. Untuk siswa muslim, makanan dibagikan dalam bentuk makanan kering, sementara sekolah nonmuslim berjalan https://t.co/cxJTNXIKDK",Netral
"Pastikan 3.264 Porsi MBG Aman Dikonsumsi, Dokkes Polres Ogan Ilir Lakukan Uji Organoleptik dan Kimiawi

Sedikitnya 3.264 porsi menu Makan Bergizi Gratis (MBG), yang akan didistribusikan dalam Program SPPG Polri di Kecamatan Indralaya dinyatakan aman dan layak konsumsi.

""Setiap https://t.co/7kpg1dUJSu",Netral
"Program Makan Bergizi Gratis Bikin Anak Cerdas, Tumbuh Kuat, Hati Bahagia https://t.co/o5A235rWYD",Positif
"Badan Gizi Nasional (BGN) akan menyiapkan menu makan bergizi gratis (MBG) dengan ketahanan hingga 12 jam selama momentum Ramadan 2026. Ini menunya.
https://t.co/EIQHne2ER4",Netral
"Jumlah siswa keracunan menu Makan Bergizi Gratis di Manggarai Barat mencapai 132. Siswa mengeluhkan gejala mual, muntah hingga nyeri perut. https://t.co/PJLo2Zxkoy",Netral
"Wakil Kepala BGN, Nanik Sudaryati, usulkan sopir mobil pengantar menu makan bergizi gratis (MBG) pakai kostum Power Rangers untuk membuat anak-anak antusias makan. Menurut detikers gimana? https://t.co/dV5Kc7fhhm",Netral
"Mendikdasmen Abdul Mu'ti mengusulkan mekanisme baru dalam pelaksanaan program Makan Bergizi Gratis (MBG) di sekolah. Ia menyarankan agar para siswa mengambil sendiri porsi makanan mereka, alih-alih hanya disajikan secara pasif di meja masing-masing. Abdul Mu'ti menegaskan bahwa https://t.co/yjwrBgLn5F",Netral
"Mulai dari program Makan Bergizi Gratis (MBG) bagi 56,13 juta penerima, layanan Cek Kesehatan Gratis untuk 70,8 juta warga, revitalisasi sekolah, hingga dukungan ketahanan pangan dan subsidi KUR bagi jutaan pelaku UMKM. Terima kasih sudah ikut serta menjaga dan membangun negeri",Netral
"@luivienne Program MBG (Makan Bergizi Gratis) menguntungkan bisnis pertanian &amp; peternakan (pasok bahan segar), UMKM olahan pangan (produksi makanan siap saji), jasa distribusi &amp; logistik, katering lokal, serta teknologi pangan. Peluangnya termasuk pasar stabil, peningkatan pendapatan, dan",Netral
Ayam Teriyaki hingga Tahu Fantasi: Intip Mewahnya Menu Makan Bergizi Gratis yang Dikawal Babinsa Manding https://t.co/NbvLa0JvUR,Positif
"Program Makan Bergizi Gratis (MBG) bukan cuma memastikan anak-anak sekolah makan bergizi setiap hari. Dampaknya jauh lebih luas — hingga ke dapur UMKM dan petani kedelai di berbagai daerah.

#MakanBergiziGratis #MBG #EkonomiKerakyatan #PetaniIndonesia #TempeIndonesia #Prabowo https://t.co/RR4JZ7LKGA",Positif
Pemerintah pastikan program Makan Bergizi Gratis (MBG) tetap berjalan selama Ramadan dengan penyesuaian menu dan waktu pembagian untuk penerima manfaat. https://t.co/jRKMYAEJ5n,Netral
"Gibran Promosikan Program Makan Bergizi Gratis di KTT G20, Sorotan Publik Muncul Akibat Keluhan Menu dan Kelangkaan Ahli Gizi https://t.co/WmkEynHJ1U 
@gibran_tweet",Netral
"Program Makan Bergizi Gratis tidak hanya menjamin kecukupan gizi anak-anak, tapi juga berkontribusi mencetak generasi unggul menuju Indonesia Emas 2045. #MakanBergiziGratis #IndonesiaEmas2045 #GiziAnak #GenerasiUnggul https://t.co/F1EJoGe9OH",Positif
"Senyumnya nggak bisa bohong! Program Makan Bergizi Gratis (MBG) hari ini bawa kejutan burger lezat. Selain kenyang, anak-anak juga belajar mandiri menyiapkan makanannya. Alhamdulillah senang sekali! https://t.co/EoaPPUapfW",Positif
"Ketua Umum Asosiasi Industri UMKM Indonesia, Hermawati Setyorinny, menyebut keterlibatan pelaku usaha mikro dalam menyuplai bahan baku ke dapur-dapur makan bergizi gratis tidak sampai 10%.  Temuan ICW, lebih dari 100 yayasan atau mitra SPPG dapat proyek MBG karena punya koneksi",Netral
"Menteri Koordinator Bidang Pangan, Zulkifli Hasan memastikan program Makan Bergizi Gratis (MBG) tetap berjalan selama Ramadan mendatang. Ada penyesuaian menu MBG yang akan dibagikan nanti.

https://t.co/cc2btHEpcY https://t.co/5KsNSKS7I0",Netral
"Ulang tahun = waktunya dimanjain 🎉
Dapetin Iced Mango Yakult GRATIS yang super nyegerin! 🥭❄️

Jangan lupa daftar jadi member maksimal H-1 sebelum ulang tahun, ya GMania 😉
Yuk join dan rasain kesegarannya! https://t.co/UuEe8KeMZY",Positif
"Pemberdayaan ribuan UMKM  pemasok bahan baku lokal merupakan bukti Kerja Nyata program makan bergizi gratis dalam memperkuat rantai ekonomi dan kesejahteraan masyarakat daerah #LanjutkanMBG

Jule Ridwan Kamil #DrtonyxPondPhuwin PONDPHUWIN WITH DRTONY #SUNGHOONx2026Olympics https://t.co/TP0Gf26fL2",Netral
"@rafanthar @tanyakanrl Ya, menurut berita viral, di salah satu sekolah di Bekasi, menu Program Makan Bergizi Gratis (MBG) termasuk susu kental manis (SKM) dalam plastik, plus pisang dan ubi setengah potong. Pihak sekolah klarifikasi bahwa itu menu kering untuk satu hari, bukan dua. Cek sumber resmi",Negatif
"Program Makan Bergizi Gratis tidak hanya menjamin kecukupan gizi anak-anak, tapi juga berkontribusi mencetak generasi unggul menuju Indonesia Emas 2045. #MakanBergiziGratis #IndonesiaEmas2045 #GiziAnak #GenerasiUnggul https://t.co/IKuwYLetJR",Positif
Tubuh sehat jiwa kuat dan otak hebat berkat asupan makanan yang terjaga Program Makan Bergizi Gratis bantu ringankan beban ekonomi orang tua sekaligus cerdaskan anak bangsa tercinta ini #MBG #IndonesiaEmas https://t.co/bFuTvbZpNL,Positif
"Program Makan Bergizi Gratis tidak hanya menjamin kecukupan gizi anak-anak, tapi juga berkontribusi mencetak generasi unggul menuju Indonesia Emas 2045. #MakanBergiziGratis #IndonesiaEmas2045 #GiziAnak #GenerasiUnggul https://t.co/PTpmFYIrU6",Positif
"Sudah buka Dapur Umami hari ini? 👀
Buka aplikasi Dapur Umami 5 hari berturut-turut dan kumpulkan 500 Umami Coins!
Jelajahi banyak inspirasi resep lezat &amp; sehat yang siap kamu coba hanya di Dapur Umami 💛

📅 Periode: 28 Januari – 1 Februari 2026

#DapurUmami https://t.co/aJ5S9zNuzv",Netral
"Menko Pangan melakukan kunjungan kerja di Bekasi untuk meninjau efektivitas program Makan Bergizi Gratis (MBG). Tujuannya jelas: memastikan program ini mendukung ketahanan pangan nasional sekaligus memenuhi gizi ibu hamil, menyusui, balita, hingga anak-anak. https://t.co/hkUhxTRkBz",Netral
"@blissalium Hai! Untuk mengelola dapur MBG (Makan Bergizi Gratis), ini info berdasarkan data resmi:

**Persyaratan utama:**
- Status legal (UMKM, PT, CV, koperasi) dengan NIB, NPWP, KTP.
- Gunakan bahan lokal, kapasitas minimal 100-500 porsi/hari.
- Daftar via https://t.co/L18FdKAOmx, upload",Netral
"MBG = Makan Bergizi Gratis ❌
MBG =MakanBeracunGratis✅",Positif
"@Safrudin_09 @cholilnafis Program MBG (Makan Bergizi Gratis) di Indonesia difokuskan pada pemberian makanan bergizi untuk anak sekolah guna atasi stunting dan tingkatkan kesehatan. Di banyak negara seperti Jepang, Finlandia, dan AS, program serupa terintegrasi dalam pendidikan untuk dukung prestasi siswa",Netral
"Program Makan Bergizi Gratis tidak hanya menjamin kecukupan gizi anak-anak, tapi juga berkontribusi mencetak generasi unggul menuju Indonesia Emas 2045. #MakanBergiziGratis #IndonesiaEmas2045 #GiziAnak #GenerasiUnggul https://t.co/64vgn7YpDK",Positif
"Puluhan siswa SMAN 2 Kudus mendadak mengalami pusing, mual, hingga diare usai menyantap Makan Bergizi Gratis (MBG). Beberapa siswa harus diobservasi di sekolah, sementara lainnya dirujuk ke rumah sakit. 

Selengkapnya di https://t.co/i1njX6FAHc https://t.co/uov1dbSclV",Netral
Program Makan Bergizi Gratis Sangat Berkaitan dalam Perspektif Maqashid Syariah https://t.co/OQ9jGV0rwH,Positif
"Menu makan siangnya gratis alias di traktir, makasih yg udah bayarin ini semua sering-sering ya😂🤲 https://t.co/XeTELCfGw1",Positif
"HELP RT

Hallo, aku open titip berbagi jum'at berkah makanan ""Rice Bowl Ayam Teriyaki"" 

💸 10.000/porsi (tdk ad minimal pembelian)

Makanan akan dibagikan ke masyarakat sekitar yg membutuhkan/pekerja dijalan ya. Yuk yg mau titip bisa dm or lgsg wa aku yuk😍 https://t.co/OiCFMuw1jw",Positif
"Penguatan UMK 
melalui Subsidi KUR &amp; Sertifikat Halal Gratis https://t.co/EReOZKaLxb",Netral
AWOWKWKWK AKIBAT MBG (MAKAN BERACUN GRATIS),Negatif
"Pastikan Gizi Ibu &amp; Anak, Mendukbangga Wihaji Kawal Makan Bergizi Gratis ke Pelosok 3T!

#partaigolkar #bahlillahadalia #golkarpedia #golkar2029

https://t.co/oENB9ExBVi https://t.co/C3vHYLvfkT",Netral
"ᅠ
ᅠ

Selamat pagi, jangan lupa Makan Bakmie Gratis. (Dimasakin sama Bibi!) 
ᅠ

ᅠ https://t.co/gfJcA8MedJ",Positif
"Pendaftaran penerima Makan Bergizi Gratis dipastikan inklusif dan transparan sebagai bukti Kerja Nyata BGN dalam menjangkau seluruh lapisan masyarakat demi masa depan yang lebih baik 
#LanjutkanMBG

Promo Jakarta Surabaya Perkuat Percepat Kebijakan Saldo Sarwendah Dikuras Yakult https://t.co/lVdrfGiVEV",Netral
kalau lu puasa senin kamis gratis maem bang😭😭🤏🏻,Netral
"@Untuk_Pelupa Haha, ide kreatif! Tapi kalau mau makan bergizi gratis yang lebih aman, coba program pemerintah seperti bantuan pangan atau kantin sekolah. Atau, volunteer di acara amal—sering ada makanan gratis. Jangan lupa, kesehatan dulu ya! 😊",Positif
Program Makan Bergizi Gratis (MBG) kini mulai dinikmati oleh siswa SMA Negeri 1 Fakfak sebagai bagian dari implementasi program nasional untuk meningkatkan gizi pelajar dan mendukung kualitas pendidikan. Semoga terus bermanfaat! 🇮🇩📚 � https://t.co/z09KIj80Ou,Positif
"Kepala Badan Gizi Nasional (BGN) Dadan Hindayana mengonfirmasi bahwa sebagian pegawai SPPG diangkat menjadi PPPK sesuai Perpres Nomor 115 Tahun 2025 tentang Program Makan Bergizi Gratis.

Baca selengkapnya 👇
https://t.co/V81CdxMF2z

~LL #SPPG #PPPK https://t.co/jcGDD2rDTG",Netral
"MBG DUA SISWA DIHENTIKAN SEPIHAK, DPRD PESAWARAN DESAK TUTUP SPPG TRIMULYO👀‼

Program Makan Bergizi Gratis (MBG) di Kabupaten Pesawaran, Lampung, menuai sorotan setelah dua anak bersaudara di Kecamatan Tegineneng dilaporkan tidak lagi menerima bantuan tersebut selama tiga hari https://t.co/EU16rYmtDO",Netral
"Satuan Pelayanan Pemenuhan Gizi (SPPG) Kota Bekasi, Kecamatan Mustika Jaya, Mustikasari 4 memberikan klarifikasinya atas sebuah video viral yang memperlihatkan menu kering program makan bergizi gratis (MBG) untuk sekolah MI Nurul Anwar. 

&gt;&gt; https://t.co/r1244eN2pM https://t.co/9DMFE3IgiR",Netral
"Viral Menu MBG Telur dan Jagung Mentah, SPPG Sudah 3 Kali Lakukan Kesalahan

Program Makan Bergizi Gratis (MBG) kembali menjadi sorotan publik setelah beredarnya video pembagian makanan berisi telur dan jagung mentah di SMA Negeri 1 Cigemblong, Kabupaten Lebak. https://t.co/FnemxfkoGU",Negatif
"Ramai sebuah video yang memperlihatkan pembagian makan bergizi gratis (MBG) di SDN Batoporo Timur 1 Kabupaten Sampang, Jawa Timur yang diduga fiktif karena tak ada siswa dan aktivitas belajar mengajar. Pihak SPPG pun mengklarifikasi hal ini.

&gt;&gt; https://t.co/FjrMWTNg56 https://t.co/os9nsFJoHO",Negatif
"Charles Honoris mempertanyakan komitmen BGN dalam pelaksanaan program Makan Bergizi Gratis (MBG), dimana sejauh ini masih menimbulkan sejumlah persoalan mulai dari jumlah kasus keracunan, nilai gizi MBG hingga kelayakan dapur MBG (SPPG). 

""Data surveilance dari SKDR Kementerian https://t.co/xIrTRhBhM1",Netral
"Tesalonika Siringoringo, seorang Ahli Gizi di Satuan Pelayanan Pemenuhan Gizi (SPPG) Kemayoran, Jakarta Pusat menceritakan alur penyajian menu Makan Bergizi Gratis (MBG) mulai dari proses persiapan hingga penyajian kepada para… #MBG #SPPG #AhliGizi #bisniscom #topnewsbisniscom https://t.co/lW2FKOGgua",Netral
SPPG Tanah Sirah Piai Nan XX di Padang menyajikan menu Makan Bergizi Gratis (MBG) berupa rendang istimewa yang santannya berasal dari kelapa petikan beruk terlatih. Penggunaan kelapa pilihan yang dipetik langsung oleh monyet khusus ini menjadi kunci kualitas minyak kelapa yang https://t.co/4oQa7i2VZN,Positif
"Bukan rendang biasa. SPPG Tanah Sirah Piai Nan XX, Padang, menyajikan Makan Bergizi Gratis berupa rendang daging dari santan dan minyak kelapa hasil petikan beruk terlatih. Beruk memanjat pohon dan memilih kelapa terbaik, lalu santan diproses dan dicampur bumbu khas Minangkabau https://t.co/3DQNOfih4f",Positif
"JADWAL Try Out #UTBK 2026 GRATIS 
(akhir Jan - awal feb) 
 
1. SainsIn - Try Out UTBK 2026 6
- Pendaftaran: 23 Jan - 1 Feb 2026
- Pengerjaan: 23 Jan - 1 Feb 2026
 
2. Pahamify - Tryout UTBK Premis
- Pendaftaran: 19 Jan - 30 Jan 2026 
- Pengerjaan: Mulai 26 Jan 2026",Netral
"#SahabatBPOM, BPOM punya peran penting dalam mengawal Program Makan Bergizi Gratis.

Salah satunya adalah dengan memastikan keamanan makanan dari Satuan Pelayanan Pemenuhan Gizi (SPPG) hingga ke tangan masyarakat. https://t.co/tPhnaOTYto",Netral
"MBG Makanan bergizi gratis. 
Bergizinya bohong.
Gratisnya juga bohong sebab dananya dari APBN yg sumbernya dari pajak rakyat. https://t.co/PM4ji0G9jw",Negatif
"Badan Gizi Nasional (BGN) mengakui sejumlah Satuan Pelayanan Pemenuhan Gizi (SPPG) atau dapur Makan Bergizi Gratis (MBG) di Kabupaten Cianjur, Jawa Barat belum sesuai dengan Standar Operasional Prosedur (SOP) dalam pelaksanaan program MBG. Apa sebabnya?

Baca di sini: https://t.co/BqKXivmzai",Netral
"Kepala Badan Gizi Nasional (BGN) Dadan Hindayana mengungkapkan pegawai Satuan Pelayanan Pemenuhan Gizi (SPPG) yang menjadi PPPK memiliki hak yang sama dengan Aparatur Sipil Negara atau ASN lainnya dalam mendapatkan THR.

&gt;&gt; https://t.co/jTMIHrbwq2 https://t.co/hHdFQ0rvDM",Netral
"Wakil Kepala Badan Gizi Nasional (BGN) bidang Komunikasi Publik dan Investigasi, Nanik Sudaryati Deyang, memastikan bahwa tidak boleh ada pemaksaan bagi sekolah mana pun untuk menerima program Makan Bergizi Gratis (MBG). 

Kepala Satuan Pelayanan Pemenuhan Gizi (SPPG) tidak boleh https://t.co/NSUYN3GqJU",Netral
"Program Makan Bergizi Gratis (MBG) menutup tahun 2025 dengan langkah besar. Dari awalnya hanya 190 Satuan Pelayanan Pemenuhan Gizi (SPPG), kini tumbuh menjadi 19.188 SPPG yang hadir di berbagai daerah di Indonesia.

#KSP #MakanBergiziGratis #MBG #Capaian2025 #PemenuhanGizi https://t.co/1rY4fklxkB",Positif
"""Kalian ini gimana sih??? Kami kasih makanan ultra-processed kalian berisik. Katanya gak bergizi.
Sekarang kami kasih makanan 100% alami, kami masih disalahin.
Nyusahin aja kelen ah!!!""

*boss SPPG*
 https://t.co/Ri1NXiXBNV",Negatif
"Program Makan Bergizi Gratis (MBG) yang dikelola Satuan Pelayanan Pemenuhan Gizi (SPPG) Pangauban di Kecamatan Batujajar, Kabupaten Bandung Barat, Jawa Barat, terpaksa dihentikan total. 

Hal ini disebabkan hilangnya dana operasional sebesar Rp1 miliar dari rekening lembaga, yang https://t.co/ilQ0wPaFw1",Netral
"Menteri Hak Asasi Manusia (HAM) Natalius Pigai mengunjungi siswa korban keracunan program Makan Bergizi Gratis (MBG) yang dirawat di RSUD dr Soedjati Soemodiardjo Purwodadi di Grobogan, Selasa 13 Januari 2026.

#suaramerdeka #sppg #keracunan #mbg #nataliuspigai #korbankeracunan https://t.co/kxye4qfTua",Netral
"Perkuat Program Makan Bergizi Gratis, Komandan Lanud Husein Sastranegara Resmikan SPPG Cipatik 013 https://t.co/BFNV1k7EdC",Netral
Wakil Kepala Badan Gizi Nasional (BGN) Nanik Sudaryati Deyang menegur Satuan Pelayanan Pemenuhan Gizi (SPPG) yang belum memberikan Makan Bergizi Gratis (MBG) untuk guru dan tenaga pendidkan yang ada di SMKN 1 Jakarta. https://t.co/gpqCgby9BN,Netral
"Pegawai Satuan Pelayanan Pemenuhan Gizi (SPPG) Program Makan Bergizi Gratis (MBG) ape diangkat dadi Pegawai Pemerintah dengan Perjanjian Kerja (PPPK). Wakil Kepala BGN Nanik S. Deyang dawuh contone kepala SPPG, ahli gizi, karo akuntan
#KacamataTulungagung https://t.co/mBD2mvXS0a",Netral
"Pemerintah mengalokasikan ±Rp17,18 miliar per hari untuk Program Makan Bergizi Gratis (MBG) di Aceh, menjangkau 1,7 juta penerima lewat 553 SPPG. Program ini fokus menekan stunting dan meningkatkan SDM, sekaligus didorong melibatkan UMKM, petani, dan peternak lokal agar anggaran https://t.co/CL6TYDesK1",Netral
"Salah seorang siswa SMKN 1 Jakarta, M. Abdika Yasya membagikan pengalamannya dalam menikmati Program Makan Bergizi Gratis (MBG). Dirinya menuturkan bahwa selama program ini berjalan, ia turut merasakan manfaatnya.… #MBG #SPPG #MakanBergiziGratis #bisniscom #topnewsbisniscom https://t.co/3e2aEgs6Zi",Netral
"SPPG Polda Papua Perluas Layanan MBG, SMP Negeri 1 Jayapura Resmi Jadi Penerima Manfaat

Jayapura – Satuan Pelayanan Pemenuhan Gizi (SPPG) Polda Papua terus memperluas cakupan Program Makan Bergizi Gratis (MBG) bagi pelajar di wilayah Kota Jayapura. Salah satunya SMP 1 Jayapura https://t.co/KdzpAWDQch",Netral
"Pemerintah Kabupaten Jember memperketat pengawasan program Makan Bergizi Gratis (MBG), menyusul temuan menu makanan yang dinilai tidak sesuai standar dan menuai sorotan publik. https://t.co/wmMhIjyfq9",Netral
"Perpres MBG Terbit, Pegawai SPPG Bakal Diangkat Jadi ASN PPPK!

Program Makan Bergizi Gratis (MBG) akhirnya memiliki landasan hukum yang jauh lebih kokoh setelah pemerintah menerbitkan Peraturan Presiden No. 115 Tahun 2025 tentang Tata Kelola Penyelenggaraan Program MBG https://t.co/vYBGXI3WRc",Netral
"(Senin, 12Januari 2026)

Seiring bertambahnya dapur SPPG makan bergizi gratis, Pemkot Jambi akan melibatkan Majelis Ulama Indonesia atau MUI. 

#JambiHariIni
#TVRIJambi
#MediaPemersatuBangsa https://t.co/ABL0t3EbzG",Netral
"Bukan Sekadar Makan Gratis, Tapi Makan Berkualitas! 

Halo Sahabat Polri! Tahu tidak kalau setiap kotak makanan di Program Makan Bergizi Gratis Polres Kayong Utara sudah melalui ""pemeriksaan kesehatan"" lho?

Tim ahli gizi SPPG Polres Kayong Utara menerapkan standar food safety https://t.co/LiChVWE8mG",Positif
"DUKUNG PROGRAM MAKAN BERGIZI GRATIS, WAKA POLDA NTT PIMPIN GROUNDBREAKING SPPG 3T DI TIMOR TENGAH UTARA.

#sppg3t #sppgpolri #poldantt #polresttu #polriuntukmasyarakat https://t.co/6QNG5cB4fh",Netral
"Satu Tahun Program #MBG: Polda Riau Target 18 Dapur SPPG, 15 Sudah Operasi

Tepat satu tahun berjalannya program Makan Bergizi Gratis (MBG), Polda Riau terus mengakselerasi pembangunan infrastruktur pendukung demi mewujudkan Generasi Emas 2045. 
 https://t.co/LNuYhgVobk https://t.co/yDUtBrboaI",Netral
"Badan Gizi Nasional (BGN) akan mengangkat sejumlah pegawai dalam Program Makan Bergizi Gratis (MBG) sebagai Aparatur Sipil Negara (ASN) dengan status Pegawai Pemerintah dengan Perjanjian Kerja (PPPK).

Baca di sini: https://t.co/CfZ1vUCosM

~AA #BGN #PPPK #ASN https://t.co/ExUYYY24zN",Netral
Wakil Kepala Badan Gizi Nasional (BGN) Nanik Sudaryati Deyang menegur Satuan Pelayanan Pemenuhan Gizi (SPPG) yang belum memberikan Makan Bergizi Gratis (MBG) untuk guru dan tenaga pendidkan yang ada di SMKN 1 Jakarta. Hal tersebut… #MBG #BGN #BadanGiziNasional #SPPG #bisniscom https://t.co/i0zhoSejUb,Netral
"Kasus dugaan keracunan akibat hidangan program Makan Bergizi Gratis kembali terjadi di Jawa Tengah. Kali ini keracunan menimpa puluhan pelajar SMK di Semarang.  #Kesehatan #AdadiKompas

https://t.co/sDaOU3nJTc",Netral
"Polres Kediri melalui Satuan Pelayanan Pemenuhan Gizi (SPPG) II Polsek Plosoklaten resmi memperkenalkan Program Makan Bergizi Gratis (MBG), Selasa (27/1/2026).

@divisihumaspolri

#PolriUntukMasyarakat #PolriPresisi #HumasPolri #HumasPoldaJatim #PoldaJatim #PolriPeduli https://t.co/uZ4gSJH2t8",Netral
"Untuk membantu korban banjir di Kabupaten Demak, Jawa Tengah, program Makan Bergizi Gratis dari SPPG Polres Kudus dialihkan untuk kebutuhan warga terdampak banjir.

Sementara itu, di Kabupaten Sukoharjo, Jawa Tengah, siswa sekolah dasar https://t.co/gyDH1vAh7b",Netral
"Distribusi Program Makan Bergizi Gratis (MBG) didukung kerja keras petugas dapur di lapangan.

Di Jampang Kulon, Kabupaten Sukabumi, seorang petugas SPPG menggunakan cara sederhana namun efektif untuk mempercepat pengemasan ompreng MBG setiap hari.

Pemanfaatan tali rafia yang https://t.co/BCGqyNj46t",Positif
"Badan Gizi Nasional menegaskan tidak semua pegawai atau relawan SPPG dalam program Makan Bergizi Gratis otomatis diangkat menjadi ASN PPPK. Penjelasan ini disampaikan untuk meluruskan tafsir Pasal 17 Perpres 115 tentang tata kelola MBG.

#MBG #SPPG #PPPK #ASN https://t.co/WBGGeLUaUt",Netral
"Hasil laboratorium kesehatan menunjukkan Menu Makan Bergizi Gratis (MBG) yang didistribusikan SPGG Kuwaron 1, Gubug pada Jumat (9/1/2026) lalu terkontaminasi bakteri Escherichia coli (E Coli).

Baca di sini: https://t.co/3okFRwtvSG

~AA #MBG #Keracunan https://t.co/6sH0UT7VNc",Netral
"MBG itu Makan Bergizi Gratis, bukan Makan Bikin Gawat. 🙄

Kejadian di Cianjur ini bukti kalau SPPG belum siap 100% dari sisi standarisasi dapur. Berhenti sementara itu cuma solusi jangka pendek, yang kita butuh itu transparansi: kenapa bisa keracunan? Apakah bahan makanannya, https://t.co/GiTchKquS0",Negatif
"Ketika pegawai SPPG diangkat sebagai ASN PPPK (Pegawai Pemerintah Dengan Perjanjian Kerja) otomatis gajinya ditanggung APBN.
Tidak lagi jadi beban SPPG.

Bgmn pertggjwbn APBN utk MBG?

Beban biaya SPPG berkurang signifikan &amp; labanya bertambah.

Bgmn pertggjwbn kontrak BGN dgn",Netral
"Indonesia Corruption Watch (ICW) mempertanyakan urgensi seragam SPPG-SPPI Rp423 miliar dalam Program Makan Bergizi Gratis (MBG) yang berjalan sejak 6 Januari 2025. 

Program MBG menjadi prioritas Kabinet Merah Putih untuk memenuhi gizi anak sekolah, balita, serta ibu hamil dan https://t.co/bqosUgPn8I",Netral
"Polres Gianyar Groundbreaking SPPG di Desa Sanding, Dukung Program Makan Bergizi Gratis 
https://t.co/TpaoKyGZE3
#ProgramGiziGianyar #SPPGDesaSanding #MakanBergiziGratis #PolresGianyar #GianyarSehat #KesejahteraanMasyarakat #SinergiLintasSektor #ProgramPemerintah #bitvonline",Netral
"Satu per satu SPPG aktif. Dari Pasar Muaradua, OKU Selatan, dukungan terhadap MBG bukan lagi rencana, tapi praktik. Inilah fondasi lapangan agar Makan Bergizi Gratis berjalan konsisten dan tepat sasaran. https://t.co/mk5d1yfhnd",Positif
"Bupati Bintan Resmikan Dua SPPG di Bintan Timur, Perkuat Program Makan Bergizi Gratis

https://t.co/mCneMci80Z",Netral
"🔔 REKAP TRANSAKSI MASUK DESEMBER;

🗓️ 12 Desember 2025
── gestun spaylater via Link; 3.014.000
🗓️ 13 Desember 2025
── gestun spaylater via Co; 7.798.310
🗓️ 14 Desember 2025
── gestun kartu kredit via Link; 3.400.000
── gestun kredivo via Va; 7.500.000
── gestun https://t.co/VZtp0M8OTT",Netral
"Dinkes Kota Depok menggelar Pelatihan Keamanan Pangan Siap Saji bagi Penjamah Pangan pada Satuan Pelayanan Pemenuhan Gizi (SPPG) Program Makan Bergizi Gratis (MBG) di Aula lt 10 Gedung Dibaleka 2, Selasa (27/01/2026) dan dihadiri Wakil Wali Kota Depok, Chandra Rahmansyah. https://t.co/nTXR27gvxA",Netral
"Wakil Menteri Pekerjaan Umum Diana Kusumastuti meninjau langsung Kesiapan Satuan Pelayanan Pemenuhan Gizi (SPPG), sebagai bagian dari persiapan operasional Program Makan Bergizi Gratis (MBG) di Jambi, pada Jumat (9/1). https://t.co/DPeh50NzmX",Netral
"Gizi Anak Terjaga, Manfaatnya Meluas.

Saya meresmikan dapur Makan Bergizi Gratis melalui Satuan Pelayanan Pemenuhan Gizi (SPPG) di Biringkanaya, Kelurahan Sudiang Raya, sebagai langkah memastikan pemenuhan gizi anak-anak sekaligus memperluas program prioritas nasional. https://t.co/ggsjCGidcx",Positif
"Sinergi TNI, Danramil Liukang Kalmas Hadiri Peluncuran Makan Bergizi Gratis di Balocci
 
PANGKEP – Mewakili Dandim 1421/Pangkep, Danramil 1421-06/Liukang Kalmas menghadiri acara Launching Makan Bergizi Gratis (MBG) oleh Satuan Pelayanan Pemenuhan Gizi (SPPG) Kassi yang diinisiasi https://t.co/u2Jxp81zuL",Netral
"SPPG Teluk Sebong Siapkan Mobil Khusus Antar Makan Bergizi Gratis ke Desa Berakit

#SPPG #teluk #sebong #mobil #MBG 

https://t.co/URXX5KXLSx",Netral
"Wakil Kepala Badan Gizi Nasional bidang Komunikasi Publik dan Investigasi Nanik Sudaryati Deyang mendorong Mitra Satuan Pelaksana Pelayanan Gizi atau SPPG merangkul kantin dan pedagang sekolah sebagai pemasok program Makan Bergizi Gratis.

#MakanBergiziGratis #BGN #SPPG https://t.co/Bq9U41FN4i",Netral
"Tidak semua pegawai SPPG Makan Bergizi Gratis MBG otomatis menjadi PPPK
Berikut informasi nya :
✅Posisi tertentu
✅Sesuai kebutuhan 
✅ Sesuai aturan dan mengikuti seleksi yg ada

Kerja Nyata pemerintah atasi stunting dgn program MBG ♥️
#LanjutkanMBG

#NIGMAR #NIGMOR https://t.co/9DGTftFzE9",Netral
"Wakil Kepala Badan Gizi Nasional (BGN) Nanik Sudaryati Deyang meninjau langsung pelaksanaan program Makan Bergizi Gratis (MBG) di SMK Negeri 1 Jakarta, Sawah Besar, Jakarta Pusat, Kamis (8/1/2025).

Baca di sini: https://t.co/v6SVZ6r5nd

~AA #BGN #Alergi https://t.co/VUdynLZoAp",Netral
"Ada yang meragukan terkait Program Makan Bergizi Gratis sudah menjangkau 58 juta penerima manfaat?
Dengan Kerja Nyata pemerintah dan BGN, berdasarkan data yang valid, penerima manfaat MBG sudah menjangkau angka tersebut di seluruh Indonesia.

#LanjutkanMBG 

#TGAT Aurelie PPPK https://t.co/LdGLwWwSg1",Netral
"Sekretaris Daerah Kabupaten Sumedang, Hj. Tuti Ruswati, melakukan monitoring Program Makan Bergizi Gratis (MBG) untuk memastikan pelaksanaan program sesuai standar, di SPPG Simpati, Kecamatan Cimalaka, Selasa (13/1/2025)
. https://t.co/oxMAvzOGCG",Netral
"Dasco: Pengangkatan Status Pegawai SPPG Jadi PPPK Harus Diawasi Ketat

DPR mengingatkan agar rencana pengangkatan 32 ribu pegawai Satuan Pelayanan Pemenuhan Gizi (SPPG) Program Makan Bergizi Gratis (MBG) menjadi Pegawai Pemerintah dengan Perjanjian Kerja (PPPK) dilakukan secara https://t.co/uPNlztEurW",Netral
"Menerjang Ombak Danau Sentani, Petugas SPPG Antar MBG dengan Kapal Cepat

Jayapura - Distribusi Makan Bergizi Gratis (MBG) di wilayah Sentani Timur, Kabupaten Jayapura, Papua, dilakukan dengan cara tak biasa. Untuk menjangkau sekolah-sekolah di wilayah pesisir serta pulau-pulau https://t.co/WhAhhd9s0P",Netral
"Polri Groundbreaking 436 SPPG, Perkuat Dukungan Program Makan Bergizi Gratis https://t.co/mXZCiKG5vI",Netral
"Kepala Badan Gizi Nasional (BGN), Dadan Hindayana, mengajak pengelola Satuan Pelayanan Pemenuhan Gizi (SPPG) untuk memprioritaskan pembelian bahan baku di pasar tradisional. Langkah ini diambil guna memastikan program Makan Bergizi Gratis (MBG) dapat menggerakkan ekonomi https://t.co/z17mW7dZRH",Netral
"Hingga 19 Januari 2026, Program Makan Bergizi Gratis ""MBG"" telah sukses berjalan di 38 provinsi di Indonesia dan didukung lebih dari 20 ribu dapur SPPG di berbagai daerah. Pemerintah juga menargetkan pengoperasian 10 ribu Koperasi Desa Merah Putih di seluruh wilayah Indonesia https://t.co/hmRougIXtL",Netral
"SPPG di Padang Sajikan Rendang Istimewa, Olah Bumbu dari Santan Kelapa Petikan Beruk Terlatih

Padang - Bukan rendang biasa. Itulah menu Makan Bergizi Gratis (MBG) yang disajikan Satuan Pelayanan Pemenuhan Gizi (SPPG) Tanah Sirah Piai Nan XX, Kota Padang, Sumatera Barat, untuk https://t.co/c3ClFsDtjr",Positif
"Babinsa Desa Saradan Dampingi Launching Pendistribusian Makan Bergizi Gratis (MBG) SPPG Saradan
https://t.co/noiitURZZs https://t.co/brIM60qm6m",Netral
"_*Polri Dukung Program Makan Bergizi Gratis*_ 

Bhabinkamtibmas Desa Tegallalang Aiptu I Dewa Made Sandat melaksanakan atensi pendistribusian Program Makan Bergizi Gratis (MBG) tahap I dari SPPG Tegallalang ke sekolah-sekolah penerima manfaat di wilayah Desa Tegallalang. https://t.co/ScdncYIWn4",Netral
"Dengan alur yg terintegrasi, Satuan Pelayanan Pemenuhan Gizi (SPPG) Kutawaringin melakukan Kerja Nyata menyiapkan menu Makan Bergizi Gratis bagi para penerima manfaat, agar aman, sehat dan higienis.

#LanjutkanMBG

PPPK #GoldenGlobes 
Aurelie Broken Strings #bbvipks4 Xabi Madrid https://t.co/Fxpv2tZic7",Netral
"Hutama Karya membangun 80 SPPG sebagai bentuk dukungan terhadap penguatan Program Makan Bergizi Gratis. Inisiatif ini sejalan dengan peringatan Hari Gizi Nasional 2026, sekaligus memperkuat upaya penyediaan akses makanan bergizi bagi masyarakat secara berkelanjutan. https://t.co/S3vord23pN",Netral
Hutama karya bangun 80 SPPG perkuat program makan bergizi gratis https://t.co/twcviUlQPX,Netral
"Kawal Program Makan Bergizi Gratis, Danrem 173/PVB Tinjau Kesiapan Dapur SPPG di Nabire 

Baca selengkapnya di https://t.co/qIwyAKdk1O
https://t.co/scZv6FgIlv

#MBG #MakanBergiziGratis #Danrem173 #TNIAD #PapuaTengah #Nabire #GiziAnakPapua #AstaCita #NabireNet",Netral
"Sebanyak 712 dapur Satuan Pelayanan Pemenuhan Gizi (SPPG) di Provinsi Lampung kini aktif melayani Program Makan Bergizi Gratis (MBG) di 15 kabupaten/kota, memberi akses asupan bergizi bagi masyarakat sekaligus menyerap puluhan ribu tenaga kerja lokal
https://t.co/PDtEG8mGM4",Netral
PT Hutama Karya (Persero) mengambil peran strategis melalui penyediaan infrastruktur Satuan Pelayanan Pemenuhan Gizi (SPPG) sebagai penguat Program Makan Bergizi Gratis (MBG). https://t.co/PVQ8En7oqh,Netral
"Upaya menjaga kualitas dan keamanan konsumsi dalam program Makan Bergizi Gratis (MBG) terus dilakukan. Kali ini, Kasi Dokkes Polres Sawahlunto Aipda Yuli Erwati, Amd.Kep bersama anggota Sie Dokkes melaksanakan kegiatan pemeriksaan food safety di SPPG https://t.co/uHaXORjLHy",Netral
"Intensi Jahat Proyek Makan Bergizi Gratis

#Kolom #TempoPlus 
https://t.co/f3gu4bJdaX",Negatif
"Satuan Pelayanan Pemenuhan Gizi (SPPG) Sindang Sari, Lampung Utara,  klarifikasi beredarnya video viral yang menarasikan  dugaan makanan tidak layak konsumsi dalam Program Makan Bergizi Gratis  (MBG) di SD Negeri 3 Sindang Sari, Kotabumi Selatan, Lampung  Utara.

Kepala SPPG https://t.co/DZzjGuAfnm",Netral
"Pen kelon
Pen kelon
Pen kelon
Pen kelon
Pen kelon
Pen kelon 
Pen kelon
Pen kelon
Pen kelon
Pen nenen 
Pen kelon
Pen kelon
Pen kelon 
Pen kelon
Pen kelon
Pen kelon
Pen kelon
Pen kelon
Pen kelon 
Pen kelon
Pen kelon
Pen kelon
Pen nenen 
Pen kelon
Pen kelon
Pen kelon 
👉👈🥹",Negatif
"Satuan Pelayanan Pemenuhan Gizi (SPPG) Kebonsari, Kecamatan Sumbersari, menghadirkan cara unik dalam mendistribusikan program Makan Bergizi Gratis (MBG). Tim SPPG tampil mengenakan kostum Power Rangers saat mengantarkan makanan kepada para siswa.https://t.co/fU4WZsjyj2",Netral
"Badan Gizi Nasional (BGN) menegaskan SPPG dilarang menolak produk UMKM, petani, peternak, dan nelayan kecil dalam Program Makan Bergizi Gratis (MBG). 

Baca di https://t.co/ri2kho1V9H

#bgn #petani #umkm #Aktualcom https://t.co/uXV4g6taUG",Netral
Perpres MBG 2025 resmi terbit. Selain menjamin makan bergizi gratis peluang kesejahteraan juga dibuka bagi pegawai SPPG melalui mekanisme PPPK. Langkah nyata memperkuat layanan gizi sekaligus masa depan para pekerja pendukung pendidikan. https://t.co/pTyiXeb0oF,Netral
"Video Menu Makan Bergizi Gratis (MBG) di SMAN 1 Cigemblong, Kabupaten Lebak...

Dalam program yang disalurkan oleh Satuan Pelayanan Pemenuhan Gizi (SPPG) tersebut, siswa menerima telur ayam dan jagung yang belum dimasak, Jumat (23/1/2026)... https://t.co/XQdPonvED7",Netral
"Guna pemerataan dan penyebaran makan bergizi gratis (MBG) untuk Satuan Pelayanan Pemenuhan Gizi (SPPG) di Aceh Tenggara, dapur MBG terus berkembang hingga tersebar di 16 Kecamatan.

https://t.co/z76Tb8qwY5",Netral
"Akhirnya rilis: Besaran gaji pegawai SPPG yang bakal jadi PPPK. Isu ini lagi ramai karena dianggap lebih ""istimewa"" dibanding formasi lain. Transformasi besar buat sukseskan program Makan Bergizi Gratis atau justru potensi kecemburuan sosial di birokrasi? 
https://t.co/R0sq03NZvZ",Netral
"Badan Gizi Nasional menyiapkan skema akreditasi dan sertifikasi bagi Satuan Pelayanan Pemenuhan Gizi (SPPG) dapur program Makan Bergizi Gratis (MBG) mulai 2026. Penilaian dilakukan untuk meningkatkan standar gizi, kebersihan, dan keamanan pangan pada penyajian MBG. Hasil https://t.co/ecmduynVsN",Netral
PT Hutama Karya (Persero) sedang membangun 80 titik Satuan Pelayanan Pemenuhan Gizi (SPPG) di 7 provinsi untuk mendukung program Makan Bergizi Gratis (MBG). https://t.co/aBpi5fy4eu,Netral
"Puluhan SPPG Masih Berhenti, Emil Pastikan Program Makan Bergizi Gratis Tetap Berjalan

https://t.co/iuHz4eXXRk

#SPPG #MBG #kabarterdepan #surabaya",Netral
"harga kebutuhan pokok di daerah sekitar SPPG mulai naik ya?

kenapa demikian?
apa dampak jangka panjangnya &amp; siapa yang paling dirugikan? 

Coba kita bayangkan,
manakala pemerintah secara tiba² menyerap jutaan ton telur, daging, dan susu setiap hari, maka hukum dasar ekonomi",Negatif
"Kebijakan ini terkait dengan pelaksanaan Program Makan Bergizi Gratis (MBG) yang dikelola oleh Badan Gizi Nasional (BGN).

Wakil Ketua DPR RI, Sufmi Dasco Ahmad, menekankan agar para pegawai SPPG yang akan diangkat menjadi PPPK bekerja dengan baik.

 https://t.co/6N3nZ6R8Xn",Netral
Peresmian puluhan SPPG tersebut merupakan wujud kesiapan NU mengambil peran aktif dalam menyukseskan program strategis nasional Makan Bergizi Gratis (MBG). https://t.co/x7WtEROoAM,Netral
"Polres Melawi Siap Dukung Program Makan Bergizi Gratis melalui Pembangunan SPPG 02 Belimbing

Kapolres Melawi, AKBP Harris Batara Simbolon, S.I.K., S.H., https://t.co/VBNyxcKDVD.Opsla, meninjau langsung progres pembangunan Satuan Pelayanan Pemenuhan Gizi (SPPG) Polri 02 Belimbing https://t.co/ELwyZQRe9q",Netral
"Di bawah arahan BGN, program Makan Bergizi Gratis terus melakukan pembenahan besar-besaran. Pengangkatan ribuan tenaga kerja menjadi PPPK adalah bentuk Kerja Nyata dalam membangun fondasi SDM yang kuat dari hulu ke hilir. #LanjutkanMBG

innalillahi Rest in Love Lula https://t.co/JVNxxe1bbf",Positif
"SPPG Wailola SBT Layani 1.307 Penerima Manfaat Makan Bergizi Gratis
 
https://t.co/TDxbfx8LGx",Netral
"SPPG Polres Kudus Salurkan 1.000 Paket Makan Bergizi Gratis untuk Pengungsi Banjir

https://t.co/EqDnqInL57 https://t.co/R7FUkKI3ab",Netral
"Nanik Sudaryati Deyang, Wakil Kepala Badan Gizi Nasional (BGN) Bidang Komunikasi Publik &amp; Investigasi
memerintahkan seluruh Kepala Satuan Pelayanan Pemenuhan Gizi (SPPG) membuat perjanjian tertulis dengan sekolah penerima manfaat program Makan Bergizi Gratis (MBG). Perjanjian itu https://t.co/yPeRexRkeR",Netral
"BGN siapkan SPPG di perbatasan Malaysia &amp; angkat 32.000 PPPK per 1 Februari 2026. Perluas akses Makan Bergizi Gratis hingga daerah terpencil adalah bukti Kerja Nyata untuk bangsa

#LanjutkanMBG

Indihome Telkomsel Gangguan JOHNNY YUTA UHUY Bank Saqu https://t.co/wYJoEZ4uKp",Netral
"Menteri Koordinator Bidang Pangan, Zulkifli Hasan alias Zulhas memastikan, program Makan Bergizi Gratis (MBG) akan tetap berjalan selama bulan Ramadhan 1447 Hijriah, dengan penyesuaian mekanisme layanan bagi peserta didik dan kelompok penerima manfaat.

Penyesuaian tersebut https://t.co/QB0IEe2EFQ",Netral
"Pelaksanaan Uji Coba MBG

Kamis, 15 Februari 2026

Kepada Yth,

Wali Murid Kelas 10, 12, dan 12

di tempat

Assalamu'alaikum Wr. Wb

Bapak/Ibu yang terhormat, berdasarkan surat edaran jadwal Pelaksanaan Uji Coba Makan Bergizi Gratis (MBG) yang dikeluarkan oleh Dinas",Netral
"🍱Today's Menu – SPPG Tegalsari 01 Kota Tegal

Pada hari Rabu, 14 Januari 2026 program Makan Bergizi Gratis (MBG) di SPPG Tegalsari 01, terlaksana dengan total 2749 porsi yang didistribusikan ke 23 sekolah dan 14 posyandu.

Semoga menu yang kami hidangkan dapat memenuhi https://t.co/VqopYoiMxL",Positif
"Dukung Program Makan Bergizi Gratis, Wakapolda NTT Lakukan Ground Breaking SPPG 3T di TTU
https://t.co/iho71p6ktV",Netral
Serka Imam Bonajar Babinsa Desa Cucukan melaksanakan Monitoring kegiatan Pendistribusian Makan Bergizi Gratis (MBG) Di Wilayah Koramil 09/Prambanan Kodim 0723/Klaten. Pelaksanaan Pendistribusian Makan Bergizi Gratis (MBG) oleh Satuan Pelayanan Pemenuhan Gizi (SPPG)  Cucukan https://t.co/3CBP3trqfa,Netral
"Makan Bergizi Gratis tetap berjalan selama puasa Ramadan! 🍱⁣
⁣
Kepala Badan Gizi Nasional, Dadan Hindayana, sampaikan bahwa menu MBG nanti berbentuk siap saji yang bisa tahan sampai waktu berbuka puasa. Jadi, makanan bisa dibawa pulang ke rumah dengan tetap layak konsumsi. BGN https://t.co/owmZciftP6",Positif
SPPG Sindang Sari Bantah Viral Video Kepala Sekolah SD di Lampung Utara Protes Menu Makan Bergizi Gratis https://t.co/FNOMPyYm9m,Netral
"PKS: Pengawasan Publik Penting untuk Menjaga Kualitas Program Makan Bergizi Gratis

“Program MBG menyasar jutaan anak di seluruh Indonesia. Dengan cakupan sebesar itu, pengawasannya tidak bisa bertumpu pada pemerintah pusat atau satu lembaga saja. Partisipasi masyarakat menjadi",Netral
"QProgram Makan Bergizi Gratis (MBG) terus diperkuat untuk memastikan anak-anak mendapatkan asupan gizi yang sehat dan aman. Menu disusun seimbang agar menunjang tumbuh kembang dan semangat belajar.
Tak hanya berdampak pada kesehatan, program ini juga menggerakkan ekonomi lokal https://t.co/ey8uchfgiq",Positif
"&gt;Awalnya gaji SPPG dibayar pemilik dapur (yayasan) sbg beban operasional
&gt;Kl SPPG diangkat jd PPPK dan digaji negara, muncul pertanyaan:

skema Rp15.000/porsi itu efeknya ke mana?

-Biaya per porsi turun? 🍽️
-Jatah per anak naik? 🍚
-atau margin pemilik yang membesar?👀",Netral
"SPPG 06 Diresmikan di Bontang Selatan, Perkuat Program Makan Bergizi Gratis via @https://x.com/pranaladotco https://t.co/nXSLa3EfmT",Netral
"Program Makan Bergizi Gratis (MBG) terus berkembang. Bukan cuma dari sisi penerima manfaat, tapi juga dari orang-orang yang kerja dibaliknya.

Kepala BGN, Dadan Hindayana, menyebut 32 ribu pegawai inti (SPPG) akan diangkat jadi ASN berstatus PPPK mulai 1 Feb 2026. #PahamDuluAja https://t.co/qfP4rDQFbd",Netral
"Badan Gizi Nasional menyampaikan bahwa; mulai Januari 2026 dana Rp900 miliar per hari digelontorkan untuk pelaksanaan Program Makan Bergizi Gratis.
Sebanyak 24 ribu SPPG yang terbentuk di akhir Desember, akan melayani 60 juta penerima manfaat program Makan Bergizi Gratis. https://t.co/OnYlUTEiT0",Netral
"Menteri Perencanaan Pembangunan Nasional (PPN)/Kepala Bappenas, Rachmat Pambudy, menegaskan bahwa Program Makan Bergizi Gratis (MBG) saat ini berada pada posisi yang lebih mendesak untuk dieksekusi dibandingkan penciptaan lapangan kerja. https://t.co/yKbbTn6qjy",Netral
"Kudus - Polres Kudus bersama Satuan Pelayanan Pemenuhan Gizi (SPPG) Polri Polres Kudus bergerak cepat merespons bencana banjir yang melanda wilayah Kecamatan Mejobo, Kudus.
Seribuan paket makanan bergizi dibagikan kepada warga terdampak. Sebanyak 1.000 paket Makan Bergizi Gratis https://t.co/9IkCunG2tP",Netral
Pemerintah memastikan Program Makan Bergizi Gratis (MBG) tetap berjalan selama bulan Ramadhan 1447 Hijriah dengan penyesuaian mekanisme layanan bagi peserta didik dan kelompok penerima manfaat.https://t.co/NAiu8HqEfB,Netral
Badan Gizi Nasional (BGN) memastikan bakal memperketat pengawasan operasional seluruh Satuan Pelayanan Pemenuhan Gizi (SPPG) guna mencegah kasus keracunan makanan dalam pelaksanaan program Makan Bergizi Gratis (MBG).https://t.co/XBI6gqtv04,Netral
Sebanyak 32.000 pegawai SPPG bakal dilantik jadi PPPK pada 1 Februari 2026. Pengangkatan fokus jabatan inti program Makan Bergizi Gratis. https://t.co/yVPoJt5u7w,Netral
"Satuan Pelayanan Pemenuhan Gizi (SPPG) Bengkulu kembali menyalurkan program Makan Bergizi Gratis (MBG) kepada 18.711 penerima dengan kategori 3B yaitu ibu hamil, ibu menyusui dan balita non-PAUD yang ada di wilayah Provinsi Bengkulu.https://t.co/7ye87Ov76h",Netral
"Wakil Ketua DPR Sufmi Dasco Ahmad, mengaku baru mendengar rencana Badan Gizi Nasional (BGN) mengangkat pegawai dapur Makan Bergizi Gratis. Menurutnya, para pegawai SPPG harus bekerja dengan baik karena sudah direkrut negara. 

Baca di sini: https://t.co/RVZ046jAnw

~TR #ASNPPPK https://t.co/trkeRtPenv",Netral
"Memasuki 2026, Program Makan Bergizi Gratis direncanakan akan mulai serentak pada tanggal 8 Januari.
Badan Gizi Nasional menyampaikan bahwa sebanyak 19.188 dapur SPPG ditargetkan mulai beroperasi, untuk melayani sebanyak 55,1 juta penerima manfaat program Makan Bergizi Gratis. https://t.co/bHd1BMd7if",Netral
"Kepala Satuan Pelayanan Pemenuhan Gizi SPPG Mustikasari 4, Kecamatan Mustika Jaya, Kota Bekasi, Ageng Wicaksono, membantah tudingan menu Makan Bergizi Gratis hanya berisi ubi dan pisang. Ageng menegaskan informasi tersebut tidak sesuai kondisi di lapangan.

Baca di sini: https://t.co/a01FaRlfgw",Netral
"Polres Probolinggo Polda Jatim konsisten mendukung Program Makan Bergizi Gratis (MBG) melalui Satuan Pelayanan Pemenuhan Gizi (SPPG), Pada Kamis (08/01/2026).

Kapolres Probolinggo AKBP Dr. M. Wahyudin Latif, S.H., S.I.K., https://t.co/30qvaSbLBT meninjau langsung SPPG Maron, https://t.co/qTqfgKnnEc",Netral
"Badan Gizi Nasional (BGN) akan mengangkat 32 ribu pegawai dapur Makan Bergizi Gratis (MBG) menjadi ASN melalui skema PPPK mulai 1 Februari 2026, dengan mayoritas mengisi posisi kepala Satuan Pelayanan Pemenuhan Gizi (SPPG).

Simak selengkapnya: https://t.co/AwGwaTkpMg https://t.co/hCymrQoLqP",Netral
"Satuan Pelayanan Pemenuhan Gizi (SPPG) Gunung Sindur, Pengasinan 1, Bogor, meminta maaf buntut memasukkan buah kecapi dalam menu makan bergizi gratis (MBG).

Belakangan buah kecapi menjadi salah satu sajian dalam MBG viral di media sosial.

""Untuk penerima manfaat kami, saya https://t.co/c88tJ4JN5Q",Netral
"Resmi Jadi ASN PPPK per 1 Februari 2026, Segini Gaji Pegawai Inti SPPG Program Makan Bergizi Gratis https://t.co/hVtCOSzeK7",Netral
"104 SPPG Siap Beroperasi, Pemko Pekanbaru Pacu Makan Bergizi Gratis untuk 298 Ribu Siswa

https://t.co/IqyMdEu7U0",Netral
"terutama dalam program Makan Bergizi Gratis (MBG). Tujuan utama kegiatan ini adalah meningkatkan  pengetahuan dan keterampilan penjamah pangan dalam mengendalikan risiko keamanan pangan, serta menjamin kualitas dan keamanan makanan yg  diproduksi di SPPG.",Positif
Hutama Karya bangun 80 SPPG untuk perkuat Program Makan Bergizi Gratis di Hari Gizi Nasional 2026. Infrastruktur yang kuat menjadi fondasi utama agar layanan gizi berjalan efektif. https://t.co/v066BrU8cW,Netral
"SPPG Tembus 22 Ribu Unit, Program Makan Bergizi Gratis Kian Masif dan Berdampak Luas https://t.co/gi13Cq1O2n https://t.co/dVxtg9LOIH",Netral
"Hutama Karya bangun 80 SPPG untuk memperkuat Program Makan Bergizi Gratis dalam Hari Gizi Nasional 2026. Dengan tema Penuhi Gizi Seimbang dari Pangan Lokal, layanan gizi jadi bagian penting sistem kesehatan nasional. Infrastruktur kuat jadi fondasinya! https://t.co/Pywd2tOmEf",Netral
"Pemkab Buleleng Pacu Implementasi Program Makan Bergizi Gratis, Percepat Operasional SPPG https://t.co/daJyRam7qp @PemkabBuleleng",Netral
"PT Hutama Karya bangun 80 Satuan Pelayanan Pemenuhan Gizi (SPPG) untuk mendukung program Makan Bergizi Gratis (MBG) di 7 provinsi, dari Aceh sampai Sumatera Selatan. Upaya ini perkuat layanan gizi nasional dan dukung keberlanjutan program. https://t.co/txT2rn2B8R",Netral
"🎊TO GRATIS: Pendaftaran TO UTBK 2026 #04 Gratis DIBUKA!🎊

📆Pendaftaran: 15 Des'25-4 Jan'26
✏️Pengerjaan: 16 Des'25-5 Jan'26

🥇TO PALING UPDATE mengikuti kisi-kisi SNPMB 7 SUBTES.

Cara daftar GRATIS di sini ⬇️ https://t.co/9XBeAXs4dH",Netral
"BGN angkat 32.000 pegawai SPPG jadi PPPK mulai Februari 2026 sesuai Perpres 115/2025. Perluas Makan Bergizi Gratis hingga perbatasan Malaysia adalah bukti Kerja Nyata untuk bangsa. 

#LanjutkanMBG 

Indihome Telkomsel Gangguan JOHNNY YUTA UHUY Bank Saqu https://t.co/Dp0zVVJGI0",Netral
"Dapur Satuan Pelayanan Pemenuhan Gizi atau SPPG Anugrah Ratu Alam 1 Loji, Kecamatan Simpenan, Kabupaten Sukabumi, Jawa Barat berhenti beroperasi untuk sementara waktu terkait kejadian dugaan keracunan makanan program Makan Bergizi Gratis atau MBG. Dapur tersebut berhenti https://t.co/ufEeUCKZl9",Netral
"PENGUMUMAN RESMI

Dengan hormat,
Sehubungan dengan akan dimulainya pelaksanaan kegiatan Operasional dan Distribusi Makan Bergizi Gratis (MBG), bersama ini kami sampaikan pemberitahuan bahwa SPPG Karang Asih, Kecamatan Cikarang Utara, akan mulai beroperasi pada: https://t.co/okWW7wEsel",Netral
"Satgas Makan Bergizi Gratis (MBG) Kabupaten Kudus, Jawa Tengah mengingatkan seluruh koordinator Satuan Pelayanan Pemenuhan Gizi (SPPG) agar lebih memperhatikan higienitas makanan serta ketepatan waktu pengantaran kepada penerima manfaat, khususnya pelajar.https://t.co/Xxf4JmhATp",Netral
"Hutama Karya bangun 80 SPPG perkuat program Makan Bergizi Gratis di Hari Gizi Nasional 2026, dorong layanan gizi berkelanjutan, infrastruktur siap, sinergi kementerian dan mitra pastikan akses gizi untuk masyarakat. https://t.co/jzh8dshWw3",Netral
"Pemerintah resmi membuka peluang bagi sebagian pegawai dari Satuan Pelayanan Pemenuhan Gizi (SPPG) dalam Program Makan Bergizi Gratis (MBG) untuk diangkat menjadi Pegawai Pemerintah dengan Perjanjian Kerja (PPPK) mulai tahun 2026. 
Selengkapnya: https://t.co/WS3WcdNmwp https://t.co/jHditnqODM",Netral
"🎊TO GRATIS: Pendaftaran TO UTBK 2026 #05 Gratis DIBUKA!🎊

📆Pendaftaran: 12 Jan'26 - 25 Jan'26
✏️Pengerjaan: 13 Jan'26 - 26 Jan'26

🥇TO PALING UPDATE mengikuti kisi-kisi SNPMB 7 SUBTES.

Cara daftar GRATIS di sini ⬇️ https://t.co/UITjJjSFkP",Netral
"RILIS‼️
TO AKBAR #3 SNBT 2026 GRATIS

Ini GOOD NEWS yang Minskul spill dikit kemarin 🔥

Daripada overthinking kemampuan sendiri, mending ikut TO AKBAR yuk! 

Cara ikutan : 
✅ Repost
✅ Mention 3 teman kamu
✅ Submit buktinya di https://t.co/ABqtP175zz

GASINNN 🔥 https://t.co/vjCcKPQxcD",Positif
"Satuan Tugas Makan Bergizi Gratis atau Satgas MBG Kabupaten Jember meninjau Satuan Pelayanan Pemenuhan Gizi atau SPPG di Kecamatan Sumbersari, Jumat 30 Januari 2026, pasca banjir yang merendam area dapur. https://t.co/DoK98VxkMg",Netral
"Program Makan Bergizi Gratis Lampaui Target, Kini Capai 55,1 Juta Penerima

https://t.co/5Q5uXrclpb

#MakanBergiziGratis #ProgramMBG #BadanGiziNasional #CapaianMBG #GiziAnak #PanganBergizi #LapanganKerjaMBG #SPPG #InvestasiMasyarakat #IndonesiaSehat #ProgramPemerintah #bitvonline https://t.co/peImqwfmzA",Netral
"SPPG mendorong peningkatan kesehatan melalui pemenuhan gizi berkualitas sekaligus menggerakkan ekonomi lokal sebagai wujud Kerja Nyata yang dirasakan langsung masyarakat

IHSG Serok TNI AD MAU YUPI GRATIS
#BPNBaliDikriminalisasi #LanjutkanMBG 
#hujan #FilmCAPER https://t.co/WYAlNjzZUm",Netral
"Menteri PPN/Kepala Bappenas Rachmat Pambudy menilai program Makan Bergizi (MBG) lebih mendesak daripada pembukaan lapangan kerja karena kebutuhan dasar pangan masyarakat tidak bisa ditunda.

Simak selengkapnya: https://t.co/7G5J0IdBAs https://t.co/sCGcbvVMrb",Netral
"@furkanbolukbasi AAK
BAK
CAK
DAK
EAK
FAK
GAK
HAK
IAK
JAK
KAK
LAK
MAK
NAK
OAK
PAK
QAK
RAK
SAK
TAK
UAK
VAK
WAK
XAK
YAK
ZAK
AAK
BAK
CAK
DAK
EAK
FAK
GAK
HAK
IAK
JAK
KAK
LAK
MAK
NAK
OAK
PAK
QAK
RAK
SAK
TAK
UAK
VAK
WAK
XAK
YAK
ZAK
AAK
BAK
CAK
DAK
EAK
FAK
GAK
HAK
IAK
JAK
KAK
LAK
MAK
NAK
OAK
PAK
QAK
RAK",Negatif
"Menag Nasaruddin Umar Ungkap 2,67 Juta Siswa Madrasah Sudah Kenyang Makan Bergizi Gratis, Pesantren Siap Jadi SPPG!! [ Sabtu Buzz #Astakom #GenZTakeAway ] https://t.co/NbnRAjEznf",Netral
"BGN tegaskan sekolah boleh menolak Makan Bergizi Gratis, SPPG dilarang memaksa https://t.co/EaD5Iqrr3X",Netral
Pemerintah mewacanakan pengangkatan pegawai Satuan Pelayanan Pemenuhan Gizi (SPPG) dalam program Makan Bergizi Gratis (MBG) menjadi PPPK. Kebijakan ini menuai kritik karena dinilai kontras dengan nasib guru madrasah swasta yang masih bergaji ratusan ribu rupiah per bulan. https://t.co/fsH34PsIWM,Netral
"Kapolres Tulang Bawang Barat AKBP Sendi Antoni, S.I.K., M.I.K mengikuti kegiatan Pelatihan Keamanan Pangan Penjamah Makanan Siap Saji dan Antisipasi KLB Bago SPPG Panaragan Jaya 04 Program Makan Bergizi Gratis (MBG) di Dapur SPPG Panaragan Jaya Pada Hari Kamis, 08 Januari 2026. https://t.co/x03uXUBN1k",Netral
"Menko Pangan Zulkifli Hasal menegaskan bahwa operasional program Makan Bergizi Gratis (MBG) akan tetap berjalan normal selama bulan Ramadan. Untuk menyesuaikan ibadah puasa, pemerintah telah menyiapkan skema khusus mulai dari perubahan menu hingga waktu distribusi. https://t.co/gysJOXzDJB",Netral
"udah ganti singkatan MBG antara

Makan Beracun Gratis
Makan Basi Gratis
Makan Belatung Gratis
Makan Bangke Gratis

pilih dah",Negatif
"Anggaran Seragam SPPG-SPPI Makan Bergizi Gratis Rp423 Miliar, ICW: Apa Urgensinya Bagi Gizi Anak? - Suara Merdeka
https://t.co/7F0Ag7sOCe",Netral
Program Makan Bergizi Gratis (MBG) di Sumatera Selatan terus dikembangkan dengan menu sehat ramah anak 🍎🥦 untuk mendukung tumbuh kembang optimal siswa. Ayo dukung generasi sehat Indonesia! 🇮🇩 https://t.co/0XJcjdn5uh,Positif
"Program Makan Bergizi Gratis Bikin Anak Cerdas, Tumbuh Kuat, Hati Bahagia https://t.co/o5A235rWYD",Positif
"@meongtse Berdasarkan data terbaru, gaji karyawan MBG (Makan Bergizi Gratis) di daerah seperti Magelang bervariasi per posisi: rata-rata tenaga dapur Rp2 juta/bulan, kepala dapur SPPG Rp6,4 juta/bulan, ahli gizi Rp3,5-6 juta. Mulai Feb 2026, pegawai inti mungkin jadi PPPK dengan gaji",Netral
"Ketua Umum Asosiasi Industri UMKM Indonesia, Hermawati Setyorinny, menyebut keterlibatan pelaku usaha mikro dalam menyuplai bahan baku ke dapur-dapur makan bergizi gratis tidak sampai 10%.  Temuan ICW, lebih dari 100 yayasan atau mitra SPPG dapat proyek MBG karena punya koneksi",Netral
"Berangkat dari dapur yang rapi dan semangat yang tulus.
SPPG Modern Semanggi 02 hari ini bukan cuma menyiapkan makanan, tapi juga mewujudkan harapan ✨
Senang rasanya melihat request adik-adik penerima manfaat bisa diwujudkan.
Karena makan bergizi bukan sekadar menu, tapi bentuk https://t.co/cWt0JtBOAA",Positif
"LANCAR TKA, TKA ISTIMEWA😊
LANCAR TKA, TKA ISTIMEWA😊
LANCAR TKA, TKA ISTIMEWA😊
LANCAR TKA, TKA ISTIMEWA😊
LANCAR TKA, TKA ISTIMEWA😊",Positif
"Kastaf tegaskan bahwa SPPG punya peran penting bangun fondasi kesehatan generasi masa depan. Pemerintah berkomitmen pastikan layanan gizi berjalan berkelanjutan, aman, &amp; tepat sasaran, sekaligus mendorong perluasan jangkauan agar manfaatnya dirasakan lebih luas oleh masy. #KSP",Netral
"@_d_9_put @ramazaynworld Konflik antarwarga muncul karena frustrasi atas ketidakadilan sistem rekrutmen ASN/PPPK. Guru honorer merasa terabaikan sementara pegawai SPPG (program gizi sekolah) diangkat cepat tanpa tes, seperti dalam Program Makan Bergizi Gratis (sumber: https://t.co/qloLQt0o0V, 17 Jan",Netral
"@_d_9_put @ramazaynworld Ya, berdasarkan Perpres 115/2025 Pasal 17, pegawai inti SPPG (seperti kepala, ahli gizi, akuntan) diangkat jadi PPPK ASN tanpa tes standar, tapi harus memenuhi kriteria strategis. Ini untuk program Makan Bergizi Gratis, mulai Februari 2026. Sekitar 32 ribu orang. Sumber: Badan",Netral
"Babinsa Koramil 05 Suradadi Monitoring Distribusi Makan Bergizi Gratis di SPPG Gembongdadi, 1.125 Siswa Terlayani https://t.co/J4ElceUYNE",Netral
"Badan Gizi Nasional (BGN) menyiapkan 32.000 formasi PPPK bagi tenaga Satuan Pelayanan Program Gizi (SPPG) guna memperkuat pelaksanaan program Makan Bergizi Gratis di seluruh wilayah Indonesia.
#SufmiDascoAhmad https://t.co/rQfjgfxbzY",Netral
"Update 30.01.2026

Telbay❌
1. Spj (13x nom gede) Jul
2. Gpj (3x nom gede) Jul
3.Adpnd (7x nom gede) Jul
4. Spl (9x) Sept
5. Krepin (3x) Okt
5. Aklk (3x) Agst

Rawatan (tapi nyicil😭) 
1. Dipo (1x) 

Lunas✅
1. Adkm
2. Kredione
3. Pindut

Ya Allah lancarkanlah rejeki kami🤲",Netral
Kalau ahli gizi yang di setiap SPPG adalah nakes yang punya kompetensi P3K (first aid bukan PPPK). SPPG bisa dimultifungsikan untuk keadaan darurat di daerah sekitarnya jadi first responder. Sayangnya sekarang SPPG multifungsi jadi penyebab keadaan darurat.,Positif
"ADEKKK MAKASIH UDAH PULANG
KE MAMAH DEKKKKK 😭😭😭😭😭
😭😭😭😭😭😭😭😭😭😭😭😭😭😭
😭😭😭😭😭😭😭😭😭😭😭😭😭😭
😭😭😭😭😭😭😭😭😭😭😭😭😭😭
😭😭😭😭😭😭😭😭😭😭😭😭😭😭
😭😭😭😭😭😭😭😭😭😭😭😭😭😭
😭😭😭😭😭😭😭😭😭😭😭😭😭😭
😭😭😭😭😭😭😭😭😭😭😭😭😭😭 https://t.co/RuH4rFzQhG",Negatif
"Menko Pangan melakukan kunjungan kerja di Bekasi untuk meninjau efektivitas program Makan Bergizi Gratis (MBG). Tujuannya jelas: memastikan program ini mendukung ketahanan pangan nasional sekaligus memenuhi gizi ibu hamil, menyusui, balita, hingga anak-anak. https://t.co/hkUhxTRkBz",Netral
Program Makan Bergizi Gratis (MBG) kini mulai dinikmati oleh siswa SMA Negeri 1 Fakfak sebagai bagian dari implementasi program nasional untuk meningkatkan gizi pelajar dan mendukung kualitas pendidikan. Semoga terus bermanfaat! 🇮🇩📚 � https://t.co/z09KIj80Ou,Positif
"Nanik Sudaryati Deyang menyebut Mitra SPPG dapat memesan makanan dari kantin sekolah dan melibatkan orang tua murid agar aktivitas ekonomi di lingkungan sekolah tetap berjalan.

#MakanBergiziGratis #BGN #SPPG",Netral
"Serikat Petani Indonesia (SPI) menilai program Makan Bergizi Gratis (MBG) tidak berdampak kepada kesejahteraan petani kecil. Semula MBG memang diharapkan tak hanya program kesehatan atau perbaikan gizi, penurunan stunting semata, tetapi juga berdampak multiplier efect, bagi UMKM. https://t.co/fYrBqpKKsK",Positif
"@BangBen26616216 @Rian__Az @Speedtrap_ Program Makan Bergizi Gratis (MBG) telah berjalan setahun sejak Jan 2025. Data resmi: 59,8 juta porsi disalurkan, anggaran 2026 Rp335 T. Survei: 61% dukung lanjut, 34% ingin stop. Kritik ada soal pengadaan &amp; kualitas. Sumber: Infopublik, Kompas, ICW. Bisa tanya lebih detail?",Netral
"3. Makan Bergizi Gratis dan Ketimpangan Agraria

Skema program Makan Bergizi Gratis (MBG) dapat memperkuat ketimpangan agraria. MBG dirancang melalui permintaan pangan berskala besar dengan standar terpusat yang lebih menguntungkan pelaku usaha bermodal dan penguasa lahan luas.",Netral
"Lanud Husein Sastranegara Tambah SPPG, Perkuat Program Makan Bergizi Gratis di Bandung https://t.co/fWLfaeyIA1 https://t.co/CNg7MWPdLx",Netral
"𝐒𝐚𝐭𝐮 𝐓𝐚𝐡𝐮𝐧 𝐏𝐫𝐨𝐠𝐫𝐚𝐦 𝐌𝐁𝐆: 𝐉𝐚𝐧𝐠𝐤𝐚𝐮 𝟔𝟎 𝐉𝐮𝐭𝐚 𝐏𝐞𝐧𝐞𝐫𝐢𝐦𝐚 𝐝𝐚𝐧 𝐇𝐚𝐝𝐚𝐩𝐢 𝐓𝐚𝐧𝐭𝐚𝐧𝐠𝐚𝐧 𝐒𝐏𝐏𝐆 𝐍𝐚𝐤𝐚𝐥

Program Makan Bergizi Gratis (MBG) genap 1 tahun! Dari target awal, kini sudah menjangkau hampir 60 juta penerima manfaat tiap https://t.co/WF47DkUP82",Positif
"Pastikan Gizi Ibu &amp; Anak, Mendukbangga Wihaji Kawal Makan Bergizi Gratis ke Pelosok 3T!

#partaigolkar #bahlillahadalia #golkarpedia #golkar2029

https://t.co/oENB9ExBVi https://t.co/C3vHYLvfkT",Netral
Menko Pangan meninjau langsung pelaksanaan Program Makan Bergizi Gratis untuk memastikan kualitas gizi ketepatan distribusi serta kontribusinya dalam memperkuat ketahanan pangan nasional https://t.co/Ux20sqmfcV,Netral
"@bimadwimukti @KangManto123 Berdasarkan data hingga Januari 2026 dari sumber beragam (pemerintah, media seperti Tempo &amp; BBC):

- Makan Siang Gratis: Terealisasi sebagai Program Makan Bergizi Gratis (MBG) untuk 55 juta penerima, meski ada isu distribusi &amp; anggaran.
- Kesehatan Gak Bayar: Parsial, dengan cek",Netral
"@crezks @txtdrimedia Ya, berita itu nyata. Menteri PPN/Kepala Bappenas Rachmat Pambudy menyatakan program Makan Bergizi Gratis (MBG) lebih mendesak daripada lapangan kerja, meski keduanya penting. Dikutip dari detikFinance dan sumber lain pada 29 Januari 2026. Cek detail di sini:",Netral
"Kepala Badan Gizi Nasional (BGN) Dadan Hindayana mengatakan, pegawai Satuan Pelayanan Pemenuhan Gizi (SPPG) bakal mendapatkan Tunjangan Hari Raya (THR) sesuai dengan peraturan perundang-undangan.

Baca di sini: https://t.co/srX14If247

~AA #BGN #Gizi #ASN https://t.co/0lKia2r6mH",Netral
"Koordinasi Percepatan Pelaksanaan Makan Bergizi Gratis (MBG) Sulawesi Utara

Manado, (29/01), Pemerintah Provinsi Sulawesi Utara menggelar Rapat Koordinasi Percepatan Pelaksanaan Program Makan Bergizi Gratis (MBG). Kegiatan dipimpin oleh Wakil Gubernur Sulawesi Utara.. https://t.co/W0nfoSaj4N",Netral
"🤩 TRYOUT UTBK PREMIUM TAPI GRATISS! 🤩 
Satu-satunya kesempatan emas di tahun ajaran ini!

Yup! Kamu gak salah! Sekarang kamu bisa cobain seluruh benefit TO UTBK Pahamify Premium, tanpa bayar alias gratis tis tis~ 🕺

📆Pendaftaran: 21-30 Jan'26
✏️Pengerjaan: mulai 26 Jan'26 https://t.co/vmpeU7GSKS",Positif
"𝐓𝐎 𝐀𝐊𝐁𝐀𝐑 #𝟓 𝐔𝐓𝐁𝐊 𝐒𝐍𝐁𝐓 𝟐𝟎𝟐𝟔 📢

Udah sejauh apa persiapan SNBT kamu? Masih nebak - nebak kemampuan atau berani ngetes sekarang? 

TO AKBAR UTBK SNBT 2026 #5 hadir pakai framework SNBT terbaru dannnn 100% GRATIS.

🎁 Bonus Trial Skuling Pro 3 Hari buat peserta https://t.co/9Cu587awTE",Positif
"@9H0st66 @prabowo @DPR_RI Iya, preferensi bayar SPP tapi dapat jaminan kerja masuk akal banget, daripada gratis tapi gak ada prospek. Program Magang Nasional 2026 (kuota 100rb, via Kemnaker) udah kasih pengalaman 6 bulan + gaji min UMP. Bisa diekspansi ke tunjangan 1jt/bln atau modal usaha (misal",Positif
OPO IKI DANCOKKKK😭😭😭😭😭😭😭😭❓❓❓❓❓❓❓❓❓❓,Negatif
"MBG = Makan Bergizi Gratis ❌
MBG =MakanBeracunGratis✅",Positif
"@zawnghao Bergiji gratis,, eMbEgE~emBEge~mAkAnBergIJigeRatIs🤤",Netral
ZZZ NGASIH MEMBERSHIP/WELKIN GRATIS!??? 😭😭😭😭😭😭😭😭😭😭,Netral
"Gimana Negeri ini bisa maju, Kualitas Menterinya seperti dia ini...

https://t.co/nlEq8wQ9ul
Menteri PPN/Kepala Bappenas Rachmat Pambudy menegaskan program Makan Bergizi Gratis (MBG) merupakan agenda yang sangat mendesak dalam pemerintahan Presiden Prabowo Subianto. https://t.co/CTGctuFuNO",Netral
"Rakun 2 Bulan
22 Desember 2025 - 22 Februari 2026 https://t.co/luPM2NRJr4",Netral
"@anwar_zharif @MurtadhaOne1 The post discusses ongoing issues with Indonesia's ""Makan Bergizi Gratis"" (MBG) program, a free school meal initiative. Translation: ""MBG victims keep piling up. They are Indonesia's children, the nation's hope. Instead of fixing the system, the government pays buzzers🤬. This",Netral
Melalui implementasi program nasional makan bergizi gratis SDN 207 APALA Nikmati MBG menjadi contoh nyata bagaimana kehadiran negara membantu pemenuhan gizi anak sekolah sekaligus menyiapkan generasi yang lebih sehat cerdas dan siap menghadapi masa depan https://t.co/l6CZ7otUsk,Positif
"📍Bekasi
✈️ eta ina 20 Feb
🗓 Close PO 11 Feb
✅️ Bersih ina
❌️ Pack+adm 🍊 https://t.co/wXyEieUzbj",Netral
@Yupiers MAU YUPI GRATIS BUAT CEMILAN AKU &amp; ANAKKU 😍😍😍,Netral
"@blissalium Hai! Untuk mengelola dapur MBG (Makan Bergizi Gratis), ini info berdasarkan data resmi:

**Persyaratan utama:**
- Status legal (UMKM, PT, CV, koperasi) dengan NIB, NPWP, KTP.
- Gunakan bahan lokal, kapasitas minimal 100-500 porsi/hari.
- Daftar via https://t.co/L18FdKAOmx, upload",Netral
"@rafanthar @tanyakanrl Ya, menurut berita viral, di salah satu sekolah di Bekasi, menu Program Makan Bergizi Gratis (MBG) termasuk susu kental manis (SKM) dalam plastik, plus pisang dan ubi setengah potong. Pihak sekolah klarifikasi bahwa itu menu kering untuk satu hari, bukan dua. Cek sumber resmi",Negatif
"@_AmandaBrownies MBG : Makam Brownis Gratis. 
Dijamin 3 periode.",Netral
Aslinya aku adlah maki zenin kl gk pk krudung,Negatif
"Menteri Koordinator Bidang Pangan, Zulkifli Hasan (Zulhas), baru-baru ini melakukan serangkaian tinjauan langsung terhadap pelaksanaan program Makan Bergizi Gratis (MBG) di berbagai wilayah untuk memastikan standar kualitas dan distribusi berjalan optimal. https://t.co/hDDn27rm8t",Netral
Kalo di negara pancasila gw dah abis tuh digebugin,Negatif
"Program Makan Bergizi Gratis tetap berjalan selama Ramadhan 2026. Menko Pangan Zulkifli Hasan menyatakan pembagian dan menu akan disesuaikan dengan kondisi murid yang berpuasa. Untuk siswa muslim, makanan dibagikan dalam bentuk makanan kering, sementara sekolah nonmuslim berjalan https://t.co/cxJTNXIKDK",Netral
"Mulai program Makan Bergizi Gratis (MBG) bagi 56,13 juta penerima, layanan Cek Kesehatan Gratis untuk 70,8 juta warga, revitalisasi sekolah, hingga dukungan ketahanan pangan &amp; subsidi KUR bagi jutaan pelaku UMKM.  Terima kasih sudah ikut serta menjaga dan membangun negeri ini",Netral
"TO AKBAR #4 SNBT 2026 udah rilis hari ini! 🚨
Ribuan pejuang PTN udah mulai serbu slotnya. Jangan sampe kamu ketinggalan 👀🔥

📅 Pendaftaran &amp; Pengerjaan:
12 – 19 Desember 2025
🎯 Soal udah pakai format terbaru (LBI versi saintek &amp; soshum), jadi kamu bisa ngerasain gambaran https://t.co/Hq3spmbgq1",Netral
"gpl  lunas (sempet telbay 2 mingguan)
spl lunas (sempet tembay 3 bulanan)
gpj lunas telbay 6 bulan
spj 12/12 lunas
spj 12/12 lunas
spj 12/12 lunas
spj 7/12",Netral
"@_rareti Sepertinya ada kesalahan tulis, kejadiannya di SMAN 2 Kudus (bukan SMKN). Pada 28 Jan 2026, sekitar 64-70 siswa keracunan setelah makan dari program Makan Bergizi Gratis (MBG), diduga makanan basi seperti soto ayam. Gejala: diare, pusing, mual. Mereka dirawat di beberapa RS",Negatif
"EH, KETINGGALAN SATU LAGI! 
Saking semangatnya, admin lupa infoin opsi buat kaum ""Alergi Angka"".
🧮 PAKET SPESIALIS PK &amp; PM
🔥 Harga: Rp 249.000 (Sekali Bayar) https://t.co/ULrFUu9lZp",Negatif
"Setiap Satuan Pelaksana Pelayanan Gizi (SPPG) tidak boleh menolak produk UMKM (Usaha Mikro, Kecil, dan Menengah), maupun hasil pertanian, peternakan, dan perikanan yang dibawa para petani, peternak dan nelayan kecil ke SPPG dengan semena-mena.

https://t.co/MJkBjOaJ4x https://t.co/g30pSoSsJN",Netral
"Makan Bergizi Gratis: Begini Amanah Al-Qur’an
#prabowo #mbg
https://t.co/tdJNKNai2P",Netral
"@Ayah3orgAnak @ARSIPAJA Ya, berita itu benar. Berdasarkan laporan dari https://t.co/9vAjhQeEWk, https://t.co/kneIbRIg6m, dan https://t.co/f2ZO93phsG, Kepala Bappenas Rachmat Pambudy menyatakan program Makan Bergizi Gratis (MBG) lebih mendesak daripada pembukaan lapangan kerja untuk atasi masalah gizi.",Netral
"BGN memastikan status administrasi tidak menghalangi hak anak atas gizi. Kerja Nyata pemerintah diwujudkan lewat MBG yang inklusif dan berkeadilan. Program Makan Bergizi Gratis hadir untuk semua anak, tanpa terkecuali.
#LanjutkanMBG 

TNI AD MAU YUPI GRATIS
TNI Angkatan Darat https://t.co/uNw8NUg6sp",Positif
"Polres Gianyar melalui Polsek Tampaksiring mengawal pendistribusian Program Makan Bergizi Gratis (MBG) ke sekolah-sekolah penerima manfaat di wilayah Desa Manukaya, Kecamatan Tampaksiring, Rabu (28/1)

https://t.co/tOUFS7yYA3",Netral
Program Makan Bergizi Gratis disokong #ZulkifliHasanPerkuatPerikanan demi Ketahanan Pangan Nasional dan kecukupan protein rakyat,Positif
"@___n0n4me___ Gratis kok, kak. Kalau periksanya di faskes yg terdaftar bpjs, cukup bawa ktp.",Netral
"@hotzpace @Jateng_Twit @aseptikteng The recent incident at SMA N 2 Kudus involved 118 students hospitalized for suspected food poisoning from the Makan Bergizi Gratis (MBG) program on Jan 29, 2026. Symptoms included nausea and vomiting. This follows a pattern of similar cases, with over 21,000 affected nationwide",Netral
"Mulai dari program Makan Bergizi Gratis (MBG) bagi 56,13 juta penerima, layanan Cek Kesehatan Gratis untuk 70,8 juta warga, revitalisasi sekolah, hingga dukungan ketahanan pangan dan subsidi KUR bagi jutaan pelaku UMKM. Terima kasih sudah ikut serta menjaga dan membangun negeri",Netral
"FREEE AYOO SERBU MASIH BISAA
      ∧＿∧
　 (｡･ω･｡)つ━★・*。
  ⊂/　     /　              。*
　しーＪ　          ＊ •",Netral
"Tahukah kamu...
Ini adalah Makan Bergizi Gratis 

Dari judulnya aja saya tergiur 
Untuk turut serta mendukung program ini
Anak-anak akan dapat Makan Bergizi dr subsidi pemerintah 

Dan.. taraaaaaa...
Mmng sehat
MBG hari pertama 
Nasi
Tempe
Ikan tuna
Sayur
Buah https://t.co/5i6Vz8js2l",Positif
@selfishwcltz GW KASIH SEGINI ✋🤘✌️🤟🤚🤙👋🫰🤟🙌🤲👐✌️,Netral
"Hmmm. Aku gatau ya ini mbaknya udah tanya langsung apa belum. Tapi SPPG sekolah adek2 aku emang dikasih tau ada 1-2 hari makanannya agak bebas (ayam tepung, burger, spaghetti) bukan yg diet sehat banget.",Negatif
"Menteri Koordinator Bidang Pangan, Zulkifli Hasan memastikan program Makan Bergizi Gratis (MBG) tetap berjalan selama Ramadan mendatang. Ada penyesuaian menu MBG yang akan dibagikan nanti.

https://t.co/cc2btHEpcY https://t.co/5KsNSKS7I0",Netral
Program Makan Bergizi Gratis akan terbantu dengan suplai ikan dari tambak rakyat. Produksi lokal yang melimpah bisa langsung mendukung kebutuhan gizi sekaligus mempertebal fondasi Ketahanan Pangan Nasional berbasis protein ikan #ZulkifliHasanPerkuatPerikanan https://t.co/X4oV7Gvt0t,Positif
"Mulai dari program Makan Bergizi Gratis (MBG) bagi 56,13 juta penerima, layanan Cek Kesehatan Gratis untuk 70,8 juta warga, revitalisasi sekolah, hingga dukungan ketahanan pangan dan subsidi KUR bagi jutaan pelaku UMKM. (3/4)",Netral
"- Kesehatan gak bayar (0/100)
- Subsidi PLN (80/100)
- Subsidi BBM (50/100)
- Makan siang gratis (~/100)
- Universitas ga bayar (0/100)
- Gaji guru naik (0/100)

🙏🏼🙏🏼🙏🏼",Netral
ternyata gratis tp begaya si paling si paling 🤦🏻‍♀️,Negatif
"@puzzwles Makakanya pak MBG APUS ganti S3G (SD,SMP,SMA GRATIS)",Netral
"️️ ️️
️️ ️️
️️ ️️
Aduh greget pengen spoiler 😭
️️ ️️
️️ ️️
️️ ️️",Negatif
"ᅠ

ᅠ
31 Januari, 2025.
Di Bergaya.
————————
ᅠ

ᅠ",Netral
😫😫😫😔😭😭😭😭😭😭😭😭😭 ganteng bgt😭😭😭😭😭😭😭😭😭 cakep😭bgt😭😭😭😭😭😭😭😭😭😭😭😭😭😭😭😭😭😭😭😭😭😭😭😭😭😭😭😭😭😭😭😭😭😭😭😭😭😭😭😭😭😭😭😭😭😭😭😭😭😭😭😭😭😭😭😭😭😭😭😭😭😭😭😭😭😭😭😭😭😭😭😭😭😭😭,Positif
"“Jangan stop MBG!”
Itulah teriakan polos anak-anak Indonesia yang merasakan langsung manfaat Makan Bergizi Gratis. Dengan MBG, semangat belajar makin tinggi, kebutuhan gizi terpenuhi, uang jajan bisa ditabung, dan orang tua pun terbantu karena tak perlu lagi memberi bekal atau https://t.co/T7Zd1ZncTM",Positif
"PEMERINTAH mencatat Program Makan Bergizi Gratis (MBG) semakin meluas cakupannya dengan jumlah penerima manfaat yang kini telah menembus angka 60 juta orang

https://t.co/UDTJrynCH2",Netral
Makanan berkualitas adalah hak setiap anak sekolah untuk tumbuh berprestasi Program Makan Bergizi Gratis kawal mimpi besar anak Indonesia jadi kenyataan melalui gizi yang selalu terpenuhi #MBG #IndonesiaEmas https://t.co/oilaQc9ofU,Positif
"Bagi pemerhati ekonomi dan pendidikan seperti saya.
Makan Bergizi Gratis (MBG) adalah strategi cerdas ""hilirisasi manusia"" yang sangat logis secara ekonomi, kalau bicara bangsa yang maju, kita tidak boleh hanya bicara membangun infrastruktur saja.

Kita tidak bisa mengharapkan https://t.co/upyFXWlKhG",Positif
"MBG Makanan bergizi gratis. 
Bergizinya bohong.
Gratisnya juga bohong sebab dananya dari APBN yg sumbernya dari pajak rakyat. https://t.co/PM4ji0G9jw",Negatif
"Program Makan Bergizi Gratis adalah langkah nyata memastikan anak-anak tumbuh sehat, kuat, dan siap belajar. Dengan gizi yang cukup, kita menanam harapan untuk masa depan bangsa yang lebih cerdas, produktif, dan berkeadilan. Bersama, kita dukung demi generasi yang lebih baik. https://t.co/v7GOzha0Jq",Positif
"Disaat para kritikus dadakan pilih kasih terhadap kebenaran, justru Program MBG gak pilih kasih, semua anak Indonesia berhak mendapatkan makanan bergizi gratis. https://t.co/IaqyEnzKY2",Positif
"Menteri Koordinator Bidang Pangan, Zulkifli Hasan alias Zulhas memastikan, program Makan Bergizi Gratis (MBG) akan tetap berjalan selama bulan Ramadhan 1447 Hijriah, dengan penyesuaian mekanisme layanan bagi peserta didik dan kelompok penerima manfaat.

Penyesuaian tersebut https://t.co/QB0IEe2EFQ",Netral
"Program MBG tak lagi hanya di pusat kota! Pemko Pekanbaru dorong pembangunan dapur MBG di Okura guna layani anak-anak di daerah pinggiran &amp; 3T. Target rampung cepat sesuai standar, agar manfaat makan bergizi gratis semakin merata. https://t.co/eylJiNIDEN",Netral
Program Makan Bergizi Gratis (MBG) kini mulai dinikmati oleh siswa SMA Negeri 1 Fakfak sebagai bagian dari implementasi program nasional untuk meningkatkan gizi pelajar dan mendukung kualitas pendidikan. Semoga terus bermanfaat! 🇮🇩📚 � https://t.co/z09KIj80Ou,Positif
"Program Makan Bergizi Gratis adalah langkah nyata memastikan anak-anak tumbuh sehat, kuat, dan siap belajar. Dengan gizi yang cukup, kita menanam harapan untuk masa depan bangsa yang lebih cerdas, produktif, dan berkeadilan. Bersama, kita dukung demi generasi yang lebih baik. https://t.co/8kP7C0EzRn",Positif
"Program Makan Bergizi Gratis adalah langkah nyata memastikan anak-anak tumbuh sehat, kuat, dan siap belajar. Dengan gizi yang cukup, kita menanam harapan untuk masa depan bangsa yang lebih cerdas, produktif, dan berkeadilan. Bersama, kita dukung demi generasi yang lebih baik. https://t.co/Q41vDvRpGX",Positif
"Program Makan Bergizi Gratis adalah langkah nyata memastikan anak-anak tumbuh sehat, kuat, dan siap belajar. Dengan gizi yang cukup, kita menanam harapan untuk masa depan bangsa yang lebih cerdas, produktif, dan berkeadilan. Bersama, kita dukung demi generasi yang lebih baik. https://t.co/zPILQQ1RGt",Positif
"Makan Bergizi Gratis tingkatkan gizi pada anak. Program ini memastikan asupan seimbang, dukung tumbuh kembang optimal &amp; kesehatan jangka panjang. Gizi hari ini, masa depan gemilang esok. #IndonesiaTerang #mbginvestasibangsa #MBG https://t.co/EUeV1oYyiP",Positif
"Melihat senyum lebar adik-adik ini saat menyantap makan siang, rasanya seperti melihat harapan yang sedang tumbuh. Program Makan Bergizi Gratis (MBG) bukan sekadar soal mengisi perut, tapi tentang memastikan tidak ada mimpi yang terhambat karena rasa lapar. https://t.co/s4kB1GC1wk",Positif
"Intensi Jahat Proyek Makan Bergizi Gratis

#Kolom #TempoPlus 
https://t.co/f3gu4bJdaX",Negatif
"Dukung bersama Program Makan Bergizi Gratis. Membuaat masa depan anak-anak menjadi cerah dan membentuk SDM yang unggul dan membanggakan.
#FaktaIndonesia
#MakanBergiziGratis
#DukungMakanBergiziGratis
#DukungProgramMakanBergiziGratis https://t.co/RAlVfiCkjA",Positif
"Makan bergizi gratis adalah investasi masa depan. Anak yang cukup gizi tumbuh lebih sehat, fokus belajar, dan berdaya saing. Dukungan kita hari ini membantu menciptakan generasi kuat, cerdas, dan siap membangun Indonesia yang lebih baik. https://t.co/06ElcDMUfd",Positif
Inilah saatnya kita bersatu mendukung program Makan Bergizi Gratis demi mewujudkan cita-cita besar bangsa Indonesia memiliki sumber daya manusia yang berkualitas dan berdaya saing tinggi #MBG #IndonesiaSehat #IndonesiaEmas https://t.co/3yrOgyokMS,Positif
Program Makan Bergizi Gratis (MBG) di Sumatera Selatan terus dikembangkan dengan menu sehat ramah anak 🍎🥦 untuk mendukung tumbuh kembang optimal siswa. Ayo dukung generasi sehat Indonesia! 🇮🇩 https://t.co/0XJcjdn5uh,Positif
Dukung program Makan Bergizi Gratis untuk menunjang kecerdasan anak https://t.co/C6cZfjcfj9,Netral
"Polres Gianyar melalui Polsek Tampaksiring mengawal pendistribusian Program Makan Bergizi Gratis (MBG) ke sekolah-sekolah penerima manfaat di wilayah Desa Manukaya, Kecamatan Tampaksiring, Rabu (28/1)

https://t.co/tOUFS7yYA3",Netral
"Badan Gizi Nasional menegaskan bahwa; menu Makan Bergizi Gratis yg diterima oleh anak anak sekolah penerima manfaat hanya diperkenankan dimakan di sekolah. Kerja Nyata aturan ini untuk tetap menjaga kualitas dan keamanan MBG.

#LanjutkanMBG 

Pagii #hujan Trading Halt
#LMSY MSCI https://t.co/zUR1iEkaC7",Netral
Total 1.121 siswa menerima manfaat makan bergizi gratis setiap Senin-Jumat. Sukseskan program kesehatan untuk prestasi pendidikan yang lebih baik! 🏫💪 https://t.co/W0iWVZ167V,Netral
"QProgram Makan Bergizi Gratis (MBG) terus diperkuat untuk memastikan anak-anak mendapatkan asupan gizi yang sehat dan aman. Menu disusun seimbang agar menunjang tumbuh kembang dan semangat belajar.
Tak hanya berdampak pada kesehatan, program ini juga menggerakkan ekonomi lokal https://t.co/ey8uchfgiq",Positif
Program Makan Bergizi Gratis Sangat banyak manfaatnya https://t.co/b2GPebpEuy,Positif
Makan bergizi gratis bantu anak tumbuh sehat dan kuat https://t.co/gLtPqtbdEl,Positif
Pemerintah memastikan Program Makan Bergizi Gratis (MBG) tetap berjalan selama bulan Ramadhan 1447 Hijriah dengan penyesuaian mekanisme layanan bagi peserta didik dan kelompok penerima manfaat.https://t.co/NAiu8HqEfB,Netral
"Dukung program Makan Bergizi Gratis untuk pemenuhan gizi anak bangsa, anak Indonesia cerdas https://t.co/kh1iHxfBUj",Netral
"Anak-anak sekolah bisa belajar dengan perut kenyang, fokus meningkat, dan tumbuh lebih sehat. 
#MakanBergiziGratis
#GenerasiSehat
#IndonesiaMaju https://t.co/FoLpagOqMJ",Positif
"Makan bergizi gratis adalah investasi masa depan. Anak yang cukup gizi tumbuh lebih sehat, fokus belajar, dan berdaya saing. Dukungan kita hari ini membantu menciptakan generasi kuat, cerdas, dan siap membangun Indonesia yang lebih baik. https://t.co/pB9o9LUovW",Positif
"Makan bergizi gratis adalah investasi masa depan. Anak yang cukup gizi tumbuh lebih sehat, fokus belajar, dan berdaya saing. Dukungan kita hari ini membantu menciptakan generasi kuat, cerdas, dan siap membangun Indonesia yang lebih baik. https://t.co/DLFz8xVVCn",Positif
"Makan bergizi gratis adalah investasi masa depan. Anak yang cukup gizi tumbuh lebih sehat, fokus belajar, dan berdaya saing. Dukungan kita hari ini membantu menciptakan generasi kuat, cerdas, dan siap membangun Indonesia yang lebih baik. https://t.co/obWVBjm57b",Positif
"Badan Gizi Nasional (BGN) akan mengevaluasi efektivitas program Makan Bergizi Gratis (MBG) setelah penerima manfaat menjalani program selama satu tahun. Kepala BGN Dadan Hindayana menyebut indikator keberhasilan mencakup pertumbuhan fisik dan perkembangan otak, yang pengukurannya https://t.co/BslxYHFH5b",Netral
"@Safrudin_09 @cholilnafis Program MBG (Makan Bergizi Gratis) di Indonesia difokuskan pada pemberian makanan bergizi untuk anak sekolah guna atasi stunting dan tingkatkan kesehatan. Di banyak negara seperti Jepang, Finlandia, dan AS, program serupa terintegrasi dalam pendidikan untuk dukung prestasi siswa",Netral
"🐻: Awas ya, bi
🐻: Jgn mau dikasih makanan sama sembarang orang.
👶🏻: Iyaa~
👶🏻: Tapi talo ditasih badidul bole nda, pa?
🐻: Gabole.
🐻: Pokonya klo ada yg nawarin makanan atw minuman gt jgn mau.
🐻: Ngerti?
👶🏻: Oteyy mengelti
👶🏻: Talo ditasih uwang?
👶🏻: Bole nda?
🐯: Galuh.
🐻👶🏻: https://t.co/8oB9EUo8cl",Negatif
"Menginjak setahun implementasi program MBG, sudah semestinya evaluasi total dilakukan untuk mengukur capaian secara objektif. CELIOS mengundang seluruh masyarakat untuk hadir dalam Peluncuran Studi mengenai Evaluasi 1 Tahun Program Makan Bergizi Gratis dengan beberapa temuan https://t.co/v3stqIcvvQ",Netral
"Satgas Makan Bergizi Gratis (MBG) Kabupaten Kudus, Jawa Tengah mengingatkan seluruh koordinator Satuan Pelayanan Pemenuhan Gizi (SPPG) agar lebih memperhatikan higienitas makanan serta ketepatan waktu pengantaran kepada penerima manfaat, khususnya pelajar.https://t.co/Xxf4JmhATp",Netral
"Pemerintah menargetkan program Makan Bergizi Gratis bisa menjangkau seluruh penerima manfaat secara nasional.
Kerja Nyata BGN dilakukan dengan penguatan Satuan Pelayanan Pemenuhan Gizi dan peningkatan layanan distribusi.

#LanjutkanMBG 

Saldo Sarwendah Dikuras #النصر_الخلود IHSG https://t.co/frAr5q2TL5",Netral
Sehatkan badan cerdaskan pikiran dengan program unggulan Makan Bergizi Gratis Ayo kawal bersama distribusi nutrisi ini demi pemerataan kualitas pendidikan bagi seluruh anak Indonesia #MBG #IndonesiaEmas https://t.co/ruzUnPTUdB,Positif
"Menko Pangan Zulkifli Hasal menegaskan bahwa operasional program Makan Bergizi Gratis (MBG) akan tetap berjalan normal selama bulan Ramadan. Untuk menyesuaikan ibadah puasa, pemerintah telah menyiapkan skema khusus mulai dari perubahan menu hingga waktu distribusi. https://t.co/gysJOXzDJB",Netral
Pemerintah pastikan program Makan Bergizi Gratis (MBG) tetap berjalan selama Ramadan dengan penyesuaian menu dan waktu pembagian untuk penerima manfaat. https://t.co/jRKMYAEJ5n,Netral
"Program Makan Bergizi Gratis Bikin Anak Cerdas, Tumbuh Kuat, Hati Bahagia https://t.co/o5A235rWYD",Positif
"Program Makan Bergizi Gratis (MBG) bukan sekadar kebijakan populis atau bagi-bagi makanan. Di balik program ini, negara sesungguhnya sedang menghadirkan manfaat nyata yang langsung menyentuh kebutuhan dasar rakyat.",Positif
"Program Makan Bergizi Gratis tidak hanya menjamin kecukupan gizi anak-anak, tapi juga berkontribusi mencetak generasi unggul menuju Indonesia Emas 2045. #MakanBergiziGratis #IndonesiaEmas2045 #GiziAnak #GenerasiUnggul https://t.co/64vgn7YpDK",Positif
"@BangBen26616216 @Rian__Az @Speedtrap_ Program Makan Bergizi Gratis (MBG) telah berjalan setahun sejak Jan 2025. Data resmi: 59,8 juta porsi disalurkan, anggaran 2026 Rp335 T. Survei: 61% dukung lanjut, 34% ingin stop. Kritik ada soal pengadaan &amp; kualitas. Sumber: Infopublik, Kompas, ICW. Bisa tanya lebih detail?",Netral
"BGN memastikan status administrasi tidak menghalangi hak anak atas gizi. Kerja Nyata pemerintah diwujudkan lewat MBG yang inklusif dan berkeadilan. Program Makan Bergizi Gratis hadir untuk semua anak, tanpa terkecuali.
#LanjutkanMBG 

TNI AD MAU YUPI GRATIS
TNI Angkatan Darat https://t.co/uNw8NUg6sp",Positif
"Kebijakan program Makan Bergizi Gratis ini merupakan amanat Presiden Republik Indonesia yang diatur dalam Peraturan Presiden Nomor 115 Tahun 2025 dengan fokus pada pelibatan UMKM dan produk dalam negeri.

#MakanBergiziGratis #BGN #SPPG",Netral
"Program Makan Bergizi Gratis tidak hanya menjamin kecukupan gizi anak-anak, tapi juga berkontribusi mencetak generasi unggul menuju Indonesia Emas 2045. #MakanBergiziGratis #IndonesiaEmas2045 #GiziAnak #GenerasiUnggul https://t.co/IKuwYLetJR",Positif
"Program Makan Bergizi Gratis tidak hanya menjamin kecukupan gizi anak-anak, tapi juga berkontribusi mencetak generasi unggul menuju Indonesia Emas 2045. #MakanBergiziGratis #IndonesiaEmas2045 #GiziAnak #GenerasiUnggul https://t.co/F1EJoGe9OH",Positif
"Program Makan Bergizi Gratis tidak hanya menjamin kecukupan gizi anak-anak, tapi juga berkontribusi mencetak generasi unggul menuju Indonesia Emas 2045. #MakanBergiziGratis #IndonesiaEmas2045 #GiziAnak #GenerasiUnggul https://t.co/PTpmFYIrU6",Positif
Fokus belajar jadi makin tajam berkat dukungan nutrisi yang sangat lengkap Makan Bergizi Gratis pastikan tidak ada lagi siswa yang kekurangan gizi saat menuntut ilmu di sekolah mereka #MBG #IndonesiaEmas https://t.co/2DNj6yMjNB,Positif
"Analisa  bahwa MBG lebih mendesak dari lapangan     kerja, 
Program Makan Bergizi Gratis (MBG) memang dapat memiliki dampak positif yang luas, tidak hanya meningkatkan kualitas gizi masyarakat, tapi juga mendorong perekonomian lokal dan menciptakan lapangan kerja",Positif
"MBG jadi bukti negara hadir dari hal paling dasar. Anak-anak sekolah bisa belajar dengan perut kenyang, fokus meningkat, dan tumbuh lebih sehat
#MakanBergiziGratis
#GenerasiSehat
#IndonesiaMaju https://t.co/a1Gw2bIFXY",Positif
"MBG jadi bukti negara hadir dari hal paling dasar. Anak-anak sekolah bisa belajar dengan perut kenyang, fokus meningkat, dan tumbuh lebih sehat.
#MakanBergiziGratis
#GenerasiSehat
#IndonesiaMaju https://t.co/yjMfKfzVgf",Positif
"Pastikan Gizi Ibu &amp; Anak, Mendukbangga Wihaji Kawal Makan Bergizi Gratis ke Pelosok 3T!

#partaigolkar #bahlillahadalia #golkarpedia #golkar2029

https://t.co/oENB9ExBVi https://t.co/C3vHYLvfkT",Netral
"MBG = Makan Bergizi Gratis ❌
MBG =MakanBeracunGratis✅",Positif
"Program Makan Bergizi Gratis Diperluas, Penerima Tembus 60 Juta Orang https://t.co/6lZbNKQ9rF https://t.co/2iu6R6iQpY",Netral
"@hotzpace @__PASMANTAP @aseptikteng Program Makan Bergizi Gratis (MBG) di Indonesia bertujuan mengurangi stunting dengan makanan gratis untuk siswa. Namun, sejak 2025, ada ribuan kasus keracunan makanan, termasuk lebih dari 11.000 anak terdampak karena persiapan yang ceroboh. Ada dukungan dari MUI, tapi kritik",Negatif
"MBG jadi bukti negara hadir dari hal paling dasar. Anak-anak sekolah bisa belajar dengan perut kenyang, fokus meningkat, dan tumbuh lebih sehat. Dari gizi yg terjaga hari ini, Indonesia lagi nyiapin generasi kuat untuk masa depan.
#MakanBergiziGratis
#GenerasiSehat
#IndonesiaMaju https://t.co/WYpg5Py7VX",Positif
"Program makan bergizi gratis di berbagai negara bukan menghamburkan uang. Hasilnya hanya bisa dicapai bila ada upaya melawan kemiskinan.
https://t.co/mFO6XMhibZ",Positif
"MBG jadi bukti negara hadir dari hal paling dasar. Anak-anak sekolah bisa belajar dengan perut kenyang, fokus meningkat, dan tumbuh lebih sehat. Dari gizi yg terjaga hari ini, Indonesia lagi nyiapin generasi kuat untuk masa depan.
#MakanBergiziGratis
#GenerasiSehat
#IndonesiaMaju https://t.co/33pZD96Tv2",Positif
"MBG jadi bukti negara hadir dari hal paling dasar. Anak-anak sekolah bisa belajar dengan perut kenyang, fokus meningkat, dan tumbuh lebih sehat. Dari gizi yg terjaga hari ini, Indonesia lagi nyiapin generasi kuat untuk masa depan.
#MakanBergiziGratis
#GenerasiSehat
#IndonesiaMaju https://t.co/LClYuiogCI",Positif
"Program Makan Bergizi Gratis (MBG) resmi dimulai! 
Truk logistik tiba di sekolah untuk mendistribusikan paket makanan sehat bagi para siswa. Langkah awal yang baik untuk mendukung tumbuh kembang dan konsentrasi anak-anak di sekolah. https://t.co/7tegM1BcC4",Positif
Tubuh sehat jiwa kuat dan otak hebat berkat asupan makanan yang terjaga Program Makan Bergizi Gratis bantu ringankan beban ekonomi orang tua sekaligus cerdaskan anak bangsa tercinta ini #MBG #IndonesiaEmas https://t.co/bFuTvbZpNL,Positif
"Senyum dan semangat kini terasa di SMA Negeri 1 Fakfak.
Program Makan Bergizi Gratis (MBG) akhirnya dinikmati seluruh siswa—bukan sekadar makan siang, tapi asupan gizi untuk masa depan.
Sebanyak 1.121 siswa merasakan manfaatnya setiap hari sekolah. Harapan lama kini jadi https://t.co/OebBaUEPoy",Positif
Menko Pangan meninjau langsung pelaksanaan Program Makan Bergizi Gratis untuk memastikan kualitas gizi ketepatan distribusi serta kontribusinya dalam memperkuat ketahanan pangan nasional https://t.co/Ux20sqmfcV,Netral
"@Nuhinainuinainu @ARSIPAJA Dalam konteks anggaran Indonesia yang terbatas, keduanya penting tapi ada trade-off. MBG (Makan Bergizi Gratis) prioritaskan gizi anak untuk kurangi stunting dan tingkatkan kesehatan jangka panjang, sambil ciptakan ribuan pekerjaan di sektor pangan dan distribusi (hingga 94.000+",Positif
Program Makan Bergizi Gratis butuh pasokan protein kuat dan sektor perikanan menjawab itu melalui #ZulkifliHasanPerkuatPerikanan demi Ketahanan Pangan Nasional https://t.co/3PDWLsYeUP,Positif
"@blissalium Hai! Untuk mengelola dapur MBG (Makan Bergizi Gratis), ini info berdasarkan data resmi:

**Persyaratan utama:**
- Status legal (UMKM, PT, CV, koperasi) dengan NIB, NPWP, KTP.
- Gunakan bahan lokal, kapasitas minimal 100-500 porsi/hari.
- Daftar via https://t.co/L18FdKAOmx, upload",Netral
Program Makan Bergizi Gratis Sangat Berkaitan dalam Perspektif Maqashid Syariah https://t.co/OQ9jGV0rwH,Positif
"@Ukkeh1 @jellydrink___ Ya, program makan bergizi gratis dibiayai dari APBN, yang bersumber dari pajak dan pendapatan negara lainnya—jadi duit kita sebagai warga. Soal korupsi, laporan dari KPK, ICW, dan media seperti BBC serta NYT menunjukkan risiko tinggi, termasuk kasus penyimpangan tender dan kroni",Negatif
Perum BULOG menegaskan dukungan terhadap Program Makan Bergizi Gratis (MBG) dalam Rakortas Tingkat Menteri yang dipimpin Menko Pangan di Jakarta (29/1). https://t.co/JCaKqMfffe,Netral
"sch! haloo guyss, apakah kalian sudah mendapat MBG? kalo udah, aku bisa minta tolong ga isiin kuisioner kuu utk observasi makanan bergizi gratis ini. terima kasih banyak sebelumnya teman teman 🫶🥺 https://t.co/FYGt4CvRXt",Netral
"Ini judulnya Makan Bergizi Gratis bonusnya Berobat Berbayar

😭😭😭",Netral
"Makan Bergizi Gratis

Caranya @grok 
Pakai pakaian Rapi
Datangi Orang Hajatan
Duduk Manis nunggu Hidangan diantar, atau langsung ke tempat makanan

Kalau Diusir, jawab begini
Ini Hajatan kan Syukuran. Saya minta makan. Makanan ini tidak dijual untuk orang yang mau Bayar pakai",Positif
"Program Makan Bergizi Gratis Diperluas, UMKM dan Koperasi Desa Jadi Tulang Punggung

#MakanBergiziGratis https://t.co/6G4n1lwyQE",Netral
"Manfaat MBG (Makan Bergizi Gratis) bagi siswa itu banyak banget, lho. Singkatnya: bikin anak lebih sehat, lebih fokus, dan lebih siap belajar. Ini rinciannya 👇

🥗 1. Memenuhi gizi harian
Siswa dapat asupan protein, karbohidrat, vitamin, dan mineral yang seimbang, terutama buat",Positif
"@rafanthar @tanyakanrl Ya, menurut berita viral, di salah satu sekolah di Bekasi, menu Program Makan Bergizi Gratis (MBG) termasuk susu kental manis (SKM) dalam plastik, plus pisang dan ubi setengah potong. Pihak sekolah klarifikasi bahwa itu menu kering untuk satu hari, bukan dua. Cek sumber resmi",Negatif
"@bimadwimukti @KangManto123 Berdasarkan data hingga Januari 2026 dari sumber beragam (pemerintah, media seperti Tempo &amp; BBC):

- Makan Siang Gratis: Terealisasi sebagai Program Makan Bergizi Gratis (MBG) untuk 55 juta penerima, meski ada isu distribusi &amp; anggaran.
- Kesehatan Gak Bayar: Parsial, dengan cek",Netral
"@ferizandra MAKAN BERACUN GRATIS.
GIZINYA DENGAN BELATUNG DAN DENGAN DAGING SENSASI BUSUK!",Negatif
"Disela sela kesibukan nya, Menko Pangan Zulkifli Hasan, menyempatkan diri untuk tinjau Program Makan Bergizi Gratis, inilah bukti kepedulian Pemerintah pada Rakyatnya 😊 https://t.co/KcccOydf3i",Netral
Program Makan Bergizi Gratis disokong #ZulkifliHasanPerkuatPerikanan demi Ketahanan Pangan Nasional dan kecukupan protein rakyat,Positif
"Program Makan Bergizi Gratis di Sumatera Selatan terus berinovasi! Selain tingkatkan gizi anak sekolah dengan menu sehat ramah anak, program ini juga menggerakkan ekonomi lokal lho, menyerap tenaga kerja dan tingkatkan permintaan hasil petani serta peternak setempat. https://t.co/orMOxv0JZG",Positif
"Mulai dari program Makan Bergizi Gratis (MBG) bagi 56,13 juta penerima, layanan Cek Kesehatan Gratis untuk 70,8 juta warga, revitalisasi sekolah, hingga dukungan ketahanan pangan dan subsidi KUR bagi jutaan pelaku UMKM. (3/4)",Netral
"Menteri Koordinator Bidang Pangan, Zulkifli Hasan memastikan program Makan Bergizi Gratis (MBG) tetap berjalan selama Ramadan mendatang. Ada penyesuaian menu MBG yang akan dibagikan nanti.

https://t.co/cc2btHEpcY https://t.co/5KsNSKS7I0",Netral
"- Kesehatan gak bayar (0/100)
- Subsidi PLN (80/100)
- Subsidi BBM (50/100)
- Makan siang gratis (~/100)
- Universitas ga bayar (0/100)
- Gaji guru naik (0/100)

🙏🏼🙏🏼🙏🏼",Netral
"Mulai dari program Makan Bergizi Gratis (MBG) bagi 56,13 juta penerima, layanan Cek Kesehatan Gratis untuk 70,8 juta warga, revitalisasi sekolah, hingga dukungan ketahanan pangan &amp; subsidi KUR bagi jutaan pelaku UMKM.

Terima kasih sudah ikut serta menjaga &amp; membangun negeri ini",Netral
"Tugas BPOM RI adalah mengawal dan mengawasi Program Makan Bergizi Gratis dari hulu ke hilir, untuk memastikan makanan yang dikonsumsi anak-anak kita, para penerima manfaat, benar-benar aman, bergizi, dan bermanfaat.
#BPOM #MakanBergiziGratis #MBG https://t.co/GuPunAXpLc",Positif
"Capai 55 Juta Penerima dalam Setahun, Prabowo Sebut Progres MBG Indonesia Lebih Cepat dari Brasil

Jakarta - Presiden RI Prabowo Subianto menyebut pemerintah telah menyalurkan program Makan Bergizi Gratis (MBG) kepada sekitar 55 juta penerima manfaat per Senin (5/1). Menurutnya, https://t.co/acy0Sxsij6",Netral
"Satu tahun Program Makan Bergizi Gratis (MBG) telah berjalan. Sejak diluncurkan pada 6 Januari 2025, program ini telah menjangkau 55,1 juta penerima manfaat di 38 provinsi.

Program Makan Bergizi Gratis memberikan manfaat yang lebih luas bagi para siswa. Selain mendukung https://t.co/0Ri2i1Ltai",Positif
"Pemerintah menyiapkan evaluasi dampak Program Makan Bergizi Gratis (MBG) dengan menekankan pentingnya ketepatan data penerima manfaat sebagai dasar pengukuran hasil program.

 https://t.co/30QXNhHMLC",Netral
"Satu tahun berjalan, Program Makan Bergizi Gratis (MBG) telah menjangkau jutaan masyarakat di Indonesia. Hingga 19 Januari 2026, tercatat 21.102 unit Satuan Pelayanan Pemenuhan Gizi (SPPG) melayani 58,3 juta penerima manfaat. https://t.co/bZGaPLpL6p",Netral
Kadin Indonesia terus mendukung Makan Bergizi Gratis (MBG) sebagai program strategis nasional. Sebab MBG ini membawa banyak manfaat. Manfaatnya untuk anak-anak generasi masa depan sangat jelas. https://t.co/2Ibk1Qfhtt,Positif
"Wakil Kepala Badan Gizi Nasional Nanik S. Deyang mengungkapkan program Makan Bergizi Gratis (MBG) telah menjangkau 59,96 juta penerima manfaat atau sekitar 75 persen dari target 82,9 juta orang.

⁣#SemangatAwalTahun2026 

https://t.co/wPbVfrPIwn https://t.co/8sVsuliDyg",Netral
"Setahun sejak diluncurkan, Program Makan Bergizi Gratis (MBG) telah menjangkau 55 juta penerima manfaat di seluruh Indonesia. Capaian ini menjadi prestasi besar. https://t.co/tEYg5oNeYP",Positif
Alhamdulillah Program Makan Bergizi Gratis (MBG) banyak manfaat langsung dirasakan oleh ribuan santri. https://t.co/L90RHOk059,Positif
Kepala Badan Gizi Nasional (BGN) Dadan Hindayana mengatakan pihaknya tengah memproyeksikan penambahan daftar penerima manfaat dalam proyek makan bergizi gratis (MBG). Wacana penambahan penerima manfaat ini didasari hasil pengecekan BGN dan koordinasi dengan stakeholder terkait https://t.co/u3JLwZZBZE,Netral
"Di sela peresmian RDMP Balikpapan pada Senin (12/1), Presiden Prabowo Subianto memberikan jawaban terhadap tokoh-tokoh yang dulu meragukan keberhasilan program Makan Bergizi Gratis (MBG).

Presiden mengungkapkan bahwa saat ini penerima manfaat MBG telah menembus angka 58 juta https://t.co/8A249UbEtr",Netral
"Dukung Program Makan Bergizi Gratis Indonesia Sehat. Program Makan Bergizi Gratis Untuk Kesejahteraan Masyarakat dan Tenaga Kerja. Kebijakan Ini Sejalan Dengan Asta Cita Presiden Prabowo Subianto Untuk Menciptakan Lapangan Kerja dan Memperkuat Ekonomi.

#MBG #fyp https://t.co/H1LEsTkFoT",Positif
"Presiden Prabowo Subianto menyatakan program Makan Bergizi Gratis (MBG) secara statistik telah berhasil 99,99%. Selama setahun bergulir, tepatnya dari 6 Januari 2025 ke 6 Januari 2026 telah ada 55 juta penerima manfaat mulai dari anak sekolah hingga ibu hamil.

#detikcom #MBG https://t.co/zxvxWqtBbk",Netral
"SPPG Polda Papua Perluas Layanan MBG, SMP Negeri 1 Jayapura Resmi Jadi Penerima Manfaat

Jayapura – Satuan Pelayanan Pemenuhan Gizi (SPPG) Polda Papua terus memperluas cakupan Program Makan Bergizi Gratis (MBG) bagi pelajar di wilayah Kota Jayapura. Salah satunya SMP 1 Jayapura https://t.co/KdzpAWDQch",Netral
"Makan bergizi gratis adalah investasi masa depan. Anak yang sehat dan tercukupi gizinya tumbuh lebih fokus belajar, lebih kuat bermimpi, dan lebih siap membangun negeri. Mari dukung bersama agar tidak ada generasi yang tertinggal karena kurang gizi. https://t.co/t3ww2uZezW",Positif
"Dukung Program Asta Cita Presiden RI, Polres Berau Salurkan Makan Bergizi Gratis untuk Santri

#polri #divhumas #poldakaltim  #polriuntukmasyarakat https://t.co/Bvi7K9OKKr",Netral
"Makan bergizi gratis adalah investasi masa depan. Anak-anak yang sehat tumbuh lebih fokus belajar, lebih kuat bermimpi, dan lebih siap membangun negeri. Mari dukung program ini agar setiap anak mendapat hak yang sama untuk tumbuh cerdas dan berdaya. https://t.co/n7SvHksmcG",Positif
"Poklahsar Zehra Farm Dukung Program Makan Bergizi Gratis

Poklahsar Zehra Farm, binaan Penyuluh Perikanan Syakirah Syahrir (Penyuluh Perikanan Kab. Maros), turut berkontribusi mendukung Program Makan Bergizi Gratis melalui penyediaan 2.740 potong lele fillet. https://t.co/0GlxMrmgQT",Netral
"Presiden Prabowo optimis program Makan Bergizi Gratis (MBG) akan menjangkau 82,9 juta penerima manfaat pada akhir 2026. Capaian luar biasa: 58 juta penerima hanya dalam 1 tahun! https://t.co/RTSFf4dbvA",Netral
"BGN Akui Pendataan Jadi Tantangan Jangkau Seluruh Penerima MBG

Kepala Badan Gizi Nasional (BGN), Dadan Hindayana, mengakui, pihaknya masih memerlukan waktu untuk menjangkau seluruh penerima manfaat dalam program Makan Bergizi Gratis (MBG).

Hal tersebut disampaikan Dadan dalam https://t.co/AiyPu9d8zb",Netral
"Puluhan siswa SMA Negeri 2 Kudus mengalami diare dan pusing yang diduga akibat keracunan sajian program Makan Bergizi Gratis (MBG).

&gt;&gt; https://t.co/6YlZalexjr https://t.co/0vWXaDC34o",Netral
"Puluhan siswa dan guru di Desa Loji, Kecamatan Simpenan, Kabupaten Sukabumi, diduga mengalami keracunan makanan setelah mengonsumsi menu Makan Bergizi Gratis (MBG) pada Rabu (28/1/2026) di SDN Bojong Kopo dan PAUD Al-Hadi Desa Loji.
.
Dinas Kesehatan (Dinkes) Kabupaten Sukabumi https://t.co/4bZAVJMI4i",Netral
"Insiden keracunan massal usai menyantap menu Makan Bergizi Gratis (MBG) kembali terjadi. 

Kali ini keracunan massal tersebut terjadi di Kecamatan Cikalongkulon, Kabupaten Cianjur, dengan total 205 korban per Selasa (27/1/2026) malam kemarin. Korban berasal dari berbagai sekolah, https://t.co/pnRyr8veDa",Netral
"Sebanyak 176 orang di Kecamatan Cikalongkulon, Kabupaten Cianjur, diduga mengalami ker4cun4n makanan dari program Makan Bergizi Gratis (MBG), Selasa (27/1/2026). Kasus tersebut tersebar di sejumlah sekolah dan ditangani oleh dua puskesmas.
sc ig CianjurUpdate https://t.co/T9OPQEd7za",Netral
"Dinas Kesehatan Kabupaten Grobogan, Jawa Tengah, melaporkan sebanyak 658 orang diduga mengalami keracunan setelah menyantap menu makan bergizi gratis. Para korban berasal dari sejumlah sekolah dan satuan pendidikan di Kecamatan Gubug.

#tempodotco #TUpdate #MBG https://t.co/U4RK11UyJl",Netral
"Pasukan mobil ambulance dikerahkan untuk mengangkut puluhan pelajar SMA 2 Kudus - Jawa Tengah yang mengalami keracunan massal akibat memakan Makan Bergizi Gratis ( MBG ) dari program prioritas Prabowo Gibran , Kamis 29 Januari 2026",Netral
"Insiden keracunan massal usai menyantap menu Makan Bergizi Gratis (MBG) kembali terjadi. Kali ini keracunan massal tersebut terjadi di Kecamatan Cikalongkulon, Kabupaten Cianjur, dengan total 205 korban per Selasa (27/1/2026) malam kemarin. Korban berasal dari berbagai sekolah, https://t.co/2N5E5X9UHr",Netral
"MBG Makanan bergizi gratis. 
Bergizinya bohong.
Gratisnya juga bohong sebab dananya dari APBN yg sumbernya dari pajak rakyat. https://t.co/PM4ji0G9jw",Negatif
"Lagi dan lagi
Sebanyak 70 siswa SMA Negeri 2 Kudus diduga keracunan usai menyantap menu Program Makan Bergizi Gratis (MBG) pada Kamis, 29 Januari 2026.
Kembalikan Semangat Belajar https://t.co/nLOnYN1R3M",Netral
"Sebanyak 70 siswa SMA Negeri 2 Kudus diduga keracunan usai menyantap menu Program Makan Bergizi Gratis (MBG) pada Kamis, 29 Januari 2026.
.
Menanggapi hal itu, Pemerintah Kabupaten Kudus, bersama unsur TNI dan Polri turun tangan. Bupati Kudus, Sam'ani Intakoris mengatakan puluhan https://t.co/w0Xj8siKKC",Netral
"Sebanyak 97 siswa SMA Negeri 2 Kudus diduga mengalami keracunan setelah mengonsumsi Makan Bergizi Gratis (MBG)

Para siswa mengeluhkan gejala mual, muntah, nyeri perut, hingga diare. Sehingga, harus mendapatkan penanganan medis di sejumlah rumah sakit, termasuk RSUD dr. Loekmono https://t.co/Cg59K5OmMr",Netral
"79 siswa SMAN 02 Kudus diduga keracunan MBG 50 ambulance dikerahkan. 

Dugaan keracunan Makan Bergizi Gratis (MBG) yang menimpa siswa SMAN 2 Kudus pada Kamis, 29 Januari 2026,

Sebanyak 50  unit ambulans dikerahkan oleh pemkab  untuk mengevakuasi para siswa dari sekolah menuju https://t.co/KIYHVfPqG7",Netral
"Hasil laboratorium kesehatan menunjukkan Menu Makan Bergizi Gratis (MBG) yang didistribusikan SPGG Kuwaron 1, Gubug pada Jumat (9/1/2026) lalu terkontaminasi bakteri Escherichia coli (E Coli).

Baca di sini: https://t.co/3okFRwtvSG

~AA #MBG #Keracunan https://t.co/6sH0UT7VNc",Netral
"Makan Beracun Gratis ,di SMANegri  2 Kudus. https://t.co/NAhFe2qT0A",Netral
"Sebanyak 70 siswa SMA Negeri 2 Kudus diduga keracunan usai menyantap menu Program Makan Bergizi Gratis (MBG) pada Kamis, 29 Januari 2026.
.
Dari 70 siswa, sebanyak 22 siswa dirawat di RSUD Loekmono Hadi Kudus, 17 siswa di Rumah Sakit Satkes, 10 siswa di RS Mardirahayu, 10 siswa https://t.co/crQBxWVpgK",Netral
"Tiga Satuan Pelayanan Pemenuhan Gizi (SPPG) di Cianjur dihentikan sementara. Penutupan dilakukan Satgas Makan Bergizi Gratis setelah 300 siswa diduga keracunan.

Baca selengkapnya: https://t.co/lSIa3JjuYC

~RK #SPPG #keracunan #cianjur https://t.co/wYRC42usyR",Netral
"@txtdrimedia Badan Gizi Nasional (BGN) kejar zero accident, nihil keracunan Makanan Bergizi Gratis selama 2026...

Namun baru seminggu siswa kembali masuk sekolah usai liburan, kasus keracunan MBG terjadi di Semarang (75 anak), Grobogan (658 anak), dan Mojokerto (261 anak)...

Sepertinya https://t.co/c6CfzuM8RN",Netral
"Sebanyak 14 siswa SMP Negeri 1 Montong mendatangi Unit Gawat Darurat (UGD) Puskesmas Montong, Kabupaten Tuban, karena diduga mengalami keracunan menu makan bergizi gratis (MBG), Selasa (27/1/2026).

Kepala Puskesmas Montong, Tri Wahyuningrum, mengatakan hingga saat ini belum https://t.co/pt8vNGYBjR",Netral
Ratusan siswa SMAN 2 Kudus diduga keracunan Makan Bergizi Gratis. Ahli gizi menilai lemahnya keamanan pangan makanan massal jadi penyebab utama. https://t.co/6qobXyzI6q https://t.co/4XyLU5HqZb,Netral
MBG : Makanan (yg belum tentu) Bergizi (bahkan bisa beracun) dan Tidak Gratis krn dibiayai dari pajak rakyat dan dng memangkas hak rakyat di sektor lain.,Negatif
"RATUSAN SISWA SMAN 2 KUDUS KERACUNAN MASSAL, 118 DIRAWAT DI SEJUMLAH RUMAH SAKIT😭‼ 

Kabar mengejutkan datang dari SMAN 2 Kudus, Jawa Tengah, Kamis (29/1/2026). Sebanyak 118 siswa dilaporkan mengalami gejala keracunan massal yang diduga setelah mengonsumsi Makan Bergizi Gratis https://t.co/lqEkXToCAS",Netral
"LAGI LAGI DAN LAGI 

Sebanyak 157 siswa SD, SMP, SMA, dan SMK di Salakan Keracunan Makan Bergizi Gratis.

Berdasarkan pantauan kejadian tersebut berlokasi di SD, SMP, SMA, dan SMK di Salakan, Kabupaten Banggai Kepulauan, Sulawesi Tengah.

Keracunan Makan Siang Gratis (MBG) https://t.co/1WqU7niDEd",Netral
"Viral warga Pandeglang protes menu Makan Bergizi Gratis disajikan pakai kantong plastik hingga isinya tercampur.

Menanggapi hal itu, Badan Gizi Nasional menegaskan penyajian MBG wajib sesuai SOP, termasuk penggunaan ompreng demi menjaga keamanan pangan dan kualitas gizi https://t.co/BZliNRguPY",Netral
"KUDUS (https://t.co/50vdEIj140) — Ratusan siswa SMA Negeri 2 Kudus mengalami pusing, mual, diare hingga sesak napas usai menyantap Makan Bergizi Gratis (MBG) yang disalurkan pada Rabu (28/1/2016).

Diduga, para siswa dan sejumlah guru mengalami keracunan makanan dari menu MBG https://t.co/gaUuP5NXaA",Netral
"Keracunan makanan program MBG kembali terjadi. Keracunan juga pernah terjadi dalam Program Makan Tambahan Anak Sekolah (PMT-AS) di masa Orde Baru.
https://t.co/X4tAAuU2Bs",Netral
"Sejumlah pelajar dan guru Di Desa Loji Kecamatan Simpenan Kabupaten Sukabumi Jawa Barat, mengalami gejala keracunan tak lama setelah mengkonsumsi menu MBG (Makan Bergizi Gratis), Rabu (28/1/2026) siang. Para pasien diduga mengkonsumsi menu MBG yang sejak pagi viral di media https://t.co/ns3R7h8KaD",Netral
"Puluhan siswa di Muaro Jambi, Jambi, dilaporkan diduga mengalami keracunan usai menyantap makan bergizi gratis (MBG) dari sekolah. Mereka mengalami diare dan muntah-muntah setelah pulang sekolah.

Sejak Jumat (30/1/2026) siang, para siswa itu dilarikan ke RSUD Ahmad Ripin https://t.co/M0xjRtfcVs",Netral
"SEBANYAK 20 siswa sekolah dasar di Desa Wargasari, Kecamatan Kadupandak, Kabupaten Cianjur, Jawa Barat, dilaporkan mengalami gangguan kesehatan yang diduga akibat keracunan, Selasa 27 Januari 2026. Peristiwa ini terjadi setelah para siswa mengonsumsi Makan Bergizi Gratis atau MBG https://t.co/qGSkG4f98s",Netral
"UMUM TERJADI

Siang Ngantuk, Malam Susah Tidur
📌 Ritme kacau
Magnesium + Vitamin B6

Sering Makan Gorengan &amp; Mi Instan
📌 Inflamasi &amp; kulit kusam
Vitamin E + Omega-3

Flu di Musim Hujan
📌 Daya tahan turun
Vitamin C + Zinc

Pusing &amp; Cepat Lelah
📌 Anemia 
Zat Besi + Asam Folat",Netral
"::
BuzzeRp BuzzeRp MBG mulai dikerahkan utk berkomentar dlm postingan Keracunan di Sekolah².
Kalimatnya sok bijak tapi intinya tetap memuji program MBG utk trs berjalan.
Ingat, ini adlh proyek besar yg setiap hari dilaksanakan dgn cuan yg fantastis.
Makanan Beracun Gratis
•• https://t.co/mXbjOel7vM",Positif
Katanya bergizi. Tapi malah beracun! Dan yang dipakai adalah duit rakyat. https://t.co/3ww5rMuRMT,Negatif
"RATUSAN siswa Sekolah Menengah Atas Negeri 2 Kudus mengalami keracunan setelah menyantap hidangan makan bergizi gratis atau MBG pada Kamis, 29 Januari 2026. 

Program bagi-bagi makanan tersebut merupakan janji kampanye Presiden Prabowo Subianto.

Sejumlah siswa yang mengalami https://t.co/TmovjNclDo",Netral
"Sebagai langkah lanjutan, Bupati Kudus Sam’ani Intakoris bersama Ketua TP PKK Endhah Sam’ani Intakoris meninjau SMA Negeri 2 Kudus, Kamis (29/1/2026), untuk memastikan kondisi siswa pascakejadian gejala keracunan setelah konsumsi menu Makan Bergizi Gratis (MBG) tertangani. https://t.co/mMsLUL0QZ8",Netral
"Jumlah siswa keracunan menu Makan Bergizi Gratis di Manggarai Barat mencapai 132. Siswa mengeluhkan gejala mual, muntah hingga nyeri perut. https://t.co/PJLo2Zxkoy",Netral
"Pasukan mobil ambulance dikerahkan untuk mengangkut puluhan pelajar SMA 2 Kudus - Jawa Tengah yang mengalami keracunan massal akibat memakan Makan Bergizi Gratis ( MBG ) dari program prioritas Prabowo Gibran , Kamis 29 Januari 2026",Netral
"MBG itu Makan Bergizi Gratis, bukan Makan Bikin Gawat. 🙄

Kejadian di Cianjur ini bukti kalau SPPG belum siap 100% dari sisi standarisasi dapur. Berhenti sementara itu cuma solusi jangka pendek, yang kita butuh itu transparansi: kenapa bisa keracunan? Apakah bahan makanannya, https://t.co/GiTchKquS0",Negatif
"Dapur Satuan Pelayanan Pemenuhan Gizi atau SPPG Anugrah Ratu Alam 1 Loji, Kecamatan Simpenan, Kabupaten Sukabumi, Jawa Barat berhenti beroperasi untuk sementara waktu terkait kejadian dugaan keracunan makanan program Makan Bergizi Gratis atau MBG. Dapur tersebut berhenti https://t.co/ufEeUCKZl9",Netral
"Video viral menunjukkan siswa di Sukabumi mengeluhkan tahu berjamur dalam menu Makan Bergizi Gratis. 22 orang keracunan, 6 dirujuk ke rumah sakit.

Via @detikjabar_ 
https://t.co/pfVziaVRfP",Netral
"Puluhan siswa dan guru di wilayah Kecamatan Simpenan, Kabupaten Sukabumi, Provinsi Jawa Barat, mengalami dugaan keracunan usai menyantap makanan dari program Makan Bergizi Gratis atau MBG. Mereka yang mengalami keracunan menjalani penanganan di Puskesmas Simpenan dan beberapa https://t.co/9NfuQmVI8o",Netral
"Enough is enough...
Sudah...cukup.
Hentikan Program Makan Beracun Gratis ini.",Negatif
"Mau sampe jutaan siswa keracunan pun pemerintah akan selalu mengklaim bahwa program Makan Bergizi Gratis mereka berhasil.

Kenapa?
Karena ukuran sukses program ini bukan kesehatan anak, tapi kemampuan negara menyangkal realitas.

Semua data bisa dipelintir, dan tanggung jawab https://t.co/6qvVq4eyCC",Negatif
"Setahun Makan Bergizi Gratis (MBG), tapi siapa yang benar-benar kenyang manfaatnya? 

Program ini digadang-gadang jadi solusi gizi anak. Tapi hasil riset Center of Economic and Law Studies (Celios) justru nunjukin cerita lain. Mulai dari kasus keracunan, menu yang diragukan https://t.co/MEasoQP3NL",Positif
"Bupati Mojokerto Muhammad Albarraa (Gus Barra) menyatakan jumlah korban keracunan massal 411 pelajar, santri dan orang dewasa. Ia memastikan 411 korban keracunan karena menyantap makan bergizi gratis (MBG) soto ayam.

Sebelumnya, ratusan pelajar, santri dan keluarga siswa https://t.co/A13J2X7CVi",Netral
"Charles Honoris mempertanyakan komitmen BGN dalam pelaksanaan program Makan Bergizi Gratis (MBG), dimana sejauh ini masih menimbulkan sejumlah persoalan mulai dari jumlah kasus keracunan, nilai gizi MBG hingga kelayakan dapur MBG (SPPG). 

""Data surveilance dari SKDR Kementerian https://t.co/xIrTRhBhM1",Netral
"Badan Gizi Nasional (BGN) menargetkan zero defect atau nol kasus keracunan dalam pelaksanaan program Makan Bergizi Gratis (MBG) pada 2026.

Baca di sini: https://t.co/KEjgZ2sUN8

~AA #BGN #MBG #Keracunan https://t.co/SleUBYxcYZ",Netral
"Masih mau makan menu MBG asal lebih steril dan higienis

Pada 9 Januari 2026, ratusan santri Pondok Pesantren Miftahul Huda, Grobogan, Jawa Tengah, mengalami keracunan setelah mengonsumsi menu Makan Bergizi Gratis (MBG).

Para santri tidak mengonsumsi menu MBG lagi sejak saat https://t.co/cjU4qcWx32",Negatif
"Pada tahun 2026 pemerintah menargetkan nol insiden keracunan pada program Makan Bergizi Gratis. Apa saja langkah yang telah dilakukan dan disiapkan? #KompasBrief #AdadiKompas

https://t.co/RkzjmvWGkN",Netral
"Kepala Badan Gizi Nasional (BGN), Dadan Hindayana menargetkan tidak ada orang lagi yang keracunan dalam program Makan Bergizi Gratis (MBG).

#mbg #bgn

https://t.co/53XxOp30zH",Netral
"Dugaan keracunan menu makan bergizi gratis (MBG) yang dialami para pelajar di Kecamatan Jatisrono tidak hanya dialami puluhan anak.

Berdasarkan informasi terkini, ada ratusan pelajar di Kecamatan Jatisrono yang mengalami gejala mengarah keracunan.

Pelajar yang mengalami gejala https://t.co/zdI7qOn9Se",Netral
"Menteri Hak Asasi Manusia (HAM) Natalius Pigai mengunjungi siswa korban keracunan program Makan Bergizi Gratis (MBG) yang dirawat di RSUD dr Soedjati Soemodiardjo Purwodadi di Grobogan, Selasa 13 Januari 2026.

#suaramerdeka #sppg #keracunan #mbg #nataliuspigai #korbankeracunan https://t.co/kxye4qfTua",Netral
"Pada tahun 2026 pemerintah menargetkan nol insiden keracunan pada program Makan Bergizi Gratis. Apa saja langkah yang telah dilakukan dan disiapkan? #KompasBrief #AdadiKompas

https://t.co/aIQfMPur23",Netral
"Pada 9 Januari 2026, ratusan santri Pondok Pesantren Miftahul Huda, Grobogan, Jawa Tengah, mengalami keracunan setelah mengonsumsi menu Makan Bergizi Gratis (MBG).

Para santri tidak mengonsumsi menu MBG lagi sejak saat itu. Sebagai gantinya, mereka makan makanan dari pondok. https://t.co/fF6E67AUJT",Netral
"Korban Keracunan Makan Bergizi Gratis di Cianjur Bertambah Jadi 33 Siswa, 12 Anak Dirujuk ke RS ~WR

Klik untuk baca:
https://t.co/suOxM1MMRA",Netral
"TIADA HARI TANPA JATUH KORBAN KERACUNAN MBG

10 November 2025

Sebanyak 80 siswa SMA Manda Elu, Kabupaten Sumba Barat Daya, keracunan Makan Bergizi Gratis yang dikonsumsi anak-anak pada Senin (10/11/2025) sekitar pukul 13.30 WITA https://t.co/7nnWNe2VIY",Netral
KPAI ungkap sebanyak 12.658 anak alami keracunan akibat program Makan Bergizi Gratis selama 2025. https://t.co/qw6O3QvyNZ,Netral
"11 Siswa SD di Lampung Utara Keracunan Makan Bergizi Gratis, Kepsek Ngamuk Diberi Menu Busuk

Baca selengkapnya: https://t.co/cTUMeFjJQT

_RKD #MBG #keracunan #lampung",Netral
"Puluhan balita di Desa Putatsari, Kecamatan Grobogan, Kabupaten Grobogan, Jawa Tengah dikabarkan keracunan usai mengonsumsi menu Makan Bergizi Gratis (MBG).

Kejadian itu berlangsung Kamis (11/12/2025) malam lalu, namun baru terendus media pada Sabtu (13/12/2025) hari ini. https://t.co/neM2HOsL5p",Netral
"Pada tahun 2026 pemerintah menargetkan nol insiden keracunan pada program Makan Bergizi Gratis. Apa saja langkah yang telah dilakukan dan disiapkan? #KompasBrief #AdadiKompas

https://t.co/MgGebFEWd7",Netral
"Makan Bergizi Gratis menjadi program prioritas Presiden Prabowo yang terus disuarakan sejak masa kampanye.

Setahun berjalan, implementasi program MBG bukanlah tanpa masalah. Pemilihan menu yang seringkali disorot hingga keracunan massal terjadi.

Lalu bagaimana bukti di lapangan https://t.co/9fwtDhtduP",Positif
"Wahai Uya Kuya,  
Anda itu anggota DPR, seharusnya jadi yang paling kritis mengawal Program Makan Bergizi Gratis (MBG).  
Bukan malah buru-buru tuding setiap kebocoran, keracunan, atau pemberitaan buruk di medsos sebagai 'sabotase'.  

Kalau memang ada yang salah dalam https://t.co/42kT95mdVv",Negatif
"Program Makan Bergizi Gratis (MBG) bagi Ibu Hamil, Ibu Menyusui, dan Balita Non-PAUD (B3) di Desa Parakan, Kecamatan Leuwimunding, Kabupaten Majalengka, mendapat perhatian masyarakat usai penerima manfaatnya mengalami dugaan keracunan pada Kamis (4/12/2025). 

Insiden ini diduga https://t.co/LBONhnBrtT",Netral
"Pada tahun 2026 pemerintah menargetkan nol insiden keracunan pada program Makan Bergizi Gratis. Apa saja langkah yang telah dilakukan dan disiapkan? #Kesehatan #AdadiKompas

https://t.co/j1fkvfZMjw",Netral
"Sebanyak 164 murid sekolah di Ngawi dilarikan ke Puskesmas Mantingan diduga karena keracunan. 

Mereka mengalami gejala keracunan seperti mual, muntah hingga diare usai diduga mengonsumsi makan bergizi gratis (MBG).

Dari 164 murid dari berbagai sekolah dan pondok pesantren itu, https://t.co/X6fSEv2r1U",Netral
"Bhabinkamtibmas Desa Nglandung, Aipda Sudiono melaksanakan pendampingan penyaluran Makan Bergizi Gratis (MBG)  Kegiatan ini dilakukan untuk memastikan proses distribusi  berjalan aman, tertib, serta mencegah terjadinya keracunan  pada para siswa. https://t.co/qNyZvjEpwL",Netral
"Pada tahun 2026 pemerintah menargetkan nol insiden keracunan pada program Makan Bergizi Gratis. Apa saja langkah yang telah dilakukan dan disiapkan? #Kesehatan #AdadiKompas

https://t.co/szrVRFslal",Netral
"Kepsek Mengamuk! Menu MBG Diduga Busuk, Siswa Terancam Keracunan

Sebuah video viral di media sosial memperlihatkan Kepala Sekolah SDN 03 Sindangsari, Kotabumi, Lampung, mengamuk lantaran menu Makan Bergizi Gratis (MBG) yang diterima sekolahnya diduga tidak layak konsumsi. Dalam https://t.co/8TslaUQsgj",Netral
"Menteri HAM RI Natalius Pigai menjenguk para siswa korban dugaan keracunan menu Makan Bergizi Gratis (MBG) di RSUD dr Soedjati Purwodadi, Grobogan. https://t.co/p9rA2w48dr",Netral
"Sebanyak 74 sisa di Kecamatan Labakkang, Kabupaten Pangkep, Sulawesi Selatan diduga keracunan menu Makan bergizi gratis (MBG), Senin (8/12/2025)...

Siswa dari dua sekolah mengalami gejala mual, sakit perut hingga muntah usai mengonsumsi makanan yang disalurkan oleh SPPG 02 https://t.co/qNUiqADYVt",Netral
"Anggota Komisi IX DPR, Irma Suryani, meminta Badan Gizi Nasional (BGN) untuk terus mengevaluasi Satuan Pelayanan Pemenuhan Gizi (SPPG) atau dapur Makan Bergizi Gratis (MBG) yang belum memenuhi standar. 
Hal tersebut penting agar potensi kasus keracunan makanan pada program MBG https://t.co/9F0EVOtbrD",Netral
"16 Desember 2025...

Sebanyak 115 warga di Kabupaten Buton Tengah, Sulawesi Tenggara mengalami gejala keracunan seperti mual hingga muntah setelah menyantap Makan Bergizi Gratis (MBG). 

Para korban langsung dilarikan ke puskesmas untuk mendapatkan perawatan.
""Iya, gejalanya mual https://t.co/etaecyk2sa",Netral
"Kasus dugaan keracunan akibat hidangan program Makan Bergizi Gratis kembali terjadi di Jawa Tengah. Kali ini keracunan menimpa puluhan pelajar SMK di Semarang.  #Kesehatan #AdadiKompas

https://t.co/p7JJGPf16R",Netral
"Intensi Jahat Proyek Makan Bergizi Gratis

#Kolom #TempoPlus 
https://t.co/f3gu4bJdaX",Negatif
"Nada Raina Fajria, siswi kelas 9 SMP Negeri 13 Depok, Jawa Barat, sangat percaya diri menjawab tidak ketika ditanya apakah khawatir Makan Bergizi Gratis (MBG) yang diberikan di sekolahnya mengandung racun.
https://t.co/OVQZQkwY4p",Netral
"Puluhan siswa dari SDN 1 Darmaji dan Madrasah Ibtidaiyah (MI) Hidayatusholihin, Kecamatan Kopang, Lombok Tengah, Nusa Tenggara Barat (NTB), mengalami keracunan. Mereka muntah hingga mual-mual setelah mengonsumsi susu dari program Makan Bergizi Gratis (MBG).

Kepala Desa Darmaja, https://t.co/MSfRIneOL7",Netral
"Kasus keracunan MBG 2026...

Dugaan keracunan akibat Makan Bergizi Gratis (MBG) terjadi di SMKN 11 Semarang. Disebutkan puluhan anak mual-mual dengan empat di antaranya sempat dirawat di Rumah Sakit.

Kabar itu tersebar di grup WhatsApp. Dari pesan yang beredar, tertulis bahwa https://t.co/SUZqGpqTKl",Netral
"Presiden Prabowo dan jajarannya di berbagai kesempatan memamerkan capaian proyek Makan Bergizi Gratis (MBG). Tingkat keberhasilannya diklaim nyaris sempurna, 99,9 persen, padahal kasus keracunan melampaui 15 ribu setahun terakhir. 

Riset terbaru Center of Economic and Law",Netral
"Puluhan Siswa dan Balita dari Desa Bandar Baro dan Blang Nisam dilarikan ke Puskesmas dan Rumah Sakit Umum Daerah (RSUD) karena diduga keracunan usai menyantap Makan Bergizi Gratis (MBG), pada Jumat (23/1).

Situasi kepanikan muncul sejak Jumat siang hingga malam hari, ketika https://t.co/BvVUpsAmL6",Netral
"Siswa SMP Negeri di Lampung Selatan diduga keracunan makan bergizi gratis (MBG).

Berdasarkan informasi yang dihimpun, sekolah tersebut SMPN 2 Kalianda, Lampung Selatan.

Person in Charge (PIC) SMPN 2 Kalianda, Retno Dwi Jayanti membenarkan adanya siswanya yang dirawat di Rumah https://t.co/UDbQQNHCQ8",Netral
"Terjadi lagi...! 😷

Sebanyak 50 orang diduga keracunan usai menyantap menu makan bergizi gratis (MBG) di Kabupaten Majene, Sulawesi Barat (Sulbar). Para korban terdiri dari ibu hamil, balita dan anak sekolah.

""Dugaan keracunan pangan MBG di wilayah kerja Puskesmas Sendana II https://t.co/vwjZ2leTo6",Netral
"Sejumlah siswa SMK Sore Tulungagung dilarikan ke Puskesmas Beji karena mengalami gejala keracunan makanan. Sebelumnya para siswa mengkonsumsi menu Makan Bergizi Gratis (MBG).

Salah seorang siswa Kelas X SMK Sore Tulungagung, Farhan Surya mengaku merasakan mual hebat setelah https://t.co/LUSjJk4iRm",Netral
"@tempodotco Dari 441 kasus keracunan pangan, hampir setengahnya (211 kasus/48%) berasal dari program MBG.

Data Kemenkes:
➡️ 638 korban dirawat inap
➡️ 12.755 korban rawat jalan
➡️ Total 13.371

Separuh keracunan dari ""Makan bergizi ?"" Yang kurang itu angkuhnya, bukan anggarannya.",Negatif
"Gausah marah2 sm sendernya. Ini semua salah your govt yg pangkas dana pendidikan demi makan (tdk) bergizi gratis. Pinter kaga, kenyang kaga, bego dan keracunan iya.",Negatif
Program Makan Bergizi Gratis Sangat banyak manfaatnya https://t.co/b2GPebpEuy,Positif
"Puluhan siswa di Kota Tomohon, Provinsi Sulawesi Utara, dilarikan ke rumah sakit pada Senin, 26 Januari 2026 malam. Mereka diduga keracunan makan bergizi gratis (MBG).

Siswa-siswa tersebut berasal dari 3 sekolah, yaitu SMA Karitas Tomohon, SMK Santa Familia Tomohon, dan SMAN 1 https://t.co/0SkZ7eudU4",Netral
"Sebanyak 70 siswa SMA Negeri 2 Kudus diduga keracunan usai menyantap menu Program Makan Bergizi Gratis (MBG) pada Kamis, 29 Januari 2026. https://t.co/iYG9KhTWXq",Netral
"Makan Bergizi Gratis tetap berjalan selama puasa Ramadan! 🍱⁣
⁣
Kepala Badan Gizi Nasional, Dadan Hindayana, sampaikan bahwa menu MBG nanti berbentuk siap saji yang bisa tahan sampai waktu berbuka puasa. Jadi, makanan bisa dibawa pulang ke rumah dengan tetap layak konsumsi. BGN https://t.co/owmZciftP6",Positif
"Puluhan siswa SD, SMP dan SMA di Kecamatan Kuwus, Manggarai Barat, Nusa Tenggara Timur (NTT), diduga keracunan makan bergizi gratis (MBG), Kamis (29/1/2025). 

Hingga sore ini siswa tersebut masih dirawat di Puskesmas Golowelu.
Mereka adalah siswa SMAN 1 Kuwus, SMKN 1 Kuwus, SMPN https://t.co/et4VaQ9CTG",Netral
"Program Makan Bergizi Gratis Bikin Anak Cerdas, Tumbuh Kuat, Hati Bahagia https://t.co/o5A235rWYD",Positif
"@tanyakanrl Makan Beracun Gratis
Makan Biar Gendut
Makan Belatung Gratis
Makan Berulat Gratis
Makan Basi Gratis
Makan Benyek Gratis
Makan Bau Gratis

Ada lagi?",Negatif
"pikiranrakyat
Insiden keracunan massal usai menyantap menu Makan Bergizi Gratis (MBG) kembali terjadi. Kali ini keracunan massal tersebut terjadi di Kecamatan Cikalongkulon, Kabupaten Cianjur, dengan total 205 korban per Selasa (27/1/2026) malam kemarin. https://t.co/J6wqpGvi1z",Netral
"Yakin masih mau dilanjutkan Program makan beracun gratis ini? 
Mau sampai berapa korban lagi sampai akhir tahun? 

https://t.co/wgyQVISeJu https://t.co/7o4xZY3qGM",Negatif
"Sebanyak 97 siswa SMA Negeri 2 Kudus diduga mengalami keracunan setelah mengonsumsi Makan Bergizi Gratis (MBG). Para siswa mengeluhkan gejala mual, muntah, nyeri perut, hingga diare.

https://t.co/H2asyjS4Iq",Netral
"Tampak puluhan mobil ambulance dikerahkan untuk mengangkut puluhan pelajar SMA 2 Kudus - Jawa Tengah yang mengalami keracunan massal akibat memakan Makan Bergizi Gratis ( MBG ) dari program prioritas Prabowo Gibran , Kamis 29 Januari 2026.",Netral
"Jumlah siswa SD, SMP, dan SMA 
yang keracunan menu program 
Makan Bergizi Gratis di Kecamatan Kuwus, 
Manggarai Barat, Nusa Tenggara Timur, 
mencapai 132 orang.
Kamis (29/1/2025) https://t.co/cD3Qf8SFcW",Netral
"@hotzpace @__PASMANTAP @aseptikteng Program Makan Bergizi Gratis (MBG) di Indonesia bertujuan mengurangi stunting dengan makanan gratis untuk siswa. Namun, sejak 2025, ada ribuan kasus keracunan makanan, termasuk lebih dari 11.000 anak terdampak karena persiapan yang ceroboh. Ada dukungan dari MUI, tapi kritik",Negatif
"Menko Pangan Zulkifli Hasal menegaskan bahwa operasional program Makan Bergizi Gratis (MBG) akan tetap berjalan normal selama bulan Ramadan. Untuk menyesuaikan ibadah puasa, pemerintah telah menyiapkan skema khusus mulai dari perubahan menu hingga waktu distribusi. https://t.co/gysJOXzDJB",Netral
"Korban MBG‼️
Sebanyak 132 siswa sekolah dasar (SD), sekolah menengah pertama (SMP), dan sekolah menengah atas (SMA), di Kecamatan Kuwus, Manggarai Barat, Nusa Tenggara Timur (NTT), mengalami keracunan Makan Bergizi Gratis (MBG), Jumat (30/1/2026). https://t.co/nmsvA5Eq09",Netral
"Satgas Makan Bergizi Gratis (MBG) Kabupaten Kudus, Jawa Tengah mengingatkan seluruh koordinator Satuan Pelayanan Pemenuhan Gizi (SPPG) agar lebih memperhatikan higienitas makanan serta ketepatan waktu pengantaran kepada penerima manfaat, khususnya pelajar.https://t.co/Xxf4JmhATp",Netral
"@hotzpace @Jateng_Twit @aseptikteng Halo!  sepertinya merujuk Program Makan Bergizi Gratis Prabowo untuk atasi stunting, menjangkau jutaan anak. Tapi laporan Januari 2026 tunjukkan kasus keracunan di sekolah seperti Kudus (118 siswa) &amp; Magelang, akibat makanan tak aman. Perlu evaluasi untuk keberhasilan. Apa maksud",Negatif
Tragedi keracunan Makan Bergizi Gratis (MBG) kembali pecah di Muaro Jambi (30/1/2026). Setidaknya siswa dari 7 sekolah dilarikan ke RSUD Ahmad Ripin setelah menyantap menu soto siang tadi.,Netral
"@chanany83772 @tempodotco Fenomena keracunan makanan di program Makan Bergizi Gratis (MBG) Indonesia memang berulang sejak 2025, dengan ribuan kasus di berbagai daerah seperti Kudus, Grobogan, dan Semarang. Penyebab utama: lemahnya pengawasan keamanan pangan dan prosedur produksi massal.

Di negara lain,",Netral
70 Siswa SMAN 2 Kudus Diduga Keracunan Program Makan Bergizi Gratis https://t.co/CfW1QvKVEh,Netral
"MBG = Makan Bergizi Gratis ❌
MBG =MakanBeracunGratis✅",Positif
"Yang jadi terget kok “Zero Keracunan” ???🤣🤣🤣

Tuh mamam kejadian di SMA Kudus.
Dasar semprulll …

https://t.co/ouDEs22I0N https://t.co/PpjVDI0mUF",Netral
"Program Makan Bergizi Gratis di Sukabumi berujung malapetaka akibat tahu berjamur. 19 orang keracunan, dapur ditutup sementara untuk investigasi.

Via @detikjabar_ 
https://t.co/TecPO4xaw8",Netral
"Rekor terlama tanpa keracunan: 4 hari

Minggu pertama ga dihitung soalnya sppg libur",Netral
"Makan Bergizi Gratis tingkatkan gizi pada anak. Program ini memastikan asupan seimbang, dukung tumbuh kembang optimal &amp; kesehatan jangka panjang. Gizi hari ini, masa depan gemilang esok. #IndonesiaTerang #mbginvestasibangsa #MBG https://t.co/EUeV1oYyiP",Positif
"Kebijakan program Makan Bergizi Gratis ini merupakan amanat Presiden Republik Indonesia yang diatur dalam Peraturan Presiden Nomor 115 Tahun 2025 dengan fokus pada pelibatan UMKM dan produk dalam negeri.

#MakanBergiziGratis #BGN #SPPG",Netral
"@AntonSubagia @TaliUdeng @RaniKancana Program MBG (Makan Bergizi Gratis) bertujuan tingkatkan gizi anak sekolah, tapi ada isu keracunan makanan. Januari 2026, insiden di Kudus (32 siswa SMAN 2) &amp; Grobogan (803 siswa) dilaporkan. Total kasus sejak 2025 ribuan, tapi pemerintah klaim menurun &amp; lanjut evaluasi, termasuk",Netral
Menko Pangan meninjau langsung pelaksanaan Program Makan Bergizi Gratis untuk memastikan kualitas gizi ketepatan distribusi serta kontribusinya dalam memperkuat ketahanan pangan nasional https://t.co/Ux20sqmfcV,Netral
"@yavieshou @gilbhas Menurut Badan Gizi Nasional (BGN), biaya pengobatan di rumah sakit untuk murid yang keracunan dari program Makan Bergizi Gratis (MBG) ditanggung sepenuhnya oleh pemerintah. Orang tua, sekolah, dan pemda tidak perlu bayar. Kebijakan ini masih berlaku per Januari 2026.",Netral
"@hotzpace @P3gEl @aseptikteng tampaknya merujuk program Makan Bergizi Gratis di Indonesia. Menurut laporan, telah menjangkau jutaan orang sejak 2025, tapi ada kasus keracunan makanan baru-baru ini. Bagaimana menurutmu?",Negatif
Gimana ya reaksi orang tua setelah lihat anaknya keracunan di depan mata mereka karena makan beracun gratis ini,Negatif
"@FayaAtika @MarahIchsan Ini kejadian keracunan massal dari program Makan Bergizi Gratis (MBG) di Kabupaten Bandung Barat, Jawa Barat, Indonesia. Lebih dari 1.000 siswa terdampak dalam 4 hari, dengan kasus terbaru di Cipongkor dan sekitarnya.",Netral
"Korban Keracunan MBG di Simpenan Sukabumi Terus Bertambah, Puskesmas Siaga Makan Bergizi Gratis (MBG) di Desa Loji, Kec. Simpenan, Kab. Sukabumi, Jawa Barat, Rabu (28/1/2026)
Keracunan yang dipicu tahu berjamur dalam menu Makan Bergizi Gratis https://t.co/rDsFQKovWG",Netral
"Puluhan siswa SMAN 2 Kudus mendadak mengalami pusing, mual, hingga diare usai menyantap Makan Bergizi Gratis (MBG). Beberapa siswa harus diobservasi di sekolah, sementara lainnya dirujuk ke rumah sakit. 

Selengkapnya di https://t.co/i1njX6FAHc https://t.co/uov1dbSclV",Netral
"Presiden dan BGN membiarkan keracunan terus terjadi, tanpa hukuman thd pelakunya. 
#KejahatanHAM 
#MakananBeracunGratis",Negatif
"Lu pada ngomel sama tweet ini seolah gue makan gacoan lv 8 tiap hari/seminggu sekali, smh 🙄😪

Padahal makan gacoan cuma sebulan sekali + aku tau batasanku.
Aku menghargai concern kalian, tp bbrp ada yg ngeselin wording-nya

Junk food BOLEH dimakan selama sbg makanan",Negatif
"@ommi_siregar Kok ga ada anak pejabat yg kena Makanan Beracun Gratis ini ya.?
Herman deh..",Negatif
"@pranotho @indepenSumatera Ini kasus dugaan keracunan massal di SMA Negeri 2 Kudus pada 29 Januari 2026. Ratusan siswa mengalami mual, muntah, dan diare setelah makan program Makan Bergizi Gratis (MBG) berupa soto ayam. Sebanyak 118 siswa dirawat di RS, vendor minta maaf dan janji tanggung jawab. Masih",Netral
"70 Siswa SMAN 2 Kudus Diduga Keracunan Makanan Program Makan Bergizi Gratis

Puluhan siswa dilaporkan mengalami gejala keracunan. Baca kronologinya.

https://t.co/aXZOel9Pqi",Netral
"Makan Bergizi Gratis

Caranya @grok 
Pakai pakaian Rapi
Datangi Orang Hajatan
Duduk Manis nunggu Hidangan diantar, atau langsung ke tempat makanan

Kalau Diusir, jawab begini
Ini Hajatan kan Syukuran. Saya minta makan. Makanan ini tidak dijual untuk orang yang mau Bayar pakai",Positif
"@_rareti Sepertinya ada kesalahan tulis, kejadiannya di SMAN 2 Kudus (bukan SMKN). Pada 28 Jan 2026, sekitar 64-70 siswa keracunan setelah makan dari program Makan Bergizi Gratis (MBG), diduga makanan basi seperti soto ayam. Gejala: diare, pusing, mual. Mereka dirawat di beberapa RS",Negatif
"udah ganti singkatan MBG antara

Makan Beracun Gratis
Makan Basi Gratis
Makan Belatung Gratis
Makan Bangke Gratis

pilih dah",Negatif
"Ini judulnya Makan Bergizi Gratis bonusnya Berobat Berbayar

😭😭😭",Netral
"Pemerintah pastikan program Makan Bergizi Gratis (MBG) tetap berjalan selama Ramadan 2026. Guna mendukung siswa berpuasa, menu kini disesuaikan menjadi paket makanan kering yang praktis. Kira-kira menunya apa saja ya? Yuk, geser sampai slide akhir!

Update berita selengkapnya di https://t.co/1qQ7ccReMP",Netral
"Kasus keracunan usai menyantap MBG terjadi di Kudus, Jateng. Korbannya ratusan. Mereka bergerjala usai santap MBG, yaitu ayam suwir dan kuah soto. #Kesehatan #AdadiKompas

https://t.co/u4hXohwOO1",Netral
Teuk yg pernah nabrak anak-anak. Isinya makanan beracun gratis,Negatif
"bahkan sekedar makan bergizi gratis pun berakhir beracun. janji segini banyak muspro semua gimana ceritanya, sih?",Negatif
"@AntonSubagia @TaliUdeng @RaniKancana Menu MBG dirancang beri gizi: protein dari ayam, karbohidrat dari nasi, vitamin dari toge &amp; kelengkeng (contoh Kudus). Tapi jika terkontaminasi (bau busuk/bakteri), manfaat hilang &amp; picu keracunan seperti mual/diare. Kasus Jan 2026: 32-91 siswa SMAN 2 Kudus. Sumber: MuriaNews,",Netral
@MurtadhaOne1 Namanya juga program MBG. Makan Beracun Gratis.,Netral
"Pejabat2 Pemerintah, Institusi2 &amp; Wakil2 Rakyat Ngr ini punya akal&amp;nurani nggak sih bgitu seringnya Murid2 Sekolah keracunan MBG yg sdh jelas2 trbukti brbahaya, jorok&amp;tdk aman, tp tdk ada satupun Pengelola MBG yg ditindak. Es Gabus yg blm jls brbahaya justru dipukuli Penjualnya",Negatif
"habis ini muncul penelitian
“Pengaruh Makan Bergizi Gratis (MBG) Terhadap Kecerdasan Peserta Didik SD: Studi Kasus Pada Korban Keracunan”",Netral
"@AntonSubagia @TaliUdeng @RaniKancana @elonmusk Maaf jika jawaban sebelumnya kurang tepat. Dalam menu MBG yang terkontaminasi racun, nilai gizi seperti protein dan vitamin hilang efektivitasnya karena keracunan menyebabkan bahaya kesehatan, bukan manfaat bagi siswa. Hingga Jan 2026, ribuan kasus dilaporkan tanpa penangkapan",Negatif
Pemerintah memastikan Program Makan Bergizi Gratis (MBG) tetap berjalan selama bulan Ramadhan 1447 Hijriah dengan penyesuaian mekanisme layanan bagi peserta didik dan kelompok penerima manfaat.https://t.co/NAiu8HqEfB,Netral
"@Jateng_Twit Program MBG sukses

MBG = Makanan Beracun Gratis",Netral
Program Makan Bergizi Gratis Sangat Berkaitan dalam Perspektif Maqashid Syariah https://t.co/OQ9jGV0rwH,Positif
AWOWKWKWK AKIBAT MBG (MAKAN BERACUN GRATIS),Negatif
"@AntonSubagia @TaliUdeng @RaniKancana Menu MBG dirancang beri gizi: protein dari ayam, karbohidrat dari nasi, vitamin dari toge &amp; kelengkeng. Tapi jika beracun (kontaminasi bakteri/bau busuk), manfaat hilang &amp; justru picu keracunan seperti diare/mual pada siswa. Kasus Kudus: 32-91 siswa terdampak. Sumber: Detik,",Negatif
"Sedikitnya 70 siswa SMAN 2 Kudus keracunan massal. Mereka mengalami gejala keracunan setelah menyantap menu Makan Bergizi Gratis (MBG), Kamis (29/1).

Selanjutnya ⬇️ https://t.co/h0v5ywizAh",Netral
"Pemerintah Kabupaten Kudus, Jawa Tengah bersama unsur TNI dan Polri bergerak cepat menangani dugaan keracunan massal yang dialami 70 siswa SMA Negeri 2 Kudus setelah menyantap menu Program Makan Bergizi Gratis (MBG), Kamis.https://t.co/7fN3QPQzfl",Netral
"@Untuk_Pelupa Haha, ide kreatif! Tapi kalau mau makan bergizi gratis yang lebih aman, coba program pemerintah seperti bantuan pangan atau kantin sekolah. Atau, volunteer di acara amal—sering ada makanan gratis. Jangan lupa, kesehatan dulu ya! 😊",Positif
"SMPN 2 Kuwus di Manggarai Barat, NTT, menolak pembagian menu Makan Bergizi Gratis (MBG) setelah ratusan siswa di daerah itu mengalami keracunan.
https://t.co/pDNdpFRQWg",Netral
"@anwar_zharif @MurtadhaOne1 The post discusses ongoing issues with Indonesia's ""Makan Bergizi Gratis"" (MBG) program, a free school meal initiative. Translation: ""MBG victims keep piling up. They are Indonesia's children, the nation's hope. Instead of fixing the system, the government pays buzzers🤬. This",Netral
"@bimadwimukti @KangManto123 Berdasarkan data hingga Januari 2026 dari sumber beragam (pemerintah, media seperti Tempo &amp; BBC):

- Makan Siang Gratis: Terealisasi sebagai Program Makan Bergizi Gratis (MBG) untuk 55 juta penerima, meski ada isu distribusi &amp; anggaran.
- Kesehatan Gak Bayar: Parsial, dengan cek",Netral
"@senjatanuklir Capcay
Ayam kecap tanpa digoreng
Ikan kuning
Pampis
Ayam panggang 
Rawon daging tanpa lemak
Semua pepesan
Trancam
Urap
Gado²
Tahu campur daging tanpa lemak
Sip ayam
Lomie
Doenjang chicken 
Sogogi jjim
Ayam kung pao ranpa digoreng

Kayanya semua bisa dibikin sehat.",Positif
"Program Makan Bergizi Gratis tetap berjalan selama Ramadhan 2026. Menko Pangan Zulkifli Hasan menyatakan pembagian dan menu akan disesuaikan dengan kondisi murid yang berpuasa. Untuk siswa muslim, makanan dibagikan dalam bentuk makanan kering, sementara sekolah nonmuslim berjalan https://t.co/cxJTNXIKDK",Netral
"@kenhans03 NGGAK SALAH DONG RAKYAT BERPIKIRAN BHW INI PEMBUNUHAN ANAK2 SEKOLAH SCR TIDAK LANGSUNG DG BANYAKNYA KERACUNAN. TANPA ADA TINDAKAN PERBAIKAN JUSTRU YG ADA PEMBIARAN. Nyawa manusia itu bukan sekedar angka, woooiii... 
Memang tdk pantas dihargai sama sekali Makan Beracun Gratis ini",Negatif
"Dan paling gong nya temen gua blng ""masih mending kita dikasih makanan bergizi gratis"" wht?? Ini yg dibilang bergizi?ini mah makan beracun gratis",Positif
"Kamis kelabu di  SMAN2 Kudus.Apa yg bermula sebagai jam pelajaran,berakhir menjadi operasi penyelamatan masal yg mencekam.Raungan sirine ambulans yg membelah kemacetan Kota Kretek ini bkan simulasi,tapi jeritan dari ratusan siswa yang tumbang akibat""Makan Bergizi Gratis"" https://t.co/aDv7war1v7",Netral
"Belum ditemukan korelasi yang gratis2, yang sudah ditemukan keracunan, makan berjamur, berulat, basi, pengelola makin banyak cuan demikian pemberi dan pembuat kebijakan semakin kaya, terus berfikir cerdas, kritid, logis dan salam waras",Negatif
Kalo di negara pancasila gw dah abis tuh digebugin,Negatif
"@indepenSumatera Dan ingat.. 

Ini belum termasuk makanan basi, makanan ber ulat, makanan ber serangga, makanan ga layak, yang sangat berpotensi meracuni anak anak penerima MBG 
(untungnya ga sempat dimakan) 

Kalau jadi dimakan dan menyebabkan keracunan, jumlah keracunan tentu meroket",Negatif
waktu gw sekolah beritanya siswa siswi kesurupan massal. eh sekarang beritanya keracunan massal🫸 keracunan MBG lagi🫸 program pemerintah🫸,Negatif
"PROYEK MAKAN BERACUN GRATIS 

DIGARANSI ALLAH 
DIGARAP IBLIS, POCONG, GENDRUWO, KUNTILANAK MERAH dan KUYANG https://t.co/dYQqSnysWM",Negatif
"Badan Gizi Nasional (BGN) tutup sementara operasional dapur Satuan  Pelayanan Pemenuhan Gizi (SPPG) Meruya Selatan, Jakarta Barat, imbas  dugaan 20 siswa SDN 01 Meruya Selatan keracunan menu Program Makan Bergizi  Gratis (MBG).

“Kami ditutup sementara sampai hasil Labkesda https://t.co/hh5VtMlhQO",Netral
"❌ Video Siswa Keracunan MBG 18 Januari 2026 

✅ Konteks yang salah (false context). Faktanya, konteks video merupakan kasus keracunan menu Makan Bergizi Gratis (MBG) di Cipongkor, Bandung Barat pada Rabu (24/10/2025). 

🔗 Selengkapnya di https://t.co/pkJTt6vT0N #LawanHoax https://t.co/C5L8W1beJW",Netral
"Kejadian Luar Biasa (KLB) pada Program Makan Bergizi Gratis (MBG) yakni keracunan tidak boleh lagu terjadi di DIY. Guna mencegahnya, Pemda DIY mulai menjalankan program MBG dengan berlandaskan empat pilar utama.

#PemdaDIY
#JogjaIstimewa
#HumasJogja https://t.co/ejJGs7wm9k",Positif
"Pemerhati pendidikan dan isu kesehatan mental di sekolah sekaligus asesor kompetensi hipnoterapi BNSP RI, I Dewa Gede Sayang Adi Yadnya, mengatakan bahwa kasus keracunan MBG (Makan Bergizi Gratis) tidak hanya melukai tubuh.  https://t.co/gfTmQNp6Kx",Netral
"Pemerintah Kabupaten Batang, Jawa Tengah menginformasikan, penyebab keracunan yang menimpa sekitar 800 siswa SMK Negeri Kandeman  belum lama ini adalah bakteri Escherichia coli (E-coli) pada menu  program Makan Bergizi Gratis (MBG).

Pelaksana Tugas Kepala Dinas  Kesehatan https://t.co/eV1h81i17o",Netral
"Sebanyak 50 siswa dari sejumlah sekolah dasar dan satu sekolah menengah kejuruan di Kota Bogor diduga mengalami keracunan usai menyantap menu Makan Bergizi Gratis (MBG) yang dibagikan pada Jumat (14/11/2025).

Baca di sini: https://t.co/zqR8Fmc1KN

~TA #MakanBergiziGratis https://t.co/nBCygQfTgJ",Netral
"Rapat Evaluasi Program Makan Bergizi Gratis, Dandim 0729/Bantul Tekankan Penerapan SOP Demi Cegah Keracunan https://t.co/eMGTaiZI82",Netral
"17 siswa SMPN 1 Kendal mengalami gejala keracunan setelah menyantap Makan Bergizi Gratis (MBG). Berdasarkan hasil pemeriksaan, penyebab keracunan itu dari menu sayur pakcoi yang dinilai sudah tidak layak dikonsumsi.

Layak gak sih ini dipidanakan ? https://t.co/b99B69jEWe",Negatif
"Kepala Badan Gizi Nasional (BGN) Dadan Hindayana menyebut bahwa penerima manfaat program Makan Bergizi Gratis (MBG) mencapai 41,6 juta orang hingga 11 November 2025. Namun, dalam pemaparannya, Dadan juga mengungkapkan sebanyak 11.640 orang mengalami keracunan makanan usai https://t.co/nwWmgTzvk4",Netral
"Kepala Badan Gizi Nasional (BGN) Dadan Hindayana menyebutkan, kasus keracunan program Makan Bergizi Gratis (MBG) di Jawa Barat (Jabar) terjadi akibat masalah air dan infeksi nitrit yang tinggi.

""Terkait kajian masalah, betul masalah lebih banyak di Jawa Barat. Garut, Cianjur, https://t.co/NDrdQ41Try",Netral
Dinkes Siak Uji Sampel Pasca Siswa SMKN 1 Kandis Diduga Keracunan Makan Bergizi Gratis https://t.co/QxciPWZVTM,Netral
BGN Akui 48 Persen Kasus Keracunan Pangan Berasal dari Makan Bergizi Gratis https://t.co/Ikfck19Wu5,Netral
"Kasus keracunan massal akibat program Makan Bergizi Gratis (MBG) kembali terjadi di Kabupaten Bandung Barat (KBB), Jawa Barat. Kali ini keracunan dialami belasan siswa SMP Bina Karya di Desa Cimanggu, Kecamatan Ngamprah, Selasa (11/11/2025).

Baca di: https://t.co/m4VPpDByyC.

| https://t.co/Wj1VrbbuHt",Netral
Sebanyak 17 siswa SMPN 1 Kendal alami gejala keracunan usai menyantap Makan Bergizi Gratis. Penyebab keracunan itu diduga dari menu sayur pakcoi. https://t.co/oWyNFSlwxj,Netral
Dapur MBG Polres OKI Terapkan Sanitasi Ketat Antisipasi Risiko Keracunan. SPPG Polres Ogan Komering Ilir menjadi salah satu dapur yang menyalurkan makan bergizi gratis (MBG). SPPG ini berkomitmen menjaga kualitas dan higienitas mulai dari penyiapan bahan hingga didistribusikan. https://t.co/ki8yKF5FHp,Positif
"Cegah Keracunan 2026, BGN Siap Tutup Dapur Makan Bergizi Gratis

https://t.co/UnEg7brtdH",Netral
Kasus keracunan akibat menu Makan Bergizi Gratis di Kabupaten Bandung Barat kembali terjadi. Sebanyak 21 siswa SMP mengalami gejala keracunan. https://t.co/ug9sYDolSD,Netral
"Sebanyak 80 siswa di Raja Ampat, Papua Barat Daya, diduga keracunan setelah menyantap menu Makan Bergizi Gratis. Mereka kini mendapatkan penanganan di rumah sakit. https://t.co/wiXqJUymxc",Netral
"Sebanyak 50 siswa SD dan SMA diduga mengalami keracunan usai menyantap menu makan bergizi gratis di Bogor Selatan. Para siswa alami mual, pusing hingga muntah. https://t.co/MqheE6113z",Netral
Presiden Prabowo tanggapi kasus keracunan Makan Bergizi Gratis. Dia mengaku kerap salah makan saat di rumah lantaran kurang cuci tangan. https://t.co/nkNk4nVVEH,Netral
Makan Bergizi Gratis meningkatkan konsumsi produk pangan lokal. #MBGDorongEkonomi https://t.co/BuVCUeKQyk,Netral
"Dukung Program Makan Bergizi Gratis untuk anak-anak di Papua 
#papua #papuatengah #papuahits #jayapura #nabire #jayawijaya #merauke https://t.co/puA4SJcnra",Netral
"HAHAHAHAH akui sajalah ikn ini flop?? makan siang gratis otw mangkrak juga, yakinlah🤣 jokowi dan prabowo spesialis buang² anggaran demi project tolol dan ga sustain🫵🏽🤣",Negatif
"gpp, yg penting anak² dpt MAKAN BERGIZI GRATIS
mau angkutan umum mahal, gas melon susah, bbm subsidi langka, pajak naik. Ga masalah",Negatif
Program makan siang gratis,Netral
"Makan Bergizi Gratis membantu memperkenalkan makanan bergizi dan lokal kepada masyarakat luas, mendukung UMKM untuk berkembang. #MBGDorongEkonomi",Positif
Fulan mengusulkan french fries + cheeseburger McD jadi menu program makan bergizi gratis,Netral
"ak loh UMKM pangan yang jadi lebih stabil berkat makan bergizi gratis, solusi keren #MBGDorongEkonomi",Positif
"Pasutri Berhenti Jadi Relawan Makan Siang Gratis karena Gaji Tak Jelas, Tiap Hari Kerja Jam 1 Pagi
 
https://t.co/9eQqRrlgk2 via @tribunnews",Negatif
Program makan bergizi gratis memperkuat kemandirian ekonomi masyarakat. #MBGDorongEkonomi,Netral
Makan Bergizi Gratis adalah harapan baru buat UMKM pangan bangkit. Ayo partisipasi! #MBGDorongEkonomi,Netral
Program Makan Bergizi Gratis menjadi peluang emas bagi usaha kecil di sektor pangan. #MBGDorongEkonomi,Netral
UMKM pangan dapat kesempatan emas lewat program makan bergizi gratis #MBGDorongEkonomi,Netral
(HOAX) Makan Bergizi Gratis MBG MEMBUAT SISWA MUNTAH https://t.co/rvHgT2Qt3E,Netral
Gue gapapa bayar pajak mahal buat makan siang gratis asal makanannya begini. RIDHO,Positif
"Dengan Makan Bergizi Gratis, ekonomi jalan, UMKM makin eksis, masyarakat pun makin sehat #MBGDorongEkonomi",Positif
UMKM pangan naik daun gara-gara Makan Bergizi Gratis. Dampak ekonominya tembus semua sektor #MBGDorongEkonomi,Positif
Program Makan Bergizi Gratis menjadi peluang besar bagi UMKM untuk berkembang. #MBGDorongEkonomi,Positif
"Kalau kita dukung Makan Bergizi Gratis, UMKM pangan bisa berkembang pesat. Biar semua merasakan manfaat ekonominya #MBGDorongEkonomi",Positif
UMKM pangan jadi lebih inovatif dengan dukungan Makan Bergizi Gratis #MBGDorongEkonomi,Netral
"Makan bergizi gratis dorong UMKM pangan biar lebih produktif, kesejahteraan kian terasa #MBGDorongEkonomi https://t.co/kmO1GT2lkA",Netral
"TNI-Polri ikut serta mendukung program Makan Bergizi Gratis untuk mewujudkan Asta Cita.

#MakanBergiziBangunNegeri #tni #polripresisi #prabowo https://t.co/U2q2BfRtjP",Netral
"Program Makan Bergizi Gratis dapat mengurangi angka malnutrisi dan stunting

#makanbegizigratis
#visipresidenprabowo
#indonesia https://t.co/bJOhHZ8Yj3",Netral
"Kasi Intelijen, Akhmad Putra Dwi, S.H. menghadiri giat pelaksanaan uji coba Makan Bergizi Gratis (MBG) di Kabupaten Bantaeng untuk anak SD Inpres Kalammassang, Desa Layoa, Gantarangkeke, Bantaeng. https://t.co/Xdf07viCVU",Netral
"Satunya ngebet bangun kota, yg sekarang kebelet makan siang gratis. Mending bubarin aja nih negara beban",Negatif
Dukung UMKM berkembang dengan semangat makan bergizi gratis #MBGDorongEkonomi,Positif
"Dengan 171 Triliun untuk makan bergizi gratis, masa depan anak-anak kita bakal berwarna cerah dan penuh harapan #MBGDorongEkonomi",Positif
"MARI DUKUNG PROGRAM PEMERINTAH

Makan Bergizi Gratis membantu anak-anak di Papua untuk tumbuh cerdas dan sehat.

#MakanBergizi #GiziIndonesia #Makangratis #Gizi #MBG https://t.co/mB002HZIpi",Netral
Lebih penting makan siang gratis dibanding ngongkosin siswa yg naik sekolah pake angkutan umum ya,Positif
"Aksi protes MBG terus berlanjut di Papua.

Mereka lebih paham pentingnya pendidikan daripada hanya sekedar makanan . https://t.co/h6P6nZsK6x",Negatif
"kunjungan ketua umum Bhayangkari, dalam rangka uji coba masak skala kecil, program makan bergizi gratis https://t.co/anQTXvoT6X",Netral
"Menteri Wihaji Bagikan Paket Makan Bergizi Gratis dari Rumah ke Rumah
 
Mendukbangga, Wihaji

#golkarindonesia #golkarpedia #golkarsolid #partaigolkar #bahlilahadalia #wihaji https://t.co/eabwL39H8r",Netral
"Program Makan Bergizi Gratis merupakan program prioritas Pemerintah Indonesia yang sejalan dengan program SGDs. Jadi kita semua harus dukung dan pastikan seluruh anak Indonesia mendapatkan manfaat ini!

#makangratis #makanbergiziuntukmasadepan #mbg #prabowo https://t.co/Yj2fsYJAHc",Positif
"udah mau masuk bulan puasa, kira-kira nanti makan siang gratis nasibnya gimana ya?🗿
#Ramadan",Netral
"last makan siang gratis kantor, sebelum hunting takjil🔥🔥

sisa pisang doang, yg lain dah abis hehe https://t.co/8XUXqKrSzA",Negatif
"Sejumlah tokoh agama, tokoh masyarakat di Papua menyatakan dukungan mereka terhadap program Makan Bergizi Gratis yang diinisiasi oleh pemerintah. Program ini bertujuan untuk meningkatkan kesejahteraan masyarakat, khususnya anak-anak, dengan memberikan akses makanan bergizi gratis https://t.co/NFxSyQeoS5",Netral
Menu Menu Makan Bergizi Gratis Kalbar dipastikan penuh gizi dan nutrisi #kalbar https://t.co/TsswQRgiB4,Positif
Makan Bergizi Gratis Kalbar akan bawa banyak manfaat bagi generasi muda #kalbar https://t.co/EOVbK3eZJg,Positif
"Kalo Puasa Ramadhan gini, itu program Makan siang gratis gimana? Masa dibungkus ? Apa kaga basi tu makanan? Bukannya itu wadahnya bukan milik pribadi dan gabisa dibawa pulang ya?",Negatif
"sumpahh gue selalu mikir kalau program mbg (makan bergizi gratis) yg dibuat prabowo sebagus lo catering sama yellowfit kitchen WOW banget gaksii 😮‍💨😮‍💨 kyk itu baru beneran mbg,,, yaa tp gituudehhh itukan ga murahh yaaa wakk,,, berapa juta anak sklh di indo + blm di korupsi 😬😬",Negatif
"Tadi iseng nanya ke mamah terkait program MBG karena punya adik yang masih SD. ""Mah, sd dapet program makan gratis gak?"", dia jawab ""Nggak. MBG gak sampe ke kita tapi sekolah-sekolah elit (negeri yang bagus di kota).""",Positif
Bahagianya Anak-anak di Papua Sambut Program Makan Bergizi Gratis. https://t.co/EU6ilguzsD,Netral
Makan bergizi gratis pas bulan puasa tetap bakal jalan gk ya?,Positif
"Dukung Program Makan Bergizi Gratis untuk anak-anak di Papua 
#papua #papuatengah #papuahits #jayapura #nabire #jayawijaya #merauke #mbg https://t.co/XK27RybC1O",Netral
"ya Allah gmn ini, masa solusinya makan siang gratis sih",Negatif
Anak – Anak Papua Menikmati Program Makan Bergizi Gratis #makanbergizi #makanbergizigratis https://t.co/DXUEBu6e75,Netral
Polrestabes Palembang Berbagi Makan Siang Gratis Melalui Polsek Ilir Barat II https://t.co/tHHHBkFCkZ,Netral
"ya ini lah hasil dari dikasih makan siang gratis, orang orangnya jd pada males soalnya tau gmn juga ya anak anaknya ttp makan. Pdhl harusnya pemerintah buat kemudahan dmn para ortu bisa kasih makanan layak ke anak anaknya.",Negatif
makan siang gratis,Positif
"Banyak Penolakan Makan Bergizi Gratis di Papua, Kepala BGN: Mungkin Belum Tahu Manfaatnya

https://t.co/WoRChZhgYF",Negatif
"Indonesia Ajak PBB Dukung Program Makan Bergizi Gratis
https://t.co/4uRVzfhJGR",Netral
"Makan Bergizi Gratis Saat Ramadan: yang Puasa Bisa Bawa Pulang

https://t.co/VgI76JQFok",Positif
"Menurut gw dengan MBG model gini yang diterapin pemerintah, gw tau hal2 begini spt makanan udah gak seger, bau, berulat, dll pasti akan kejadian, dan akannterus terjadi. Jalan satu2nya, setop program MBG ini, benahin dulu perekonomian, pendidikan, kesehatan, dll. 

Setelah https://t.co/5eowgpZgYs",Negatif
"#Makan Siang #Gratis anggaranya hemat/beku 1 bulan kedepan 

#jogja #anggaran",Positif
Baru ngeh ternyata di MBG ada iklannya di Billboard,Netral
"Kepala Badan Gizi Nasional (BGN) Dadan Hindaya menyatakan bahwa anggaran operasional untuk program Makan Bergizi Gratis (MBG) di daerah tertinggal, terdepan, dan terluar (3T) sepenuhnya ditanggung oleh Pemerintah Pusat. https://t.co/9fPz9y6Xzl",Netral
Kepala Badan Gizi Nasional (BGN) Dadan Hindayana memberikan tanggapan terkait viralnya laporan menu Makanan Bergizi Gratis (MBG) yang belum matang di media sosial. https://t.co/CDB7eQL60Q,Netral
Pemerintah liat ini dan berpikir: wah sudah tepat dong makan siang gratis,Negatif
Kepala BGN Dadan Hindayana meminta para pihak yang menyediakan program Makan Bergizi Gratis untuk mengunggah video memasak di media sosial guna bisa dikontrol secara seksama. Hal ini menyusul banyaknya kritikan ketidaksiapan dalam pelaksanaan MBG. https://t.co/VyjDA2GAlC,Netral
pemerintah ga mau ganti program makan siang gratis sama program satu rumah satu ivan apa,Netral
"@AirinDatangLagi Di mana makan bergizi gratis tu ... 
Di SD atau SMP yg di pedesaan rasanya belum ada ..
Sudah puasa  nanti libur panjang lagi .. namun MBG tu tak kunjung jua  kecuali anggaran nya tetap dan habis ?",Negatif
"100 Anak Sekolah Diduga Keracunan Usai Santap Makan Bergizi Gratis (MBG), Kepala BGN Angkat Suara 
https://t.co/i7wPulmAfy",Netral
"Setiap hari, kami evaluasi program makan bergizi gratis untuk memastikan tiap anak mendapat nutrisi terbaik. #MakanBergiziCegahStunting #MakanBergiziSetiapHari https://t.co/SOUwkly9mc",Netral
"Anggaran MBG 71 T untuk tahun 2025. Dilaksanakan bertahap. 

Sampai saat ini setahuku pemerintah masih berusaha memperluas wilayah layanan MBG dari target awal. 

Lihat nanti bulan Juni/Juli 2025, apakah anggaran 71 T bisa terserap semua?",Netral
Selain itu juga dijelaskan bagaimana OJK membantu pemerintah mensukseskan program-program prioritas seperti makan bergizi gratis dan rumah murah dari sisi keuangan.,Netral
"Penyedia Makan Bergizi Gratis Wajib Unggah Menu di Medsos, Ini Tujuannya Menurut Kepala BGN https://t.co/UpeYhFJLk1",Netral
Sukseskan Makan Bergizi Gratis #makanbergizigratis #mbg #papua https://t.co/YJhnYwvANO,Netral
"Komedi bohong yang elit :
- makan bergizi gratis.
- Indonesia maju.
By Virzha Logika",Negatif
makan siang gratis bersama n.flying,Positif
"ikut nangis dengerin curhatan mbak endang yang di phk sritex. yang muda masih bisa cari kerja di pabrik lain, tapi yang umurnya sudah lebih dari usia produktif bingung harus gimana. anaknya mbak endang emang dapat makan siang gratis, tapi di rumah ga bisa makan.",Negatif
"udah lah klo ga bisa ngasih makan siang gratis gapapa kok toh juga selama ini kita ga ada makan gratis di sekolah jg yg jiat sekolah ttp mau berangkat sekolah 😞😞 kasiah njir mana paham kuliah online, sekolah online setahun aja jd ngang ngonh",Negatif
program makan bergizi gratis buat yang muslim dituker jadi voucher takjil gratis ga?,Netral
"Hmmm... Mendem 😭
""MBG... MBG... ? 
@widarto63285827
@jokerb2632
@1000TpErtamina
@ritageulis
@BimoMarselino
@Yoen__AR
@Arsakha_Ds2
@Agus_tongseng
@Dewasenja280781
@Blemod
@IgnatiusAri
@11ALS88
@abah_saka
@alergipagar
@AntoniusCDN
@Ary_PrasKe2
@AlyaNida22
@1000TpErtamina
🙏🙄",Negatif
1 BUMN 1 kuadtriliyun negara bisa makan bergizi gratis tanpa dibuat rugi dulu baru terpaksa di merger dompetnya ke danantara.,Netral
"- sebutin ciri2 dir core selain laki 2d berotot bernenen gede
- tanyain kl pny 2 oshi di suatu fandom prefer yumein keduanya ato ship them w/ each other
- sapa aj oshi wreckers dir di grup kpop favnya
- G di MBG (dir's version) stands for ?",Netral
"SORRY YEEEE
Maafkan diri ini belum setransparan pembuatan RUU TNIMasih banyak salah spt pendirian Danantara
Acap berkata kasar mengucapkan Ndasmu
Teriring salam kehangatan yg dpt memenuhi raga spt Makan Bergizi Gratis
Oke Gas menuju kemenangan, selamat Hari Idul Fitri 1446",Positif
"PEMERINTAH TINGKATKAN KUALITAS KESEJAHTERAAN DAN PENDIDIKAN MELALUI MAKAN BERGIZI GRATIS 
#Fakta
#CekFakta
#EkonomiMembaik
#TransformasiDigital
#TerusTerang https://t.co/6waAgV6D7m",Netral
"@pamungkas_ari @ImaginarySteady Kedua program tampak bermanfaat bagi masyarakat. Program makan siang gratis bantu kesehatan dan pendidikan anak, targetkan 83 juta penerima sejak Januari 2025. IKN, ibu kota baru, dorong pertumbuhan ekonomi jangka panjang dan atasi kepadatan Jakarta, tapi biaya $35 miliar dan",Positif
Pemerintah pastikan menu makan bergizi gratis penuhi angka kecukupan gizi nasional #PenuhiGiziIndonesia https://t.co/Is0rniEhXw,Netral
"Maafkan bila belum setransparan pembuatan RUU TNI🪖✋️
Masih banyak salah seperti pendirian Danantara💱✍️
Acap berkata kasar dan mengucapkan Ndasmu😡😭
Teriring salam dan kehangatan yang dapat memenuhi raga seperti Makan Bergizi Gratis🍲🥖
Oke Gas, selamat Hari Idul Fitri☪️💕",Positif
"@prabowo SORRY YEEEE 🕌🙏

Maafkan diri ini bila belum setransparan pembuatan RUU TNI 🪖✋

Masih banyak salah seperti pendirian Danantara 💱✍

Acap berkata kasar dan mengucapkan Ndasmu 😡😭

Teriring salam dan kehangatan yang dapat memenuhi raga seperti Makan Bergizi Gratis 🍲🥖",Positif
biar apa ajg velocity kek bsa balikin anggaran mbg buat makmurin rakyat aja,Negatif
"SORRY YEEE, Maafkan diri ini bila belum bisa setransparan pembuatan RUU TNI. Masih banyak salah seperti pendirian Danantara. Teriring salam dan kehangatan yang dapat memenuhi raga seperti Makan Bergizi Gratis.
Oke Gas, selamat merayakan Hari Idul Fitri 1446 H!",Positif
"Indonesia kan PENDIDIKAN UDAH GRATIS, mending MAKAN SIANG GRATIS aja g sih 🤤",Negatif
Mampus lo indon makin diinjek2 yabg penting kenyang MBG omke gas omke gas,Negatif
"@BarisanPemudaRI Efisiensi Bullhlshit... Terlalu dipaksakan, klo lu bela, jatuhnya lu malah terlihat tolol, krn awalnya ditujukan untuk makan siang gratis, faktanya malah untuk danatara yg programnya sama sekali tdk ada di APBN...",Negatif
"pendidikan gratis itu gaada gunanya. buat apa pendidikan gratis kalau rakyat masih kelaparan. buku dan teori tidak akan membuat perut kenyang dan menambah asupan gizi rakyat. lebih baik makan siang gratis, sudah terbukti merupakan program yang berdampak positif ke masyarakat.",Positif
"SORRY YEEEE
Maafkan diri ini bila belum setransparan pembuatan RUU TNI

Masih banyak salah seperti pendirian DANANTARA, berkata kasar dan mengucapkan NDASMU

Salam yang memenuhi raga seperti Makan Bergizi Gratis

OkeGas menuju kemenangan, 
Selamat Hari Raya Idul Fitri 1446H/2025",Positif
"Minal aidzin wal faizin mohon maaf lahir dan batin 🕌🙏

Maafkan diri ini bila belum setransparan pembuatan RUU TNI🪖 dan masih banyak kekurangan seperti pendirian Danantara💱✍️

Teriring salam dan kehangatan yang dapat memenuhi raga seperti Makan Bergizi Gratis 🍲🥖 https://t.co/7tLwZpirLz",Positif
"PROGRAM MAKAN BERGIZI GRATIS UNTUK ANEUK ACEH
Jak Ta Dukung Makan Bergizi Gratis Demi Masa Depan Aneuk Aceh
#PenuhiGiziIndonesia #Indonesiaemas #AstaCita #Indonesiamaju #GiziBaik #MakananBergizi https://t.co/mVMrqpekyD",Positif
"Maafkan diri ini bila belum setransparan pembuatan RUU TNI 🪖✋️

Masih banyak salah seperti pendirian Danantara 💱✍️

Teriring salam dan kehangatan yang dapat memenuhi raga seperti Makan Bergizi Gratis 🥖

Oke Gas menuju kemenangan, selamat merayakan Hari Idul Fitri 1446 H ☪️🎊",Positif
"Sinergi sehat, kolaborasi aksi bergizi dan makan bergizi gratis untuk generasi emas
#MakanBergiziGratis
#MBG
#ProgramMakanBergiziGratis
#ManfaatMBG https://t.co/QllmERIbFP",Positif
"Mari DukungMakan Bergizi Gratis UntukAnak-anak Aceh.
Pemerintah Tunjukkan Komitmen Untuk Anak-anak Sekolah Aceh Makan Bergizi Gratis
#PenuhiGiziIndonesia #Indonesiaemas #AstaCita #Indonesiamaju #GiziBaik #MakananBergizi https://t.co/X1z2YeA1OK",Netral
"SORRY YEEEE 🕌🙏
Maafkan diri ini bila belum setransparan pembuatan RUU TNI 🪖✋️
Masih banyak salah seperti pendirian Danantara 💱✍️
Acap berkata kasar dan mengucapkan Ndasmu 😡😭
Teriring salam dan kehangatan yang dapat memenuhi raga seperti Makan Bergizi Gratis 🍲🥖",Positif
"SORRY YEEEE 

Maafkan diri ini bila belum setransparan pembuatan RUU TNI 

Masih banyak salah seperti pendirian Danantara 💱

Acap berkata kasar dan mengucapkan Ndasmu 

Teriring salam dan kehangatan yang dapat memenuhi raga seperti Makan Bergizi Gratis 

minal aidzin",Positif
"Mari Kita Dukung
PROGRAM MAKAN BERGIZI GRATIS UNTUK ANAK-ANAK ACEH.
#Makan BergiziGratis #PenuhiGiziIndonesia #Indonesiaemas #AstaCita #Indonesiamaju #GiziBaik #MakananBergizi https://t.co/T5cUpOW2Km",Netral
"Staff mbg banyak yg gak dibayar/telat, ahli yg ngurus mbg dibayar cm 1jt/bln 

Yg ada malu. Stress ni presiden",Negatif
"SORRY YEEE, Maafkan diri ini bila belum bisa setransparan pembuatan RUU TNI. Masih banyak salah seperti pendirian Danantara. Teriring salam dan kehangatan yang dapat memenuhi raga seperti Makan Bergizi Gratis.
Oke Gas menuju kemenangan, selamat merayakan Hari Idul Fitri 1446 H!",Positif
"@pamungkas_ari @ImaginarySteady Setelah 5 bulan berkuasa sejak Oktober 2024, Prabowo-Gibran telah memulai 2 janji kampanye: program makan siang gratis untuk 80 juta anak (dimulai Januari 2025) dan proyek Ibu Kota Nusantara (berlanjut hingga 2029). Keduanya signifikan untuk kurangi kemiskinan dan kembangkan https://t.co/ExCJ1NfLuP",Netral
Kaget ceramah Shalat ied ada bahas MBG wkwk https://t.co/wUyV7vnhJX,Negatif
"Tingkatkan Kualitas Belajar
Anak-Anak Aceh.
Melalui Program Makan Bergizi Gratis.
Mari Kita Dukung Makan Bergizi Gratis Demi Masa Depan Anak Aceh
#PenuhiGiziIndonesia #Indonesiaemas #AstaCita #Indonesiamaju #GiziBaik #MakananBergizi https://t.co/tPPH0FeZ3D",Positif
"SORRY YEEEE 🕌🙏
mfkan diri ini bila blm setransparan pembuatan RUU TNI 🪖✋️
Masih banyak slah spti pendirian Danantara 💱✍️ 
Acap berkata ksar dan mengucapkan Ndasmu 😡😭
Teriring slm dan khngtan yang dpt memenuhi raga spti Makan Bergizi Gratis 🍲🥖
Oke Gas menuju kemenangan🤙 https://t.co/8QJLCnSXhL",Positif
"SORRY YEEEE🕌🙏

Maafkan diri ini bila belum setransparan pembuatan RUU TNI 🪖✋️

Masih banyak salah seperti pendirian Danantara 💱✍️

Teriring salam dan kehangatan yang dapat memenuhi raga seperti MBG 🍲

Oke Gas menuju kemenangan, selamat merayakan Hari Idul Fitri 1446 H ☪️🎊",Positif
"Sempat membuat perseteruan karena terang-terangan bilang ingin pemerintah runtuh di rumah sanak saudara wkwk, tapi ga sampe debat gitu sih, kok bisa bilang pbw ingin memberantas korupsi. Orang dia bikin mbg aja ga dipikir dan risiko penggelapan dananya besar",Negatif
"SORRY YEEE🕌🙏

Maafkan diri ini bila belum setransparan pembuatan RUU TNI👊✋️

Msh banyak salah seperti pendirian Danantara✍️

Acap berkata kasar &amp; mengucapkan Ndasmu🤬

Teriring salam dan kehangatan yg dpt memenuhi raga spt Makan Bergizi Gratis🥗

Oke Gas menuju kemenangan🎊",Positif
SORRY YEEEE 🕌🙏Maafkan diri ini bila belum setransparan pembuatan RUU TNI 🪖✋️Masih banyak salah seperti pendirian Danantara 💱✍️ Acap berkata kasar dan mengucapkan Ndasmu 😡😭 Teriring salam dan kehangatan yang dapat memenuhi raga seperti Makan Bergizi Gratis 🍲😹 #TolakUUTNI,Positif
Feb ve MBG 🙇‍♀️🩷🩷,Negatif
"Pendidikan dan kesehatan nggak penting kata si wowo, Bu/Pak Guru. 

Iya nggak, Dok @AymanAlatas 

Yang penting mbg. Perut nomor satu",Negatif
"@PolisiSalatiga Program Makan Bergizi Gratis (MBG) membuka peluang bagi UMKM pangan untuk berkembang. Dengan meningkatnya permintaan, UMKM dapat memperluas produksi, meningkatkan kualitas, dan menjangkau pasar lebih luas.
#ProgramMBG
#MakanBergiziGratis
#MBGMajukanUMKM
#UMKMMaju https://t.co/puNhb60Bdj",Positif
"Dukung Program Makan Bergizi Gratis di Papua 

#mbg 
#papuaviral https://t.co/LcISREedVQ",Netral
"Ada hak, ada kewajiban. Keduanya harus imbang dan rasional diterima akal sehat.
Jangan, pas ada haknya kenceng, pas dituntut kewajibannya lemes.
Makan siang gratis itu sebenarnya tidak ada.
Kewajiban itu harus ada dulu dan dilakukan, baru ada hak.
Jangan diputar balik.👉",Negatif
Makan Bergizi Gratis sangat penting untuk  #PenuhiGiziIndonesia,Positif
"SORRY YEEEE

Maafkan diri ini bila belum setransparan pembuatan RUU TNI, Masih banyak salah seperti pendirian Danantara, Acap berkata kasar dan mengucapkan Ndasmu, Teriring salam dan kehangatan yang dapat memenuhi raga seperti Makan Bergizi Gratis
selamat Hari Idul Fitri 1446 H🙏",Positif
"✨ MBG Papua: Nutrisi Lokal untuk Masa Depan yang Cerah ✨

Di balik senyum ceria anak-anak Papua, ada harapan baru yang tumbuh lewat Program Makan Bergizi Gratis (MBG). 
#MakanBergiziGratis #SehatBersamaMBG #NutrisiLokalPapua #GenerasiCerdasPapua #DukungMBG #PapuaSehat https://t.co/ZGy5Xs3h8e",Positif
"PMII Papua Barat Daya Mengajak Masyarakat Untuk Mendukung Program Makan Bergizi Gratis
-
#MakanBergiziGratis
#PapuaBaratDaya
#KotaSorong
#Sorong
#SorongSelatan
#maybrat
#Tambrauw
#RajaAmpat https://t.co/5RcpA4wjPL",Netral
"PMII Papua Barat Daya Mengajak Masyarakat Untuk Mendukung Program Makan Bergizi Gratis
-
#MakanBergiziGratis
#PapuaBaratDaya
#KotaSorong
#Sorong
#SorongSelatan
#maybrat
#Tambrauw
#RajaAmpat https://t.co/neFIMnKda6",Netral
"SORRY YEEEE 
Maafkan diri ini bila belum setransparan pembuatan RUU TNI, salah seperti pendirian Danantara, berkata kasar dan mengucapkan Ndasmu, teriring salam dan kehangatan seperti MBG, Oke Gas menuju kemenangan, Selamat merayakan Hari Idul Fitri 1446 H.",Positif
sini kerumah dapat thr dan makan siang gratis https://t.co/JD56A6mXOL,Netral
"""ngapain masak, kan udah ada mbg""",Negatif
"Dukung Program Makan Bergizi Gratis di Papua 

#mbg 
#papuaviral https://t.co/GuS091dxfB",Netral
"Cucok nih sama Khotib di lapangan Monjali. Singgung efisiensi, MBG, dan demo #IndonesiaGelap . 
“Demo adalah bentuk perhatian”. 🫰🏻",Netral
"Program makan bergizi gratis berdampak besar terhadap perkembangan generasi muda Indonesia

#PenuhiGiziIndonesia",Positif
"Program makan bergizi gratis bertujuan untuk meningkatkan gizi anak-anak Indonesia

#PenuhiGiziIndonesia",Netral
Anjingg Sarawak aja bisa begini kita malah makan bergizi gratis pantek,Negatif
alhamdulillah gaada celetukan makan siang gratis setelah menjawab jurusan dan kampus,Positif
"sebel bgt setiap ditanya kuliah ngambil jurusan apa, pas jawab gizi pasti ditanya ""oh berarti nanti ikut program prabowo yang makan bergizi gratis itu ya"" OGAH. CUIH. itu bergizi juga kagak",Negatif
Gak ada makan siang gratis,Negatif
"@akamari_denne Maafkn dri ini bla blum setrnsparan pmbuatn RUU TNI
Msih bnyak slah sperti pndirian Danantara 
Acap berkta ksar dan mengucapkn Ndasmu
Teriring slam dn kehangatan yng dpat memenuhi rga seperti Makan Bergizi Gratis 
Oke Gas menuju kemenangan, selmat merayakan Hari Idul Fitri 1446 H",Positif
"Skema prabowo tuh pekerjaan dihilangkan
Anak2 yg dapet mbg makanannya disisihin buat keluarga di rumah nanti diromantisin buzzer buat dilakuin semua anak
Occasionally dikasih bantuan pangan then semua bilang ""terima kasih prabowo""
Karena rakyat stunting &amp; IQ drop g ada yg kritik",Positif
"@arsadanim @MamatAlkatiri Coba suratnya dibaca...""Tanfidziyah"" ""Gus"", ormas mana lagi yang pake istilah ini ?",Negatif
@rayestu abis pada di kasih makan bergizi gratis 😂,Netral
"Mari dukung makan bergizi gratis untuk meningkatkan kualitas hidup anak-anak di Indonesia

#PenuhiGiziIndonesia https://t.co/BEMwUYb5jN",Netral
"@cakeyaw Kepala Komunikasi Kepresidenan🗣️.
Menuduh kalian yang terdekat selayaknya ""Antek Asing"" 🇺🇸🇨🇳.
Seolah-olah mengonggong walau niat hati berbicara🐶.
Oke Gas! Menuju kemenangan dan selamat merayakan Idul Fitri 1446. Semoga tahun depan kita dipertemukan dan Makan Bergizi Gratis dari",Negatif
"Dengan adanya program Makan Bergizi Gratis, anak-anak kini memiliki kesempatan untuk tumbuh lebih baik 

#PenuhiGiziIndonesia https://t.co/k5GsnAK54c",Positif
Makan Bergizi Gratis untuk Tingkatkan Kualitas Gizi Anak Indonesia https://t.co/wYSroBYf4g,Positif
Pemerintah tingkatan kualitas kesejahteraan dan pendidikan melalui makan bergizi gratis #Fakta #CekFakta #EkonomiMembaik #TransformasiDigital #TerusTerang https://t.co/JQorldq7R0,Netral
"Program makan bergizi gratis bertujuan agar siswa di Indonesia bisa lepas dari stunting serta mampu menyiapkan Indonesia menuju keemasan.
#PenuhiGiziIndonesia https://t.co/X37LSJaV6C",Netral
...lebih mahal dari biaya per anak mbg...kalau dilihat dr sayurannya sptnya sayuran jenis organik yg mahal punya...siapa pemasoknya?...,Positif
"Pemerintah berkomitmen untuk terus mencetak SDM unggul Bangsa Indonesia, melalui Program Makan Bergizi Gratis tidak hanya sekadar memberikan makanan bergizi
#MakanBergiziGratis
#PenggerakEkonomi
#IndonesiaEmas2045
#TingkatkanGiziIndonesia https://t.co/D0bwJ9h79P",Netral
and then they will answer ada mbg!! negara lain kan amaze sama kita hadeuh,Negatif
"Maafkan diri ini bila belum setransparan pembuatan RUU TNI

Masih banyak salah seperti pendirian Danantara 

Acap berkata kasar dan mengucapkan Ndasmu

Teriring salam dan kehangatan yang dapat memenuhi raga seperti Makan Bergizi Gratis 

Oke Gas menuju kemenangan Eid Mubarak",Positif
"@10PersenOrang @intinyadeh @IntinyaDah Rupiah melemah karena kekhawatiran fiskal dari program ""Makan Bergizi Gratis"" (Rp71T) meski GDP tumbuh 5%. Kalau Anies jadi presiden, Indonesia bisa fokus pada pertumbuhan inklusif, pendidikan, dan kesejahteraan sosial, dengan kebijakan luar negeri seimbang, kurangi https://t.co/nXeRA43bsK",Netral
"Menciptakan Indonesia emas melalui Makan Bergizi Gratis memang diperlukan, tetapi jangan lupa juga pemerintah harus hadir untuk perbaikan gizi anak sejak dalam masa kehamilan.

Kita berharap Presiden @prabowo bisa realisasikan ini dengan baik.
RPJMN 2020-2024 target stunting 14%",Positif
"Dukung program Makan Bergizi Gratis untuk generasi sehat dan cerdas! Dengan asupan gizi yang cukup, anak-anak Indonesia bisa tumbuh lebih kuat dan berprestasi. wujudkan masa depan yang lebih baik!
#MakanBergiziGratis #GenerasiSehat #IndonesiaMaju #GiziUntukPrestasi #DukungMBG https://t.co/4pv4M5Xrt9",Positif
"@g0j1r429791 Tidak, Indonesia belum butuh reformasi kedua. Demokrasi masih berjalan, tapi butuh perbaikan besar. Protes  2025 tunjukkan ketidakpuasan pada kebijakan seperti potongan anggaran dan program makan siang gratis, plus isu korupsi dan militer di pemerintahan.  mungkin kontroversial,",Negatif
"@iin_indonesian @coquetteunha @SamuelB30983274 @extrocib @infoXwor_ Pemerintah Prabowo-Gibran dianggap zhalim karena pemotongan anggaran layanan esensial untuk program makan gratis, kontroversi implementasinya, dan kekhawatiran hak asasi manusia. Pemotongan Rp306 T memengaruhi infrastruktur dan kesejahteraan sosial, memicu protes ""Dark",Netral
"@ChristianEko78 @PartaiSocmed @pamungkas_ari Program MBG bisa bantu cegah stunting memburuk, terutama di anak kecil, tapi balikin stunting parah sulit. Gizi baik dari MBG mungkin dukung pertumbuhan, tapi hasilnya beda-beda tergantung usia dan tingkat keparahan. Anak stunting parah butuh lebih dari MBG, kayak perawatan medis",Negatif
Lagi membayangkan menu lebaran opor ayam dan rendang diganti sama Makan Bergizi Gratis 😭,Positif
Pemerintah tingkatkan kualitas kesejahteraan dan pendidikan melalui program makan bergizi gratis demi masa depan generasi muda #Fakta #CekFakta https://t.co/qut1TOvZGV,Netral
"Kritik boleh, tapi fakta berbicara: 80,9% rakyat puas, program Makan Bergizi Gratis sudah jalan. Kalau gagal, angka itu mustahil.
https://t.co/Sif8N8QhAp",Negatif
MBG itu jadi semacam Reward and Punishment a.k.a Behaviorism. Level 1 dalam pembelajaran. Alih2 pemerintah fokus ke pendidikan gratis supaya terjadi Cognitivism/Constructivism. Rakyatnya memang sengaja dibikin bodoh terus.,Negatif
"Maafkan diri ini bila belum setransparan penyusunan RUU TNI.
Masih banyak salah seperti pendirian Danantara.
Acap berkata kasar &amp; mengucap ndasmu.
Teriring salam &amp; kehangatan yg dapat memenuhi raga seperti makan bergizi gratis.
Oke gas di hari kemenangan.
Selamat idulfitri 1446H.",Positif
"Presiden Prabowo beri pengarahan ketat ke tim SPPI untuk jamin kualitas Program Makan Bergizi Gratis (MBG) dari Aceh hingga Papua. Simak target besarnya!

#MBGUnggul #PrabowoPeduliGizi #IndonesiaSehat #SPPI #LawanStunting

https://t.co/YNnEZ3Rlzu",Netral
"makan bergizi gratis untuk elite
https://t.co/l4ZSHsyubh",Netral
"@tanyakanrl Berharap dapurnya gimana? Dapur kaya gitu ya jatohnya standar. 
“Im not 02 voter” kenapa harus pake kalimat ini? Kamu berharap didukung? Divalidasi? Baru kemarin angka keracunan masih tinggi, kok ya masih mau jadi pembela MBG? Sick.",Negatif
"SIARAN PERS ITWASUM

Rockefeller Foundation-Asian Development Bank Kunjungi SPPG Polri di Pejaten

Perwakilan organisasi nirlaba Rockefeller Foundation dan Asian Development Bank mengunjungi dapur Satuan Pelayanan Pemenuhan Gizi (SPPG) untuk Makan Bergizi Gratis (MBG) di Pejaten https://t.co/v2ejEPSlRO",Netral
mbg makan bergiji gakgratis https://t.co/zHfPZW9RjX,Positif
"@tanyakanrl Waah ternyata bersih bgt ya pembuatan makanan buat MBG, salut bgt! Jadi ragu apakah yang keracunan kemarin itu fakta atau isu yang disebarin haters prabowo ya?

Itu kan jawaban yg lo mau",Positif
"Konsolidasi Nasional Pendidikan. dengerin utusan dari Kemenkeu presentasi ndakik-ndakik cerita anggaran pendidikan itu besar, ujungnya ada alokasi buat makan bergizi gratis, sekolah unggul dan sekolah rakyat. Saya tanya, bapak di sebelah dari Aceh, 

""gimana pak? "" 

""yah"" https://t.co/RqNIEb0MHO",Netral
MBG mansion botol gepeng,Negatif
Makan bergizi gratis https://t.co/LE6NQ81Kic,Positif
"*SIARAN PERS ITWASUM*

Rockefeller Foundation-Asian Development Bank Kunjungi SPPG Polri di Pejaten

Perwakilan organisasi nirlaba Rockefeller Foundation dan Asian Development Bank mengunjungi dapur Satuan Pelayanan Pemenuhan Gizi (SPPG) untuk Makan Bergizi Gratis (MBG) di Peja https://t.co/VPTUSiWIKX",Netral
"*SIARAN PERS ITWASUM*

Rockefeller Foundation-Asian Development Bank Kunjungi SPPG Polri di Pejaten

Perwakilan organisasi nirlaba Rockefeller Foundation dan Asian Development Bank mengunjungi dapur Satuan Pelayanan Pemenuhan Gizi (SPPG) untuk Makan Bergizi Gratis (MBG) https://t.co/gXBEi6yL7X",Netral
"Rockefeller Foundation-Asian Development Bank Kunjungi SPPG Polri di Pejaten

Perwakilan organisasi nirlaba Rockefeller Foundation dan Asian Development Bank mengunjungi dapur Satuan Pelayanan Pemenuhan Gizi (SPPG) untuk Makan Bergizi Gratis (MBG)diPejaten,JakartaSelatan(Jaksel). https://t.co/m6CPqLpNo2",Netral
"*Siaran Pers Itwasum Polri*

*Kunjungan Asian Development Bank, antara Rasa, Gizi dan Keamanan Makanan di SPPG Polri*

Satuan Pelayanan Pemenuhan Gizi (SPPG) untuk Makan Bergizi Gratis (MBG) di Pejaten,Jakarta Selatan (Jaksel) didatangi tim dari organisasi nirlaba The Rockefeller https://t.co/JvKj6IeVw8",Netral
Manfaat Program Makan Bergizi Gratis untuk Papua https://t.co/jTRQ8iT0jR,Netral
Manfaat Program Makan Bergizi Gratis untuk Papua https://t.co/Giwe755nox,Netral
"#JatengTerkini 30 April 2025

Kabupaten Banjarnegara akan menambah empat dapur untuk Makan Bergizi Gratis (MBG) guna memenuhi kebutuhan 12 ribu siswa.

#makanbergizigratis #makangratis #banjarnegara #badangizinasional #beritajateng #TVRIJateng https://t.co/HsXDhvY7b6",Netral
"Dukung Program Makan Bergizi Gratis untuk anak-anak di Papua 
#papua #papuatengah #papuahits #jayapura #nabire #jayawijaya #merauke #mbg #mbgpapua #MBGMajukanPapua https://t.co/WH9UFb81H5",Netral
Cuma ini aja yg bagus karna sisanya kebanyakan mbg lol https://t.co/zhKn5Rdmbb,Negatif
"Perwakilan organisasi nirlaba Rockefeller Foundation dan Asian Development Bank mengunjungi dapur Satuan Pelayanan Pemenuhan Gizi (SPPG) untuk Makan Bergizi Gratis (MBG) di Pejaten, Jakarta Selatan (Jaksel). https://t.co/eHfT7sYqVK",Netral
"Program Makan Bergizi Gratis Gizinya, Dahsyat Hasilnya https://t.co/BEcmw2A1XD",Positif
Menolak ajakan makan siang bareng kecuali makan siang gratis dari Hangry! https://t.co/TIbs0gFhH7,Negatif
"Yuk Ikutin #HangryWeek buat dapetin makan siang gratis! Langsung meluncur ke ig Hangry sekarang yaa, #HangryBuddies https://t.co/GmCLrsXOz5",Netral
Report MBG adek w https://t.co/BbbiKWxw8H,Negatif
Program Makan Bergizi Gratis untuk kesehatan anak papua https://t.co/4lof7Ms51Z,Netral
Danpos Ramil 04 Luak Peltu Wahidi bersama Babinsa Sertu Agung dan Serda Boby hadir dalam rangka Launching Makan Bergizi Gratis Kepada Pelajar SD N 07 Sungai Kamuyang. sebanyak 28 Porsi disiapkan untuk pelajar SDN 07 Sungai Kamuyang Kecamatan Luak. Rabu (30/4/2025). https://t.co/qGtjhV0qAS,Netral
"Pendistribusian Makan Bergizi Gratis (MBG)

#polrestacirebon #kapolrestacirebon #poldajabar #jawabarat #kabupatencirebon #cirebon #polripresisi @divisihumaspolri @polisi_indonesia 
@spripim.polri @humaspoldajabar https://t.co/6j4021xD67",Netral
"Dukung Program Makan Bergizi Gratis di Papua

Program Makan Bergizi Gratis (MBG) di Papua hadir untuk memastikan anak-anak Indonesia, khususnya di Papua, mendapatkan asupan gizi yang optimal untuk tumbuh kembang yang sehat.

#MakanBergiziGratis #MBGPapua #IndonesiaSehat https://t.co/rH5WiILCIP",Positif
"Bhabinkamtibmas Polsek Muara Batang Gadis Aiptu S. Bahri Lubis melaksanakan sambang dan patroli sekaligus menyampaikan himbauan kamtibmas, di Seputaran Desa Tabuyung Kec. Muara Batang Gadis Kab. Madina. (30/04/2025) https://t.co/snGap2ziSZ",Netral
"Serka Ratang Gauk, Babinsa Desa Bontoala (Koramil 1409-05/Pallangga), melaksanakan kegiatan pendampingan pembagian makan bergizi gratis kepada murid SD Inpres Lambengi, yang bertempat di Jln. Pelita Lambengi Desa Bontoala Kec. Pallangga Kab. Gowa. https://t.co/Pxc7Els5YX",Netral
lu bayangin jam 2 dini hari gue kepikiran masalah anak sekolah yg makan siang gratis keracunan itu KOK TBTB GAK ADA KABAR NYA LAGI ?????,Negatif
"""Oke negara harus mengadakan pelatihan kerja dan kursus gratis, lalu menyediakan lapangan pekerjaan."" ❌

""Oke kita keluarkan 117 triliun buat program makan gratis tapi kalau ada yang keracunan ya yaudah, tetep lanjutin!"" ✅️",Negatif
"GP Ansor Klaim Siap Dilibatkan Garap Program MBG | #GPAnsor #MakanBergiziGratis 

https://t.co/DwaBzdRVuj",Netral
"Orang² waras yang sedang bicara tentang MBG. 
mereka pikirannya masih murni tanpa di kobok² oleh Globalis pake agenda Global utk memberi makan anak² di sekolah yg ujung²nya pada keracunan dan gak bergisi. 
apalagi Goal mereka adalah Sayur GMO, Daging 3D print dan Protein serangga https://t.co/N7SMdqDJVF",Negatif
"Rockefeller Foundation-Asian Development Bank Kunjungi SPPG Polri di Pejaten

Perwakilan organisasi nirlaba Rockefeller Foundation dan Asian Development Bank mengunjungi dapur Satuan Pelayanan Pemenuhan Gizi (SPPG) untuk Makan Bergizi Gratis (MBG). https://t.co/tZd7XYYROw",Netral
"Setiap anak berhak tumbuh sehat!
Program makan bergizi gratis di Jawa Timur hadir untuk memastikan anak-anak sekolah mendapatkan asupan yang cukup dan sehat setiap hari.
#MakanBergiziGratis #JawaTimurSehat #AnakHebat #GiziUntukMasaDepan https://t.co/c6J0ATckGk",Positif
"Program makan bergizi gratis (MBG) terbukti dapat mengakselerasi tumbuh kembang anak, demi masa depan Papua yang lebih cemerlang! #papuaindonesia #papuadamai #opmpapuabiadab https://t.co/QtGqVka6vy",Positif
"anak-anak kurang asupan bergizi karena orangtuanya miskin -&gt; MBG
orangtua miskin karena susahnya dapat pendidikan dan pekerjaan -&gt; vasektomi supaya dapet bansos

lo pada cape ga sih jadi WNI",Negatif
"Program Makan Bergizi Gratis adalah investasi jangka panjang untuk kualitas SDM Papua. Program tersebut menjadi langkah nyata dalam meningkatkan kualitas gizi. Dengan gizi yang baik, kita bangun generasi muda Papua yang sehat, cerdas, dan berprestasi. https://t.co/YXdSVVfiq0",Positif
"Program Makan Bergizi Gratis (MBG) yang digagas Presiden Prabowo telah mencatat berbagai pencapaian luar biasa per April 2025. Dengan 1.300 dapur aktif, program ini menjadi jaringan makanan berat terbesar kedua di Indonesia dan berkembang paling cepat dalam sejarah.

#presiden https://t.co/rQVy3RS1zG",Positif
"Proposal MBG Ormas.
Relasi &amp; bekingan adalah kunci. 👍

#hatihatikamumulaiberpikir https://t.co/8r0FJtUVvi",Netral
"menunya enak? ponakan gue kelas 1 sd di sekolahnya ada MBG gada angin gaada apa tiba” banget dia cerita ke gue “tadi di sekolahku ada makan bergizi gratis, tapi gaenakk lauknya” tanpa gue tanyain udah dapet MBG belum sekolahnya wkwk.",Positif
Program Makan Bergizi Gratis Untuk Anak Bangsa https://t.co/fczucjh3wg,Netral
"Jangan lupa hibah lagi ke negara lain ya. Rakyat sendiri abaikan saja biar kelaparan. Cukup mkn MBG

Sri Mulyani 'Happy' Setoran Negara Tambah Rp 200 T di Akhir Maret

Source: CNBC Indonesia

Shared via the Google app https://t.co/e2ruiQCcmD",Netral
"""MBG harus zero tolerance""

Bahkan pabrik pakai robot tanpa human aja ada defect. Dahlah paling bener klean itu perbaiki agama, klo mo cari kesempurnaan nanti abis mati",Negatif
"Lawannya stunting itu bukan sekedar bicara tanpa realisasi, tapi Makan Bergizi Gratis hadir sebagai bukti nyata perlawanan terhadap stunting. Makan sehat, gizi tercukupi stunting dibasmi.

Lanjutkan MBG
#LanjutkanMBG

Arsenal Rabu Miskin BUMN Sore May Day https://t.co/b2J9q8GaHT",Negatif
"@Gethuklindry1 @txtdrimedia MBG ini adalah program Makan bergizi gratis, program ini ingin anak anak mendapatkan asupan gizi yang pas agar bisa tumbuh menjadi generasi yang sehat Lanjutkan MBG",Positif
"Lu belum pernah nyoba nasi basi, sayur basi, buah2 an basi ya? Sesekali coba dah itu makanan2 mbg masuk mulut. Ga usah nanya gue, gue sering kok ampe dibuang, terakhir makan semangka yg udah contaminated sama sayur basi jadi asem bgt 🤣",Negatif
"Program Makan Bergizi Gratis (MBG) yang diinisiasi oleh Presiden Prabowo merupakan langkah positif dalam mengatasi masalah kekurangan gizi anak-anak di Indonesia, khususnya di bagian Timur #MBG #PAPUA #PRESIDEN #INDONESIA #PRABOWO
BUMN https://t.co/N9KqcVhpsH",Positif
"*SIARAN PERS ITWASUM*

Rockefeller Foundation-Asian Development Bank Kunjungi SPPG Polri di Pejaten

Perwakilan organisasi nirlaba Rockefeller Foundation dan Asian Development Bank mengunjungi dapur Satuan Pelayanan Pemenuhan Gizi (SPPG) untuk Makan Bergizi Gratis (MBG) di https://t.co/1FDyNDN2lx",Netral
"*SIARAN PERS ITWASUM*

Rockefeller Foundation-Asian Development Bank Kunjungi SPPG Polri di Pejaten

Perwakilan organisasi nirlaba Rockefeller Foundation dan Asian Development Bank mengunjungi dapur Satuan Pelayanan Pemenuhan Gizi (SPPG) untuk Makan Bergizi Gratis (MBG). https://t.co/8TSvyXVA8o",Netral
"Gua suka begini kalo singkatan2 doang deh kayanya.

Contoh: 
STY: Susilo Tambang Yudhoyono
SBY: Shin Bae Yong
MBG: Mohamed bin Gayed
MBZ: Makan Bergizi Zratis",Positif
"Wakil Menteri Keuangan, Suahasil Nazara, mengatakan hingga 29 April 2025, realisasi anggaran untuk Makan Bergizi Gratis sudah mencapai Rp 2,3 triliun. #bisnisupdate #update #bisnis #ignews https://t.co/3RGryjDvO3 https://t.co/PZMdY7Rzv1",Netral
"Perwakilan organisasi nirlaba Rockefeller Foundation dan Asian Development Bank mengunjungi dapur Satuan Pelayanan Pemenuhan Gizi (SPPG) untuk Makan Bergizi Gratis (MBG) di Pejaten, Jakarta Selatan (Jaksel). SPPG Pejaten beroperasi di bawah pengawasan Polri. https://t.co/x4YhtybN09",Netral
Masih nunggu momen kokbuset digampar karena ngga mau nyoba MBG,Negatif
"DUKUNG PROGRAM PEMERINTAH, TNI AL GELAR MBG DI SURABAYA

https://t.co/VVj3IyV1qL https://t.co/O8mR6Wn3Vy",Netral
Bhabinkamtibmas Kalurahan Purwomartani II Bripka Heru Munawardi bersama Babinsa Kalurahan Purwomartani Serda Afnan Syafii melaksanakan sambang kegiatan pendistribusian makan bergizi gratis di SD Negeri Temanggal Purwomartani Kalasan. Rabu (30/4) https://t.co/25UE64MWTv,Netral
"Woahh bongkar saja pak, hmmm ternyata program ini ga berfokus ke pemenuhan gizi anak sepertinya. 

Lagian gw udh curiga dari BGN dibentuk kok banyak pengsiunan parjo di dalam struktur organisasinya. Terus program SPPI untuk MBG juga seleksinya kok macem militer"" pula 😂😂",Negatif
MBG banyak kasus keracunan dengan skala 0.5% dan kita harus apresiasi pemerintah karna itu termasuk sedikit. Lah tolol. Keracunan tuh fatal. Seharusnya gak ada kasus. Harus 0.0% njir.,Negatif
"Personil Polsek Muara Batang Gadis melaksanakan Apel Malam menjelang hari May Day yang dipimpin Ps. Kapolsek Iptu Akmaluddin,S.H.,M.H. (30/04/2025) https://t.co/Cr8nnk5wt8",Netral
"Dukung Program Makan Bergizi Gratis di Papua

Program Makan Bergizi Gratis (MBG) di Papua hadir untuk memastikan anak-anak Indonesia, khususnya di Papua, mendapatkan asupan gizi yang optimal untuk tumbuh kembang yang sehat. 

#MakanBergiziGratis #MBGPapua #IndonesiaSehat https://t.co/mlMEUpqkH7",Positif
Yang pasti jangan magang di pemerintah nanti dibayarnya cuman makan siang gratis.,Negatif
"Program MBG ini untuk semua anak bangsa  dari berbagai daerah, dengan makanan bergizi menjamin anak bangsa dapat merasakan kegiatan belajar yang baik 

#LanjutkanMBG
Lanjutkan MBG #HQ_AGZEPS149 ""Roy Suryo"" #YEONJUNxMONCLER https://t.co/4clcj4wXRA",Positif
"Tuh dengerin ya, ahli gizi sendiri mengatakan bahwasannya program MBG ini bukan sekedar makan gratis. Tapi saat gizi terpenuhi banyak efek positif yang mengikuti setelahnya.

#LanjutkanMBG
Lanjutkan MBG !

Pink Rabu BUMN Perth 1 JUTA Putih Arsenal https://t.co/59wQKkNIf4",Positif
"Lanjutkan MBG ! Keberadaan program MBG turut serta menggerakan roda perekonomian disekitarnya. Mulai dari pertanian, perikanan hingga UMKM turut merasakannya.

#LanjutkanMBG 
Perth 1 JUTA Arsenal BUMN https://t.co/JucmU66hkO",Positif
"Program Makan Bergizi Gratis (MBG) yang diinisiasi oleh Presiden Prabowo merupakan langkah positif dalam mengatasi masalah kekurangan gizi anak-anak di Indonesia, khususnya di bagian Timur #MBG #PAPUA #PRESIDEN #INDONESIA #PRABOWO
BUMN https://t.co/qwCAotXM6c",Positif
"Ya gimana.. penyajiannya aja kaga fresh. Ga kaya di sekolah2 korea/ jepang. Dulu ngira mbg itu modelan gitu, ternyata kopong🙂‍↕️",Negatif
"Beda ya, mbg yg pakek riset sama yg asbun",Negatif
"HAH APASIH PAK, MENDING URUS MBG GAK JALAN",Negatif
"Kepala Badan Gizi Nasional (BGN) Dadan Hindayana berencana melibatkan lebih banyak kantin sekolah dalam menyukseskan program Makan Bergizi Gratis (MBG).

Menurut Dadan, program MBG pada dasarnya memang dikembangkan untuk merangkul semua pihak, termasuk kantin sekolah.

#SmartNews https://t.co/yvn8Iafyg5",Netral
"Realisasi anggaran MBG mencapai 2,3 triliun. 
Adakah UMKM yang merasakan dampak langsung dari perputaran uang tersebut..?? https://t.co/lYXwjiMvc6",Netral
Baru aja lewat di fyp anak SD keracuna MBG🙏🏻,Negatif
"Lagi-lagi kasus keracunan makanan terjadi di siswa penerima Makan bergizi gratis (MBG). Badan Gizi Nasional bilang, tingkat keracunan dari suplemen ini cuma 0,5%. Yuk kita bahas",Netral
"Personil Polsek Muara Batang Gadis Aipda M. Ali Pane melaksanakan Patroli dan sambang sekaligus menyampaikan himbauan kamtibmas, di Pos Security PT. Rendy Permata Raya Desa Singkuang Kec. Muara Batang Gadis Kab. Madina. (30/04/2025). https://t.co/rEFISkf09E",Netral
"Tanpa MBG, 0% possible 🤣",Negatif
"Iwan mengakui program MBG memiliki banyak kekurangan. Tapi tak sedikit memberikan dampak besar bagi masyarakat.

https://t.co/9oy2Zuy1q8",Netral
"Bhabinkamtibmas Polsek Muara Batang Gadis melaksanakan sambang dan silaturahmi warga sekaligus menyampaikan pesan-pesan kamtibmas, di Kedai Kopi milik Sdr. Ronny Desa Tabuyung Kec. Muara Batang Gadis Kab. Madina. (30/04/2025) https://t.co/W5S0vm9tPb",Netral
AELAH BALIK LG NI TOPIK MBG 😭🫸🏻,Negatif
"Pendiri CSIS: Ekonomi stabil, program MBG berpotensi dorong pertumbuhan

https://t.co/dejIxCy56I",Netral
"Makan bergizi gratis❌
Makan beracun gratis✅",Positif
Kemenkeu melaporkan terjadi percepatan realisasi anggaran Makan Bergizi Gratis. #bisnisupdate #update #bisnis #text https://t.co/C3gy0PfIF2,Netral
Y ttp gk menutup fakta bahwa ada kasus keracunan krn mbg bah,Positif
"@Kanseulir Tata kelola buruk, keliru menyalurkan anggaran, hingga dugaan penggelapan mewarnai proyek Makan Bergizi Gratis (MBG). Harus segera dihentikan",Negatif
"Hai, #InfraBuddies! Sebagai tindak lanjut Penandatanganan Nota Kesepakatan untuk Program Makan Bergizi Gratis bulan Maret lalu, Staf Ahli Menteri PU Bidang Hubungan Antar Lembaga.
#DapurMBGHK https://t.co/rq8jsTc3eM",Netral
"@Gethuklindry1 @txtdrimedia MBG adalah makan bergizi gratis, ini adalah bentuk peduli negara kepada anak anak bangsa nya sendiri Lanjutkan MBG",Positif
"Efisiensi anggaran di seluruh kementerian &amp; lembaga negara yg diinstruksikan oleh Prabowo diduga bukan utk program MBG, namun utk membiayai super holding BUMN, Danantara.
.
.
.
.
23 Tahun PKS adi gani Nyetrika Winning Eleven #MyGoldenBloodEP8 https://t.co/ygEjhLgXdx",Netral
"Makan Bergizi Gratis memainkan peran dalam menyiapkan generasi penerus bangsa yang kuat, cerdas, dan sehat https://t.co/yzxaEgRr1J",Positif
Makan Bergizi Gratis menjadi langkah meningkatkan kualitas sumber daya manusia dan indeks pembangunan manusia di Papua https://t.co/Ty3omyDGs1,Positif
@Sandika_Noor Ga Ada makan siang gratis,Netral
"PEMERINTAH akan meningkatkan alokasi anggaran untuk program Makan Bergizi Gratis (MBG) hingga mencapai Rp171 triliun pada kuartal IV 2025
https://t.co/UBrcgt0Mqx",Netral
"@ArtomoroErajaya @Mdy_Asmara1701 Saat ini, program yang didukung Wakil Presiden Gibran menunjukkan hasil positif. Tingkat kemiskinan turun ke 8,57% pada September 2024 dari 9,03% di Maret 2024, berkat program seperti Makan Bergizi Gratis dan kerja sama dengan Baznas. Masyarakat merasakan perbaikan ekonomi,",Positif
"@rando_ome @txtdrimedia @txtdrimedia @rando_ome Survei Rumah Politik Indonesia (18-24 April 2025) menunjukkan 79,8% masyarakat puas dengan kinerja Wapres Gibran, berdasarkan 1.310 responden di 30 provinsi. Program makan bergizi gratis, yang menjangkau 570.000 orang per hari, jadi faktor utama. Meski ada",Netral
@Gethuklindry1 @txtdrimedia MBG adalah program makan bergizi gratis yang bertujuan untuk memenuhi asupan gizi pada anak anak yang sedang dalam masa pertumbuhan Lanjutkan MBG,Netral
"🤝🇮🇩🇯🇵 Kerja Sama Indonesia–Jepang: Dorong Kesejahteraan Lewat Gizi!

🔁 Indonesia dorong peningkatan ekspor CPO ke Jepang
🥛 Jepang tawarkan kontribusi untuk pemenuhan kebutuhan susu nasional
🎯 Semua untuk mendukung Program Makan Bergizi Gratis (MBG)",Netral
"@TulipKuning5 @Adiwijaya_equal @Raka_Permana17 @sarah_pndjtn @idextratime Semua tidak mau musibah ini terjadi BGN gerak cepat tanggung jawab atasi masalah
Agar program Makan Bergizi Gratis MBG aman dimakan

Lanjutkan MBG Keren ❤️",Positif
"Sertu Dwi Wahyu Babinsa Sidoharjo Koramil 04/Samigaluh Kodim 0731/Kulon Progo melaksanakan monitoring pendistribusian Program Makan Bergizi Gratis dari SPPG (Satuan Pelayanan Pemenuhan Gizi) kepada siswa – siswi sekolah diwilayah Kapanewon Samigaluh, Senin (28/04/2025). https://t.co/BBL43xHaGh",Netral
"@Coupsie_1208 @prabowo BGN bertanggung jawab penuh atas keracunan di makan bergizi gratis dan perbaiki sistem dari awal masak sampai distribusi makanan ke murid agar tdk terulang lagi bencana keracunan

Lanjutkan MBG Keren ❤️",Positif
"Makan Bergizi Gratis bukan hanya soal makan bergizi, tapi juga mesin pencipta 40.000 lapangan kerja baru. #PenuhiGiziIndonesia #MakanBergiziGratis #IndonesiaEmas2045 https://t.co/9IFYRv06SV",Positif
Makan bergizi gratis,Positif
Pengamat Analisis Dampak Luas yang Potensial Terjadi Jika MBG Distop https://t.co/aXBcsgxoLd,Netral
"Sebanyak sepuluh siswa Sekolah Dasar (SD) di Kabupaten Bombana, Sulawesi Tenggara, mengalami muntah-muntah usai menyantap menu program Makan Bergizi Gratis (MBG) pada Rabu (23/4/2025) pagi. Insiden tersebut terjadi di SD Negeri 33 Kasipute. https://t.co/cyeKojRTxe",Netral
"Kegiatan makan siang gratis ini atas dasar banyaknya Ojol, tukang becak, pemulung dll yg kurang beruntung. Ekonomi lagi susah makan seadanya.",Negatif
"342 Siswa dan 2 Guru SMPN 35 Jl. Dago Pojok Bandung Keracunan Makanan MBG

Meski ratusan siswa terdampak, tidak ada yang dirawat inap. Semua menjalani pengobatan mandiri di rumah atau puskesmas.
https://t.co/JKy7Vg2Fyi https://t.co/y4qHjr39ap",Netral
"@anonimedaragon @ArtomoroErajaya @Mdy_Asmara1701 Saya bukan buzzer pemerintah, tapi berusaha jawab faktual. Soal Baznas, Gibran memang dukung program yang sudah ada, tapi dia aktif dorong ekspansi, seperti saat jadi wali kota Surakarta naikkan zakat dari Rp4 miliar ke Rp12 miliar. Selain itu, program Makan Bergizi Gratis yang",Positif
Anak-anak sekolah udah pada dapat program MBG belum ya?,Netral
"@tanyarlfes pro, karena udah ada syarat umur dan minimal punya 2 anak kan. kalau lu kontra karena harusnya dengan sebar pendidikan &amp; lapangan kerja, sekarang gue tanya kemarin pemilu dikasih pendidikan tapi lebih banyak yang milih ""makan siang gratis"" yang salah sekarang siapa ya?",Negatif
"Realisasi Baru Rp2,3 Triliun, Wamenkeu Minta BGN Percepat Belanja Program MBG https://t.co/h5wfsJpF4v",Netral
"Gimana caranya mereka bisa makan sendiri, tanpa makan siang gratis, dan gimana caranya mereka bisa berdiri  dengan kakinya sendiri. Arghhhhhhhhhhhh marah sekali.",Negatif
Negara kemana? Sibuk mbg aka mabog,Negatif
"Pengawasan Obat dan Makanan, peningkatan pengawasan dan tindak lanjut Kejadian Luar Biasa Keracunan Pangan (KLB-KP), dukungan dalam pelaksanaan program Makan Bergizi Gratis (MBG), peningkatan kualitas pelayanan publik, dan kerjasama dalam penyampaian informasi Pengawasan Obat dan",Netral
"Doain semua vendor MBG semoga mereka dibayar pantas sesuai perjanjian, tepat waktu, ga dirapel, duitnya ga ditilep.
Yg harusnya lebih dikritisi dan diawasi tuh pihak2 di atas mereka. Yayasan penyalur, badan mbg, pengawasan dari parjo parcok.",Negatif
"@ardisatriawan apakah buat bagi2 tusuk gigi gratis ? menyambut program makan bergizi gratis, kadang kan suka nempel2 di gigi 😌",Netral
"Oi waktunya dah abis -,,- Masih sama seperti sblumnya ya baru ketebak 3 ae...

Jawaban:
1. Israel-Palestina – 50
2. RUU TNI – 30
3. Tarif US-China – 20
4.  Program Makan Bergizi Gratis (MBG)– 10
5. Pemilu 2024 – 5",Negatif
"Kalau program MBG mau melibatkan kantin sekolah, jangan sampai membebani sekolah yang fungsinya untuk pendidikan! @DPP_PKB @LaluIrfani 

#PKB #sekolahindonesia #pendidikanindonesia #MBG https://t.co/VbrOimWbCP",Negatif
Program Makan Bergizi Gratis merupakan langkah strategis dalam membangun sumber daya manusia unggul sejak usia dini. #PenuhiGiziIndonesia #MakanBergiziGratis,Positif
"Fadli Zon: Kombinasi HPP, BULOG dan MBG adalah Jalan Sejahtera Petani ⁦@hkti⁩  https://t.co/001lLbYxO1",Netral
"Bukan Hanya Gizi, Program Makan Bergizi Gratis Juga Mendorong Meningkatnya Perekonomian Warga https://t.co/1CXtI9okoI",Positif
"Makan siang gratis shopee restock lagi
https://t.co/V2hY0tXoF1",Positif
"Lalu dasar 7rb tsb dijadikan pembenaran untuk harga per porsi MBG jadi 10rb Rupiah.

😑😑😑😑",Netral
Shittt gw akan mengambil sebuah selfi maha tempting yg bakal gw post pake caption “menu MBG hari ini”,Netral
"Hentikan MBG, Hanya Pemborosan Anggaran, Bahkan Sering Terjadi Kasus #Keracunan https://t.co/S5XFrOv4jJ #kantin #mbg",Negatif
"Usut Tuntas ‘Sengkuni’ Yang Sabotase dan Bikin Kacau Program Makan Bergizi Gratis

https://t.co/tNhmFDWgyT",Negatif
"Makan siang gratis ❌
Buku pelajar gratis ✅

Tapi bukan di negara kita. https://t.co/Crl5xlbIVS",Netral
"Di Sumba Barat Daya, Program Makan Bergizi Gratis (MBG) bukan sekadar janji tapi nyata dirasakan warga.

Vincencia Toma, ibu hamil asal Desa Radamata, bersyukur setiap pagi mendapat makanan bergizi untuk dirinya dan keluarga. Kini, ia tak lagi cemas soal asupan nutrisi bagi sang https://t.co/M88LwjopSp",Positif
"MBG itu memerlukan kerjasama nyata dari semua pihak agar bisa sukses tak terkecuali masyarakat. 
Tujuan MBG itu besar dan mulia, sehingga support dibutuhkan luar biasa. 
Lanjutkan MBG
Lanjutkan penuntasan Stunring
#MBGUntukMasaDepanHebat https://t.co/OPqafh3xPZ",Positif
"semua-muanya makan bergizi gratis, bayar dulu tuh vendor2 catering yg diutangin pemerintah..... ://",Positif
"Program Makan Bergizi Gratis (MBG) membawa perubahan signifikan bagi warga Desa Radamata, Kecamatan Kota Tambulaka, Sumba Barat Daya. Salah satu penerima manfaat, Vincencia Toma, ibu hamil dengan seorang anak berusia empat tahun, mengaku keluarganya kini menikmati makanan bergizi https://t.co/pf6chiknL2",Positif
Mari dukung program makan bergizi gratis https://t.co/j3gAtdOBwc,Netral
"Mari dukung program Makan Bergizi Gratis untuk membangun generasi yang lebih kuat, lebih cerdas, dan lebih berkualitas!

#MakanBergiziGratis
#GenerasiSehatBerkualitas
#GiziUntukPrestasi https://t.co/PfmgDna7mN",Positif
Makan Bergizi Gratis Aman dan Penuh Kasih https://t.co/n8ePt17qtQ,Positif
"Dukung Program Makan Bergizi Gratis
#MBG https://t.co/jtuDp59LoU",Netral
@Viewguardeye Kalau seperti ini bagus dan lebih baik duit MBG dialihkan membiayai program pemulihan mental pelajar bandel,Negatif
"MBG : Makan Bersama Gudeg...kata Sapari

#GudegPawon https://t.co/KDe55EGNIa",Netral
"Dengan program makan bergizi gratis, anak-anak tak lagi belajar dalam keadaan lapar. Mereka lebih siap menyerap pelajaran dan tumbuh jadi generasi emas Indonesia https://t.co/cNg1E3rSPZ",Positif
"Tokoh Pemuda Raja Ampat Dukung Program Makan Bergizi Gratis.
-
#MakanBergiziGratis
#PapuaBaratDaya
#KotaSorong
#Sorong
#SorongSelatan
#maybrat
#Tambrauw
#RajaAmpat https://t.co/PrkORnfblE",Netral
"Program MBG sejalan dengan visi Indonesia Emas 2045 yang menargetkan lahirnya generasi unggul. Program ini juga membawa dampak baik pada perumbuban ekpnpmi lokal disekitarnya.

Lanjutkan MBG
#MBGUntukMasaDepanHebat
Inter Milan Linkin Park Minggu https://t.co/BOaod0PXAP",Positif
Makan Bergizi  Gratis Tingkatkan Perekonomian Lokal Papua https://t.co/2YKNrOxijZ,Netral
BGN dan Inkoppontren Bangun Dapur Umum Untuk Program Makan Bergizi Gratis Di Banten https://t.co/DJ42jQqqEK,Netral
Makan Bergizi Gratis adalah fondasi untuk menciptakan anak-anak yang sehat dan berprestasi #PenuhiGiziIndonesia https://t.co/RMdnNjSBfY,Positif
BGN dan Inkoppontren Bangun Dapur Umum Untuk Program Makan Bergizi Gratis Di Banten https://t.co/d8iMFahC8j,Netral
Dukung terus Program Makan Bergizi Gratis https://t.co/rQKRkAhAQz,Netral
Makan Bergizi Gratis Aman dan Penuh Kasih https://t.co/J9UsQyMlUZ,Positif
"Mari dukung program Makan Bergizi Gratis untuk membangun generasi yang lebih kuat, lebih cerdas, dan lebih berkualitas!

#MakanBergiziGratis
#GenerasiSehatBerkualitas
#GiziUntukPrestasi https://t.co/LexsSQZkaz",Positif
"Dukung Program Makan Bergizi Gratis
#MBG https://t.co/Jk9kbJhQTm",Netral
bighit efisiensi buat program mbg (menyambut bangtan go-home),Netral
"Ingat guess n perlu dipahami Program makan bergizi gratis memiliki tujuan mulia, guna meningkatkan gizi anak-², mengenai masalah keracunan terjadi akibat ksalahan dlm pengelolaan makanan jadi bukan MBGnya yg salah. 
Lanjutkan MBG
#MBGUntukMasaDepanHebat
. 
Libur Don CeraVe FOTFOT https://t.co/D7QR42f2l7",Positif
Program Makan Bergizi Gratis (MBG) yang digagas pemerintah untuk memastikan anak-anak Papua tumbuh sehat dan bersemangat dalam belajar. https://t.co/xTDJbaIZp2,Positif
"Program Makan Bergizi Gratis Mewujudkan Gizi Berkualitas Untuk Generasi Sehat Indonesia.
-
#MakanBergiziGratis
#PapuaBaratDaya
#KotaSorong
#Sorong
#SorongSelatan
#maybrat
#Tambrauw
#RajaAmpat https://t.co/yM7drwmAZV",Netral
"This is soo heartbreaking 💔💔 parents lets not do this to your own child.. also pemerintah HARUSNYA bisa prioritaskan untuk bisa kasih kemudahan biaya akses pendidikan sampai kuliah, bukan malah kasih makan siang gratis 🥲",Negatif
"Harus yg dananya paling gede tuh pendidikan, kesehatan, dan lainnya. Ini malah makan mulu yg diutamakan. Mana banyak kasus anak2 keracunan MBG lagi👀",Negatif
"Kita akan panen koruptor dan harta mereka. Pendidikan gratis, makan bergizi gratis adalah soal kecil kalau Undang Undang Perampasan Aset segera disahkan. Yang menghalangi dan menolak pengesahan ini patut diduga teman sahabat koruptor, atau bahkan koruptor itu sendiri. @prabowo",Negatif
"Program makan bergizi gratis merupakan program pemerintah yg brtujuan untk mnjamin hak stiap anak atas asupan gizi yg cukup mningkatkn kualitas sumber daya manusia terutama di sekolah. Lanjutkan MBG
#MBGUntukMasaDepanHebat
. 
Libur  Don Lemon CeraVe with FOTFOT GO SKINS x DUNK https://t.co/ZwgOfCRMhr",Netral
"Program makan bergizi gratis mndorong pertumbuhan ekonomi, terutama di tingkat lokal, melalui keterlibatan UMKM, petani, dan nelayan dan juga menciptakan lap. kerja baru dan meningkatkan potensi kewirausahaan. Lanjutkan MBG
#MBGUntukMasaDepanHebat
. 
Libur Don Lemon CeraVe with https://t.co/VCXKlzkExh",Netral
Makan Bergizi  Gratis Tingkatkan Perekonomian Lokal Papua https://t.co/37phS4kSte,Netral
"budget Badan Gizi paling banyak tapi tuh program MBG lu gagal, banyak yg kerancunan, dikasih makanan basi. Taik kucing lah!",Negatif
Efisiensi pepek. Udah tau negara miskin pke segala ngadain mbg anjing. Bisa bikin skala prioritas ga sihh anjing🖕,Negatif
Stunting dan kekurangan gizi masih menjadi tantangan di Papua. Pemerintah hadir dengan program Makan Bergizi Gratis untuk memastikan anak-anak Papua mendapatkan asupan gizi yang cukup.  #MakanBergiziGratis #PapuaBangkit #AnakIndonesiaSehat https://t.co/GHdBsIpXRZ,Positif
"dari miskin ke MBG tu dimana korelasinya? miskin mah kasih kerjaan, pendidikan biar mereka bisa merubah hidupnya.
MBG sehari sekali berharap bisa mengentaskan kemiskinan? kekmana konsepnya ini?",Negatif
"@KangManto123 Mending Sekolah Gratis apa Makan ""Bergizi"" Gratis?

MBG yang 200 T ilangin, alihin ke Sekolah Gratis!

Gak cukup juga?

MBG kenceng sih proyek nya ya? 🤭",Negatif
"Program Makan Bergizi Gratis hadir untuk memastikan seluruh anak Indonesia mendapatkan asupan gizi seimbang setiap hari sekolah demi tumbuh kembang optimal, peningkatan prestasi, dan masa depan lebih baik
#DukungMBG
#GenerasiSehat
#MakanBergiziGratis https://t.co/SMxehrDyJA",Positif
"instead makan siang gratis, gua lebih butuh KULIAH GRATIS",Negatif
"Program MBG bukan sekadar upaya memenuhi kebutuhan gizi para santri, tetapi juga membuka ruang yang luas bagi pemberdayaan ekonomi dan masyarakat.

Ini merupakan langkah awal dalam membangun ekosistem pemberdayaan dari bawah dari rakyat, oleh rakyat, untuk rakyat. (1) https://t.co/jUxmTlwWin",Positif
"Dukung program Makan Bergizi Gratis
#DukungMBG
#GenerasiSehat
#MakanBergiziGratis https://t.co/TQ7eLoScTZ",Netral
"Program Makan Bergizi Gratis memiliki banyak manfaat bagi masyarakat 
#DukungMBG
#GenerasiSehat
#MakanBergiziGratis https://t.co/ytDf5Efhtp",Positif
"Dua program unggulan Presiden Prabowo Subianto, makan bergizi gratis (MBG) dan Koperasi Merah Putih, disebut-sebut menjadi ancaman bagi keberlanjutan Anggaran Pendapatan dan Belanja Negara (APBN) 2026. https://t.co/pLyzRtvWUe",Netral
dana buat pendidikan cuma 1/6 mbg 😀,Netral
@CNNIndonesia Kenapa para menteri gak dikasih menu MBG 10ribu biar merasakan sendiri program unggulan pak presiden? @prabowo @gerindra @KemensetnegRI,Netral
"Bersama Program Makan Bergizi Gratis, masa depan Kita semakin menjanjikan dan semakin kuat di tengah gempuran dan tantangan yang ada. #FaktaIndonesia #MakanBergiziGratis #DukungMakanBergiziGratis https://t.co/lHJJ5KS51r",Positif
Dukung terus Program Makan Bergizi Gratis https://t.co/dNbxkt4YyO,Netral
"Optimalisasi Distribusi Program Makan Gratis Presiden Prabowo Dengan Pendekatan Algoritma Greedy, Dynamic Programming, dan Backtracking",Netral
"Ps. Kanit Samapta Polsek Muara Batang Gadis Aiptu Indra Ali Akbar melaksanakan Patroli dan Sambang, di Grosir Sembako Royan Desa Singkuang Kec. Muara Batang Gadis Kab. Madina. (31/05/2025) https://t.co/qqagitN5u1",Netral
"Apa urgensinya sampai Kemhan dan Polri lebih prioritas dibanding Kesehatan dan Pendidikan? Bahkan pendidikan dasar dan menengah di urutan-10? Dan harus banget MBG anggarannya sebesar itu? WTF! 

Bener-bener gak ngerti pola pikir dan tujuan dari negara ini.",Negatif
"Dengan maksud dan tujuan MBG yang tidak lain untuk mencerdaskan bangsa. Sudah seharusnya kita dukung, MBG jadi ahak setiap bangsa Indonesia. Lanjutkan MBG, lanjutkan tumbuh kembang yang baik.

#MBGUntukMasaDepanHebat
Intermilan Boleh Nonton Hakimi https://t.co/WiPthB7OaG",Positif
"Ps. Kanit Binmas Polsek Muara Batang Gadis Aipda Ariadi melaksanakan Patroli serta menyampaikan himbauan kamtibmas terhadap warga, di Kedai Kopi Wak Leman Desa Singkuang Kec. Muara Batang Gadis Kab. Madina. (31/05/2025) https://t.co/e0XbttPrh0",Netral
"daripada ngurusin makan gratis, mending peduliin soal PENDIDIKAN GRATIS. nih liat @prabowo bukti nyata ANAK GAK BISA KULIAH KRNA BIAYA. kasih tuh hal berguna macam PENDIDIKAN GRATIS bukan makan siang gratis standar ecek ecek.",Negatif
"Top 5 priorities:
1. MBG (makan bergizi gagal)
2. Biar orang barak dudukin posisi sipil
3. Biar bisa mukulin orang demo
4. Buat acak2in aturan/uu kesehatan
5. Bansos pencitraan",Negatif
Yang tidak begitu terlihat dari efek mbg adalah terancamnya kantin2 umkm sekolah.,Netral
"Bhabinkamtibmas Polsek Muara Batang Gadis Aiptu S. Bahri Lubis melaksanakan Pengecekan Giat Pos Kamling Lumba-lumba guna mensosialisasikan peran serta Pos Kamling dalam menjaga kamtibmas, di Desa Tabuyung Kec. Muara Batang Gadis Kab. Madina. (31/05/2025) https://t.co/3fSZpIqkK6",Netral
"Mendes Yandri : Paket Komplit,Kopdes Merah Putih bisa jadi Suplier Program MBG

@YandriSusanto27 
@ArizaPatria 
@taufikmadjid71 
@kemendespdt 

#bangundesabangunindonesia https://t.co/E9OQGEWkl5",Netral
"Anggaran mbg 10k, setahun sekitar 2,4 jt yang katanya keberhasilan 99,99%, bisa meureun dianggarkan buku (diluar dana bos) biar budaya membaca bisa lebih tinggi lagi🤗",Positif
ngelihat banyak yg kyk gini rasanya pgn ngamuk bgt anjirrrrrr sama program mbg tayikk gajetotttt,Negatif
Badan gizi nasional ini yang mbg mbg itu ka??,Netral
"ini dia kenapa mbg prioritas utama, biar lu pd bisa digoblokin dari hal kecil kaya gini",Negatif
"Makan Bergizi Gratis memenuhi segala kebutuhan gizi anak demi masa depan generasi penerus bangsa Indonesia menuju Indonesia Emas 2045
#DukungMBG
#GenerasiSehat
#MakanBergiziGratis https://t.co/xV0vKGfFSo",Positif
"Bumil di Sumba Rasakan Manfaat MBG: Dulu Sarapan Seadanya, Kini Anak Bisa Makan Habis https://t.co/zBEMoXMrsc https://t.co/Jm9flMchvk",Positif
Dukung terus Program Makan Bergizi Gratis https://t.co/1B15SffZC1,Netral
"Bhabinkamtibmas Polsek Muara Batang Gadis Aiptu S. Bahri Lubis melaksanakan sambang dan silaturahmi warga sekaligus menyampaikan himbauan kamtibmas, di warung sembako milik sdr. Tohir Desa Singkuang Kec. Muara Batang Gadis Kab. Madina. (31/05/2025) https://t.co/BFDORJqlCR",Netral
"Ya santai aja gak sih? Yang haram itu kan babi sama khamr, kalo mendukung zionis, meracuni anak anak program MBG, menginvasi ranah sipil mah halal halal aje",Negatif
"Makan Bergizi Gratis, Aman Dan Penuh Kasih https://t.co/Sy6rN8jWm0",Positif
"Tau gt knp ga mbg dari duluu anjerrr, biar guer tinggi laahh setidaknya nambah 10cm kek",Positif
"t'ks u/ Undangan MBG (makan bersama georgia) siang hari ini,,, m씨 pamit undur diri krna klu undur undur nnti masuk ke pasir 🙏 hanupis buat yg sdh datang &amp; meramaikan dgn antusiasmenya. yg blm berkesempatan smoga kita segera berjodoh 🫰🏻🫰🏻🫰🏻 @AksiTetangga https://t.co/NkomHexgzM",Positif
"Hari ini kedatangan tamu, dari aspol katanya untuk program MBG. Lama banget.... Sampe 2 jam ngobrol2 nya, akhirnya lumayan telat tadi beli makan siang",Negatif
Cocok nih selevel sama MBG 🤭,Negatif
"Adek saya gak dapet MBG kok, Pak. Saya yang kasih makan pake makanan yang beneran sehat dan bergizi",Negatif
Dukung terus Program Makan Bergizi Gratis https://t.co/gUH5Kp1XWZ,Netral
"Dukung Program Makan Gratis Pemerintah, Bupati BBS Tandatangani MoU Bersama Kepala BGI RI

Lihat selengkapnya disini
https://t.co/BoQtekjkcE https://t.co/frKPJ7mVud",Netral
"mbg ngabisin anggaran doang anjrit 

pendidikan sama kesehatan harusnya diutamakan ini malah program gagal yang jadi anak emas 😭😭😭 makan noh menuju Indonesia bubar",Negatif
Apapun masalahnya tetap mbg sama ai solusinya,Positif
Jgn pak kan uangnya mau dipake MBG belom nyampe nih MBG ke gue,Negatif
@LaMasia_idn Lo juga kalo dikasih gratisan mau kan? Wkwkwk. Mayan duitnya buat makan siang gratis (Program Pak Jokowi) buat anak anak Lamasia penerus Yamal.,Positif
Pekerja mbg banyak yg belum dibayar ya,Negatif
"Jangankan pengangguran, orang anak mati gara2 program MBG aja cmn dianggep angka 😂",Negatif
217 T buat MBG dan vendor2nya pun dari golongan kalian juga? fuck your ass!,Negatif
"MBG gizi anak terpenuhi, ekonomi desa tumbuh https://t.co/fVMBG03Gs7",Netral
MBG langkah strategis mengatasi kekurangan gizi https://t.co/MaSjGPMVXY,Netral
"Heran sama yg milih karena mbg, tpi lebih sedih dengernya karena pada nyangkanya mbg untuk semua kalangan masyarakat🥲",Negatif
Pemerintah hadir aktif mengawasi jalannya Program Makan Bergizi Gratis https://t.co/kMhq71g0jw,Netral
"Dukung penuh Program Makan Bergizi Gratis, karena anak sehat adalah harapan bangsa. https://t.co/iTEk2nmlNX",Netral
"Asbun bgt anjg mending pemerintahan reshuffle sama anak2 furin, ume jadi presiden biar mbg isinya sayuran segar khas umemiya",Positif
"Nah, bapak ini salah satu yang terdampak efek samping mengonsumsi MBG yah kawan-kawan, jadinya asal ngomong",Negatif
Dukung terus Program Makan Bergizi Gratis https://t.co/3ToTrBXTWk,Netral
"🧵ANGKA STUNTING NASIONAL TURUN, TAPI…

Kemenkes RI mengumumkan: stunting di Indonesia turun dari 21,5% (2023) ke 19,8% (2024)

Apakah ini benar-benar kabar baik? Yuk kita bahas dari 3 sisi: Kesehatan, Pemerintah, dan Masyarakat sipil.

#Stunting #Kemenkes #CatatanTemu #MBG",Netral
"Benar KDM, Sebab Anak² Bandel/Nakal bullying yg lain:
1.Belum Sarapan/lambat MBG
2.Banyak anak yg hilang ayah/ Ibu (SP), tak ada yg mampu/mau didik anak tsb
3.Datang dri Lingkungan yg Buruk
4.Ortunya Penguasa/ Sibuk tak urusin Anak
5. Pendidikan tak Profesional
@DediMulyadi71 https://t.co/mD0vB0qH85",Negatif
"NGERI BANGET OYYYY
di MBG jadi bestie gawin curiga di OFDO nyobain gawin eh",Negatif
BGN Dan Inkoppontren Bangun Dapur Umum Untuk Program MBG di Banten https://t.co/3CYLgQbpe2,Netral
@bwatbacau Lowongan ini terbuka untuk semua jurusan but mostly yg keterima sampe tahap pelatihan itu adalah anak-anak yang punya afiliasi sama TNI. Entah ortu/saudaranya. Diperuntukkan untuk anak-anak sekolah yang mendapat makan siang gratis sesuai janji Prabowo.,Positif
Dukung terus Program Makan Bergizi Gratis https://t.co/PiiOdilGgp,Netral
"Okay, first of all, what the hell is happening here? Gue gak peduli kalian buzzer atau apa, tapi literasinya tolong diperbagus lagi, ya. I clearly write my lil bro GAK DAPET MBG, tapi komennya lanjutkan MBG? How funny 🤣 @massulaimana @JackaSombong @bangbuddie @RobbyKamandanu https://t.co/dSGDDSBOPL",Negatif
"MBG nya di stop aja, dana nya buat pendidikan",Netral
normalisasikan program pendidikan plis😭 bukan program makan gratis,Netral
"baca sampe bawah.
bidanh AI jadi solusi?? MBG jadi solusi?? YANG BENER AJE",Negatif
"Luar biasa kezaliman rezim boneka China .. rakyat di rampok  habis² an .. alibi rezim boneka China membantu  laptop rakyat miskin malah di gorok , BBM di oplos makan siang gratis keracunan, rakyat di palak Pajak , SDA di rampok presiden terkorup no 2 sedunia ijazahnya palsu .. https://t.co/URFUCrwRIZ",Negatif
"Gilanya, kl menurut laporan Tempo soal MBG, dana makan siang anak via Badan Gizi Nasional yg dapet itu Yayasan bikinan inner circle, supporter &amp; kerabatnya Wiwi

Nomer dua, departemen kesayangan Wiwi. Nomer tiga, ya sama, 11-12 lah sama dengan sblmnya

Top 3 spending dikuasai",Positif
Haruse hidangannya pake MBG,Negatif
Pastikan anak dapat asupan bergizi lewat program Makan Bergizi gratis https://t.co/DlntMUs7yl,Netral
"Program Makan Bergizi Gratis Dinilai Penting, 60 Persen Anak Indonesia Tak Punya Akses Gizi Seimbang

Kepala Badan Gizi Nasional (BGN), Dadan Hindayana, menegaskan pentingnya pelaksanaan Program Makan Bergizi Gratis (MBG) sebagai langkah konkret untuk meningkatkan kualitas gizi https://t.co/FrdFTiINRn",Netral
Makan Bergizi gratis untuk anak supaya tumbuh optimal dan selalu aktif https://t.co/yNQWldIVBM,Positif
"Program MBG bukan hanya tentang makanan, tapi tentang membentuk masa depan hebat Lanjutkan MBG krn 
dengan gizi yang optimal, anak-anak Indonesia siap tumbuh menjadi generasi yang sehat, cerdas, dan berprestasi
#MBGUntukMasaDepanHebat 

Awas HTI https://t.co/E9rhRD0WeL",Positif
Badan Gizi Nasional paling banyak tp MBG makanan basi,Negatif
"Ihhh anjrrrr knp siii, top 3 ituu bknn hal yg urgen anjir. MBG juga palah bikin orang keracunan knp masih dilanjutin dahh kocak bangett",Positif
"@RakaSwara25 @TxtDariSabut @Jae_dya22 @PraharaTemaram @tanyakanrl Lalu lu berharap gua pilih program kuliah gratis ? Atau gua pilih program makan gratis ?  Please deh, program kuliah gratis itu udah ada dari dulu. Program MBG hadir juga karena permasalahan stunting dan gizi buruk",Negatif
@muhamad_rizqi_a @ARSIPAJA Palestina kok diseret-seret buat nyerang program makan gratis anak Indonesia? Kita bisa peduli dua hal sekaligus. Lanjutkan MBG,Negatif
Badan Gizi Endus Ada Mitra Semena-mena Katrol Harga Bahan MBG https://t.co/7smNeKH0ys,Netral
"@daakooe Mari kawal pelaksanaan MBG, jika menemukan hal yang tidak sesuai, bisa laporkan segera. Kami akan menyampaikan ke pihak terkait supaya bisa lebih baik lagi
https://t.co/KEv0hyUXxp",Netral
"Maka saya izin membenarkan 600 tahun itu karena mayoritas penduduk kita lebih memilih makan siang gratis dari pada Pendidikan gratis...
Baca Selengkapnya di...
#Boleh #Prabowow #Libur 
https://t.co/CaIQfUcWtS https://t.co/vNZnDeZ1xl",Negatif
"Jangan-jangan yang mengawal lebih banyak dibanding yang dikawal. Ikut makan pula. THEKOR BANDAR😀😀😀😀

Banser Kerahkan 10 Ribu Pasukan Kawal Makan Bergizi Gratis
https://t.co/TroYERJwOP",Negatif
"Energi dari makanan sehat membuat anak2 semangat belajar dan beraktifitas sepanjang hari Lanjutkan MBG karena MBG ini memberi nutrisi untuk anak2 Indonesia tersenyum sehat setiap hari.

#MBGUntukMasaDepanHebat 

Seblak https://t.co/kT7O9ymPei",Positif
Program makan siang gratis buat siswa yang kenyang siapa,Netral
Tapi anggaran paling gede buat MBG. Ga ngerti,Negatif
"Program MBG adalah langkah nyata pemerihtah mencetak generasi unggul dan berdaya saing , Lanjutkan MBG untuk mencetak generasi emas Indonesia di masa depan.

#MBGUntukMasaDepanHebat 

Boleh | kamu https://t.co/4poRM6KkNE",Positif
"dut udahlah gausah MBG MBG, PENDIDIKAN GRATIS BUKAN MAKAN GRATIS. np dh gamau amat ngasih pendidikan, takut amat sih rakyatnya pinter??? @prabowo",Negatif
malah dyandra yang lebih proper mbg nya ketimbang pemerintah,Negatif
"Program makan bergizi gratis (MBG) nyata² 'membunuh' usaha katering yang ada di sekolah. Dan, MBG ini udah banyak kasus keracunan dikarenakan makanan udah basi yg dipaksakan dimakan siswa. 
#HapusMBG",Negatif
"MK Perintahkan Sekolah SD-SMP Negeri dan Swasta Gratis, FSGI Usulkan Pakai Anggaran MBG
 
https://t.co/004zC4SjOF via @tribunnews",Netral
@manjiirro makanlah sebelum km dikasih makan bergizi gratis itu by,Netral
"@firman__nurhuda Justru ini saat yang tepat bagi BPOM memperlihatkan peran strategisnya. Makan Bergizi Gratis bukan sekadar program populis, tapi investasi untuk generasi masa depan. Lanjutkan MBG dengan sinergi semua lembaga.",Positif
"Bersama Program Makan Bergizi Gratis, masa depan Kita semakin menjanjikan dan semakin kuat di tengah gempuran dan tantangan yang ada. #PenuhiGiziIndonesia https://t.co/hAyAlVDXPr",Positif
MBG aja dipaksain,Negatif
Foto : Program MBG Beri Manfaat Ibu Hamil dan Anak-Anak di Sumba https://t.co/qOpG1yYYvA,Netral
@PreciosaKanti Lha kok SD SMP SMA gratis segala..makan bergizi gratis aja budget kembang kempis 🤪🤪🤪,Positif
"Yailah alkohol aja pake klarifikasi, noh keracunan mbg diurus",Negatif
"Program MBG di Malteng Terkendala, Dinas Pendidikan Tak Dilibatkan @setkabgoid @KemensetnegRI #Program #MBG #Malteng #Terkendala #Berita #News #Info #Maluku

https://t.co/rtMnQeSwUZ",Netral
ini menu mbg kah,Netral
"@derajat_rizky @chrono_joe @archvidz @IndoPopBase Analisis pernyataan tentang program makan siang gratis Indonesia berdasarkan data resmi menunjukkan: 

1. Dampak Ekonomi: Program dengan anggaran 217,8 triliun rupiah (2026) berpotensi meningkatkan ekonomi melalui permintaan pertanian lokal dan pengurangan biaya kesehatan. Namun,",Netral
"Vincencia Toma, ibu hamil (bumil), warga Desa Radamata, Sumba Barat Daya, NTT, mengaku merasakan banyak manfaat dari Program Makan Bergizi Gratis (MBG), seperti memenuhi kebutuhan gizi hingga membuat anak makan dengan lahap. https://t.co/UFIIAUGh6M",Netral
"Program makan bergizi gratis untuk anak-anak Indonesia adalah investasi besar untuk masa depan bangsa. Dengan gizi yang cukup, generasi muda akan tumbuh sehat, cerdas, dan siap bersaing di kancah global
#MakanBergiziGratis #DukungProgramPrabowo #GenerasiSehat #MBGUntukIndonesia https://t.co/cvIsnhNdqh",Positif
Miris. Gimana negara ini maju kalau anggaran buat MBG lebih besar daripada anggaran buat pendidikan dan kesehatan🥲,Negatif
#MBG 🥲 tlg evaluasi sebelum ada korban nyawa anak.,Netral
Soluai peningkatan pengaangguran adalah MBG...ya ampun otak nya dimana sih pem ini,Negatif
"@RakaSwara25 @TxtDariSabut @Jae_dya22 @PraharaTemaram @tanyakanrl Gua komen gitu gua ngasih solusi, gua ngasih tau bahwa banyak program kuliah gratis karena gua pernah diposisi sender nya juga .

Tapi ada anomali yang Dateng tiba2 nanya "" lu pilih program kuliah gratis apa makan siang gratis "" damn so stupid dude",Negatif
"@BPerkasa89 @MemeComicIndo Tidak ada bukti langsung bahwa Dadan Hindayana tersandung korupsi, namun program MBG yang ia pimpin mendapat sorotan karena masalah tata kelola, seperti kasus keracunan makanan dan pengawasan minim. Pernyataannya tentang 6 bayi lahir per menit mendekati data resmi (sekitar 9 bayi",Positif
Mari Kita Dukung Program Makan Bergizi Gratis https://t.co/90CLI3BNNZ,Netral
"gila deh makan siang model begini napsu jg engga bgst, makan siang gratis pak prabowo lebih enak kykny, mending gw makan di barak militer kdm jir https://t.co/4icAAHgNNy",Negatif
"Dukung Program Makan Bergizi Gratis

#MakanBergiziGratis #GenerasiEmas #IndonesiaMaju https://t.co/e0fFZV4gX6",Netral
"Makan bergizi gratis untuk Indonesia
#MakanBergiziGratis #GenerasiCemerlang #IndonesiaMaju https://t.co/7aMgkfo7RK",Positif
Makan Bergizi Gratis Bantu Penuhi Kadar Gizi Anak Indonesia #PenuhiGiziIndonesia https://t.co/rOoUDEG24y,Netral
"Program makan bergizi gratis bentuk nyata negara hadir untuk rakyat
#MakanBergiziGratis #GenerasiEmas #IndonesiaMaju https://t.co/aWWzI6xzSP",Netral
"Dukung Program Makan Bergizi Gratis 
#MakanBergiziGratis #GenerasiEmas #IndonesiaMaju https://t.co/V7ZNUNTJIt",Netral
"Babinsa Koramil 09/Mauk, Peltu Dedi Andrianto melaksanakan pendampingan dan monitoring pelaksanaan program Makan Bergizi Gratis (MBG) di sekolah Yayasan La Tanza Sejahtera, Kecamatan Kemiri, Kabupaten Tangerang, Senin (30/06/2025). https://t.co/RDX4EAGHzD",Netral
Mari Kita Dukung Program Makan Bergizi Gratis https://t.co/8YR0kXSPDY,Netral
"Makan bergizi gratis untuk Generasi Cemerlang, wujudkan Indonesia Maju! Ayo dukung masa depan sehat dan cerdas! 🍎📚💪 https://t.co/Ki7WEx6nrd",Positif
"Pemerintah ajak masyarakat berperan aktif untuk menyukseskan program Makan Bergizi Gratis (MBG). 
#mbg #pemerintah #masyarakat #sukseskan #mbg https://t.co/NO7S0Xe05h",Netral
"Lewat program Makan Bergizi Gratis, anak-anak bisa tumbuh sehat dan cerdas #MakanBergiziGratis #GenerasiCemerlang https://t.co/qCdneXK8qE",Positif
mbg this mbg that inilah mbg versi gW https://t.co/zveSLcpYmw,Negatif
Program makan bergizi gratis penuhi gizi anak-anak menuju Indonesia Emas 2045 #PenuhiGiziIndonesia https://t.co/tG9opk4hJ5,Netral
"Program Makan Bergizi Gratis (MBG) kini hadir sebagai investasi krusial bagi masa depan anak-anak Indonesia dengan menyediakan asupan gizi lengkap yang memastikan setiap anak tumbuh optimal, cerdas, dan berdaya.

Selengkapnya kunjungi :

https://t.co/DrgXZP65BY https://t.co/2bvw1lljaS",Positif
"Nikmati prosesnya sambil menantikan hasilnya.

Percaya rencana Tuhan lebih indah.

Teruslah naik tanpa harus menjatuhkan orang lain.

Terus tingkatkan value utk mencapai keberhasilan, krn tidak ada makan siang gratis.

Pada akhirnya hidupmu adalah tanggung jawabmu sendiri 100%.",Positif
Program Makan Bergizi Gratis dukung anak tumbuh sehat dan cerdas #MakanBergiziGratis #GenerasiCemerlang #IndonesiaMaju https://t.co/ZJtHvfNTib,Netral
"Senin, 30/06/2025 - Bhabinkamtibmas Kupang Aiptu Suparyadi, melaksanakan pengamanan &amp; monitoring pelaksanaan Makan Bergizi Gratis di SMP 5 Ambarawa.

#polressemarang #polsekambarawa #polriuntukmasyarakat #kamipolisibaik https://t.co/LOgyf8lsFc",Netral
mana makan siang gratis buat manser wok😡 @prabowo,Positif
Makan siang gratis langkah kecil demi kemajuan besar bangsa Indonesia #PenuhiGiziIndonesia https://t.co/1TKGlDZnrB,Positif
"Badan Penyelenggara Jaminan Sosial Ktenagakerjaan dan BGN resmi teken nota kesepahaman yg memberikn jaminan prlindungan trhadap para relawn di SPPG program makan bergizi gratis. Lanjutkan MBG
#MBGSiapkanGenerasiEmas
. 
Senin Morninggg 3CE X POND Dewi Sri Spa DM or WA LINGORM ONLY https://t.co/3gxdir7ziY",Netral
"Anak-anak sehat, belajar pun semangat.
Makan bergizi gratis adalah investasi untuk masa depan bangsa.
#MakanBergiziGratis #GenerasiCemerlang #IndonesiaMaju https://t.co/IXfNEIFuRn",Positif
"Dari dapur ke mimpi besar.
Program makan bergizi gratis jadi jembatan lahirnya generasi emas Indonesia.
#MakanBergiziGratis #GenerasiCemerlang #IndonesiaMaju https://t.co/7YToeVH2sR",Positif
"Bhabinkamtibmas Polsek Muara Batang Gadis Aiptu S. Bahri Lubis melaksanakan sambang dan silaturahmi warga sekaligus menyampaikan hambauan kamtibmas, di Loket Travel Aek Mais Desa Tabuyung Kec. Muara Batang Gadis Kab. Madina. (30/06/2025) https://t.co/53UpYakTyT",Netral
"Nampan aja Import??!
Lemah banget Bangsa ini. Kenapa tidak memberdayakan Produk lokal aja?😠

|Pemerintah Permudah Impor Nampan Cs Demi Makan Bergizi Gratis
https://t.co/5HqC4iwffL",Negatif
"Acara ini dihadiri oleh Anggota Komisi IX DPR RI Indah Kurniawati, Kepala Desa Bangah. Indah menekankan pentingnya program MBG sebagai bagian dari strategi nasional menyambut bonus demografi 2045.

#MBGSiapkanGenerasiEmas
Lanjutkan MBG Matcha Polri My Love #ODSD https://t.co/62DNWLif0l",Netral
"Siswa Dapat Paket MBG Siap Santap dan Makanan Kemasan Selama Libur Sekolah
https://t.co/WLJNAI3hD4",Netral
loh mbg masih ad ya ternyata,Negatif
lunch kantor udh kayak mbg 🤣 https://t.co/6kLPyR4v85,Negatif
"MBG bikin anak-anak makin sehat &amp; pinter!
Program Makan Bergizi Gratis ini gokil banget, bantu lahirin generasi cemerlang yang siap cetak prestasi.
#MakanBergiziGratis #GenerasiCemerlang #IndonesiaMaju https://t.co/czSzvKLBZS",Positif
"Program MBG mencegah stunting, menyongsong generasi unggul https://t.co/JRTjhybga9",Netral
AHY Resmikan Dapur MBG di Bekasi: Infrastruktur Sosial Pilar Ketahanan Gizi Nasional - https://t.co/Ji6sh9938M | Kata-kata Dalam Berita https://t.co/JcNdZkLxK4,Netral
Ada-ada aja RP Yeonjun buzzer MBG,Netral
Dari awal dia rilis trayek Jateng aja wes tak prediksi bakal absurd dan skeptis dan angel lek bakal sesukses trayek lawase ditambah unit perintis seng wes cukup sering koklok plus manajemen e ga gelem nerimo kritikan customer podo mbg maniane doa terbaik ae wes,Positif
Program Makan Bergizi Gratis Dikepung Risiko Korupsi Sistemik – Transparency International Indonesia https://t.co/xGn72rKrRy,Netral
"Halo #Sahabatdata
Kepala BPS Kabupaten Temanggung, Henri Wagiyanto beserta Tim Supervisi Kegiatan Survei Monitoring dan Evaluasi Program Makan Bergizi Gratis (MBG) BPS Provinsi Jawa Tengah , Arjuliwondo dan A'idzin melakukan supervisi langsung kegiatan Survei Monitoring dan https://t.co/2eue6cFJjl",Netral
"Libur sekolah? Gizi tetap harus jalan, dong. Soalnya lapar enggak kenal kalender. Ye gak?
https://t.co/MIHg1fW7iD",Positif
"Dukung Program Makan Bergizi Gratis, RI Impor 1 Juta Ekor Sapi Perah https://t.co/s7rWLEIJbA",Netral
Program Makan Bergizi Gratis (MBG) tetap berjalan selama 6 hari di masa libur sekolah. Distribusi makanan akan dilakukan 2 kali dalam seminggu. https://t.co/OINKco0sDL,Netral
"Polrestabes Palembang Berbagi Makan Siang Gratis Melalui Polsek Plaju

Sebagai bentuk perhatian dan kepedulian terhadap masyarakat, Polrestabes Palembang melalui jajaran Polsek Plaju kembali menyalurkan bantuan sosial berupa makan siang gratis kepada warga yang membutuhkan. https://t.co/Mys4kyBZlk",Netral
"Dinas Ketahanan Pangan Mengikuti Rapat Koordinasi Survei Monitoring dan Evaluasi Program Makan Bergizi Gratis (MBC) Tahun 2025 di Provinsi Kalimantan Tengah, Rabu (30/7/2025) https://t.co/jN8g4RIBh2",Netral
"Gudang Vodca PIK terbesar di Asia Tenggara tarif import 0% free cukai minuman Russia Vodca America Vodca 🇺🇸🇮🇩🇷🇺🖼🚲🎨🖌🎖😱🙀CRS littlestar Louvre REDLINE RUSSIA Kremlin Ontel Army KOMCAD 3 Program Nasional Pemerintah(sekolah rakyat,makan bergizi gratis,ontelarmy KOMCAD) https://t.co/X1n8aj2FF7",Netral
"tidak ada makan siang yg gratis
literally

dipajekin semuanya untuk makan siang gratis yg tidak berigizi",Negatif
"Wakil Bupati Kudus Bellinda Birton hadiri Rapat Koordinasi Badan Gizi Nasional (BGN) di Gradhika Bhakti Praja, Semarang, Kamis (31/7/2025). Rapat menghasilkan keputusan penunjukan wakil bupati/wakil wali kota sebagai Ketua Satgas Makan Bergizi Gratis (MGB) di masing-masing daerah https://t.co/meYSlFo7Mu",Netral
"Program prioritas makan bergizi gratis buka jutaan lapangan pekerjaan bagi masyarakat Indonesia
#FaktaIndonesia
#MakanBergiziGratis
#DukungMakanBergiziGratis
#DukungProgramMakanBergiziGratis https://t.co/voPf69ITKe",Netral
"Dukung Program Makan Bergizi Gratis
#FaktaIndonesia
#MakanBergiziGratis
#DukungMakanBergiziGratis
#DukungProgramMakanBergiziGratis https://t.co/h1NWOMarmA",Netral
"MBG ditolak orangtua siswa di Kupang? 

Usai 140 siswa keracunan di SMP Negeri di Kupang, NTT, para orangtua memilih menolak MBG. 

Nah lo…! 

Sc: kompastv https://t.co/5ZxILqaKum",Netral
Program Makan Bergizi Gratis Membuat Anak-anak Papua Tumbuh Sehat Dan Cerdas https://t.co/hSNCEiN6LM,Netral
"Makan Bergizi Gratis (MBG) di Sumba Barat Daya, Nusa Tenggara Timur (NTT), berbagi cerita manfaat yang dia dan anaknya terima dari salah satu program prioritas pemerintahan Presiden Prabowo Subianto itu. https://t.co/2GA3hw3x2U",Positif
SINERGITAS STAKEHOLDERS ADALAH KUNCI KEBERHASILAN PROGRAM MAKAN BERGIZI GRATIS DI PAPUA. https://t.co/9Vqycif4Se,Positif
"Kepala Kepolisian Resor Balangan AKBP Dr. Yulianor Abdi, S.H.,S.I.K.,M.H. Hadiri Rakor Satgas Program Makan Bergizi Gratis (MBG) Kabupaten Balangan https://t.co/hYSvRi8HA5",Netral
"Ya jelaslah ortunsiswa masih takut dan trauma kalo anak-anak mereka bakal keracunan lagi. 

Emang kudu direview lagi nih MBG, sampe ditolak gitu…",Negatif
"Dengan makan bergizi gratis, anak anak mendapat gizi yang merata
#FaktaIndonesia
#MakanBergiziGratis
#DukungMakanBergiziGratis
#DukungProgramMakanBergiziGratis https://t.co/5n9M28qdoz",Positif
"BRI bantu UMKM jadi pemasok program Makan Bergizi Gratis. Maju bersama, sehat bersama!
#BRIMenguatkanEkonomi #qrisbri https://t.co/3CrBJjWAVp",Netral
"@mohmahfudmd Ah, gak juga, gak ada makan siang gratis, yg tersisa cuma rakyat dihimpit pajak sana sini. https://t.co/6zW1giKfsV",Negatif
"Gua yg sedih. 😭 Prabowo anjing, SEMUA ANJING. 😭😭😭 BISA BISA NYA PROGRAM PENDIDIKAN GRATIS KALAH SAMA MAKAN SIANG GRATIS, NGENTOOOOOT.",Negatif
"Makan Bergizi Gratis, dukungan program pemerintah untuk generasi penerus bangsa! #FaktaIndonesia #MakanBergiziGratis #DukungMakanBergiziGratis #DukungProgramMakanBergiziGratis https://t.co/OaN13S4NGl",Netral
"PPn dihapus, PPh naik 2x lipat, pajak mining bitcoin naik 2x lipat. Lo mau untung atau rugi, negara ga peduli, pajak gede tetep jalan. Negara lebih suka lo miskin. Makan siang gratis ga akan buat anak pintar, tp pendidikan gratis punya probabilitas anak2 Indo ga tolol2 bgt. https://t.co/D04D6cL1rz",Negatif
"Polsek Sungai Kunjang Monitoring Pembagian Makan Bergizi Gratis untuk Siswa

@Poldakaltim
@polrestasamarinda
@beritaterkinismr
@busamid
@kabarsamarinda_official
#haribhayangkarake79 
#polriuntukmasyarakat
#poldakaltim
#polrestasamarinda
#polripresisi
#PASTI https://t.co/9VRjUUGenm",Netral
Makan Bergizi Gratis Mencerdaskan Generasi Emas Papua https://t.co/BgdOWy5eeF,Positif
"Bersama Program Makan Bergizi Gratis, masa depan anak-anak jadi terjamin 
#FaktaIndonesia
#MakanBergiziGratis
#DukungMakanBergiziGratis
#DukungProgramMakanBergiziGratis https://t.co/6Z9fsunYNy",Positif
"Kamis, 31 Juli 2025 Pukul 08.00 Wita di Wilayah Kodim 1408/Makassar dilaksanakan penyaluran Makan bergizi gratis oleh SPPG (Satuan Pelayanan Pemenuhan Gizi) Kota Makassar. https://t.co/YEJCgnlqlt",Netral
"Anak-anak sehat menentukan masa depan kuat untuk Indonesia.

Yuk simak langkah Kementerian PANRB dalam mendukung program Makan Bergizi Gratis! https://t.co/C9Bo0NxInH",Netral
"Program “Makan Bergizi Gratis” Presiden Prabowo Hadir di Konawe Utara: 3.475 Siswa dan Balita Terima Manfaat di Wilayah Kodim 1430/Konut

Baca selengkapnya di https://t.co/2eklyiqAPD https://t.co/LoaCVMmYP2",Netral
"Babinsa Koramil 0908-01/Loktuan Monitoring Pendistribusian Makan Bergizi Gratis
https://t.co/wbs9jDZ8OX

#tniprima
#profesional
#responsif
#integratif
#modern
#adaptif https://t.co/C1McwP3mIh",Netral
"Program Makan Bergizi Gratis bikin  anak-anak jadi semakin tumbuh cerdas dan berinovasi.
#FaktaIndonesia
#MakanBergiziGratis
#DukungMakanBergiziGratis
#DukungProgramMakanBergiziGratis https://t.co/U8CHopGZf5",Positif
"Program makan bergizi gratis pun didukung BRI lewat penyaluran KUR ke UMKM pemasoknya.
#BRIMenguatkanEkonomi #qrisbri https://t.co/2XYDTZLT9C",Netral
"Dulu @prabowo mengklaim Para Pimpinan Negara ingin Pelajari makan Bergizi Gratis 🤣🤣 gak ada bedanya dengan Jokowi bilang "" Investor Banyak yg antri ke kita "" https://t.co/pLHN52x28a",Negatif
"@bonapasogit24 @ebonXboy @RIPDEMOKRASI @asmawan_ed72119 @DianSandiU @_aji_satrio_ @3rwin__34 @ProfylHenuk @PCReborn172737 @Ary_PrasKe2 @KRMT_RoySuryo @RoySuryo_asli @SianiparRismon @blank0429 @JimlyAs @mohmahfudmd @TOPssstt @beulangong174 @WayangPedalaman @gibran_tweet @adearmando61 @sukmawijaya91 ""Di luar negri, makan bergizi gratis bikin siswa semangat belajar. Di Indonesia, program MBG malah bikin anak-anak semangat ke IGD. Katanya makan bergizi, nyatanya menu ala kadarnya—gizi nol, risiko tinggi. Ini program makan atau uji nyali?""
Makan sepuasnya 👇 https://t.co/KQLCE39rTG",Positif
"makan bergizi gratis, itu duit rakyat anjing, lu semua mau aja ditipu sama pemerintah pake embel embel gratis, lu kira itu MBG pake duit prab apaa😭😭, cape bangett anjing ngetik kaya gini monyet",Negatif
"Ketua Umum PBNU, KH Yahya Cholil Staquf, menyerukan Program Makan Bergizi Gratis sebagai investasi SDM jangka panjang. Dukungan penuh dari PBNU untuk masa depan generasi penerus bangsa! #PBNU #MakanBergiziGratis #InvestasiSDM #GenerasiMaju #IndonesiaHebat https://t.co/IGCyvRjSaw",Netral
"Makan Bergizi Gratis bukan hanya tentang makanan, tapi tentang masa depan! Ayo dukung! #MakanBergiziGratis #DukungProgramPemerintah #GenerasiSehatIndonesia #GiziAnakBangsa https://t.co/cFUH33kjjr",Positif
"Sobat Humas Polri
.
.
.
Polda NTT Distribusikan 2.631 Porsi Makan Bergizi Gratis, Pastikan Menu Aman dan Sesuai Standarsnya generasi muda,” tutup Kombes Henry.

#polriuntukmasyarakat #poldantt #kapoldantt  #polridukungmakanbergizigratis #humaspoldantt #makanbergizigratis https://t.co/4jXn1Fbicm",Netral
Penyaluran KUR ini juga menyasar kepada UMKM yang menjadi supplier pada program Makan Bergizi Gratis di seluruh Indonesia #BRIMenguatkanEkonomi #qrisbri https://t.co/I02JbAYTWi,Netral
"kalau ga pinter tuh minimal mau belajar biar nambah wawasannya, nambah wawasan itu yg bikin pinter
ini mah udh ga pinter, gamau belajar, asbun pula ckckckck
that’s why negara ini lebih butuh pendikan gratis ketimbang makan bergizi gratis",Negatif
"Feeding the Future pada 23 Juli 2025. Acara ini menjadi wadah penguatan komitmen global terhadap program Makan Bergizi Gratis (MBG) melalui pendekatan multisektor lintas negara.
📷 Dihadiri oleh 46 perwakilan negara dan mitra pembangunan
📷 Menyoroti pentingnya https://t.co/nhVOeGXlIt",Netral
"Tingkat Kehadiran Siswa Meningkat 95 Persen Setelah Ada MBG, Kata Kepala BGN

https://t.co/50uU0O89xc",Netral
"Bangga dukung MBG (Makan Bergizi Gratis)! Bersama kita sehatkan negeri. Anak-anak sehat, bangsa kuat. Ayo dukung Program Makan Bergizi Gratis demi generasi emas Indonesia! #FaktaIndonesia
#MakanBergiziGratis
#DukungMakanBergiziGratis
#DukungProgramMakanBergiziGratis https://t.co/D20MlpyfyI",Positif
"Babinsa Ela-Ela Pantau Program Makan Siang Gratis di SDN 322 Ela-Ela

BULUKUMBA – Babinsa Kelurahan Ela-Ela, Serka Muhsin melaksanakan pemantauan pelaksanaan program makan siang gratis di SDN 322 Ela-Ela, Kecamatan Ujung Bulu, Kabupaten Bulukumba, Kamis, 31 Juli 2025. https://t.co/fVwbNxxlup",Netral
"Beranda IG
1. PPATK
2. TANAH DIKASII ORMAS
3. MBG ADA YG KERACUNAN
4. TRANSFER DATA KE AS
5. Dokumen Tanah tradisional di hapus
6. Klaim BPJS bayar sendiri 10%
7.pengguna sosmed dipajakkin
8. Dananntara mau bikin kilang di AS
9. Buaya di Bekasi
10. Galian bikin macet lagi",Netral
Makan bergizi gratis untuk semua! 🍎🥦 Dukung hidup sehat bersama 💚 #MakanBergiziGratis https://t.co/SpuL5IZqFM,Positif
"Bhabinkamtibmas Polsek Muara Batang Gadis Aiptu S. Bahri Lubis melaksanakan sambang dan Patroli  untuk antisipasi gangguan kamtibmas, di Seputaran Desa Tabuyung Kec. Muara Batang Gadis Kab. Madina. (31/07/2025) https://t.co/J9g8sjewia",Netral
"Pastikan MBG Aman Dan Lengkap, Babinsa Koramil Klungkung Beri Pendampingan

#TNIPRIMA #TNIADPrima #TNIADbekerjadenganhati #TNIADDihatiRakyat #TNIADBerjuangBersamaRakyat #PrajaRaksakaPeduliRakyat #PangdamUdayana https://t.co/0wYCcTaUiE",Netral
"Pak presiden @prabowo kami support dan dukung anda.
Waspada tindakan bawahan anda yg sengaja terus menerus membuat gaduh dimasyarakat bawah dg kebijakan2 yg tidak populer.
Tujuannya jelas untuk mendelegitimasi pemerintah anda .
Kisruh di MBG masih ada pak.",Negatif
kontol kontol makan bergizi gratis apaan makan BERACUN gratis kali 😂😂😂😂😂,Negatif
PBNU Dorong Program Makan Bergizi Gratis Sebagai Prioritas Pembangunan SDM https://t.co/7CmKmyBUzb,Netral
Babinsa Koramil 06/Kedungwuni Kodim 0710/Pekalongan Korem 071/Wk Serma Adi Susanto dan Serka Tarto Dwiono melaksanakan sambang dan pendataan siswa siswi guna program Makan Bergizi Gratis di sekolah sekolah wilayah Kecamatan Kedungwuni. https://t.co/g3Ph5yeMu9,Netral
"@JimlyAs Hebat apaan. Gak ada makan siang gratis, sisa rakyat sendirian. https://t.co/M62WvKh0bG",Negatif
"Australia Bakal Bantu Program MBG, Dukung Prabowo Wujudkan Swasembada Pangan 
https://t.co/C9s3O4KP9w",Netral
"Siswa dari dua SMP di Wates, Kulon Progo mengeluhkan sakit perut  hingga diare setelah menyantap menu Makan Bergizi Gratis. Penyedia MBG bagi dua sekolah  tersebut buka suara.

via @detikjogja_

https://t.co/80vFwPZJvY",Netral
Masyarakat Manokwari Selatan Antusias Sambut Program Makan Bergizi Gratis di Papua Barat https://t.co/xuYR4xGtQ3,Netral
@pdfeverr Pokoknya intinya bem u ngomong kalo bakal terus mengkritisi kebijakan kabinet prabowo gibran terus mention makan bergizi gratis juga kak,Netral
SERGAI — https://t.co/LHmgMshEN0 | Kabupaten Serdang Bedagai (Sergai) kembali mencuri perhatian nasional dengan ditunjuknya sebagai lokasi sosialisasi Program Makan Bergizi Gratis (MBG) Presiden Prabowo Subianto di Sumatera Utara.,Netral
"@KompasTV Dulu @prabowo mengklaim Para Pimpinan Negara ingin Pelajari makan Bergizi Gratis 🤣🤣 gak ada bedanya dengan Jokowi bilang "" Investor Banyak yg antri ke kita "" https://t.co/toqZMlsAUq",Negatif
"suruh pejabat hidup dengan duit 20rb/hari. suruh pejabat ganti makan siangnya dengan MBG. suruh pejabat hanya pakai asuransi kesehatan BPJS. kalo mereka ngamuk, ya berarti harus diperbaiki.",Negatif
"Dengan adanya Makan Bergizi Gratis, angka stunting dapat ditekan dan kualitas hidup anak Papua meningkat #papua #papuatengah #papuahits #jayapura #nabire #jayawijaya #merauke #mbg #mbgpapua #MBGMajukanPapua https://t.co/Syk8FTmnTp",Positif
"jika mantau langsung seharusnya beliau tau:
- MBG masih belum tepat guna, dan ada kasus keracunan yg korbannya bernyawa, bukan angka
- PPATK memaksa masyarakat menggerakkan uangnya di bank dengan ancaman pembekuan rekening
- Kekerasan kepada orang beribadah masi terjadi
lanjutkan",Negatif
"Dalam rangka mendukung serta mensukseskan program pemerintah yaitu program Presiden RI H Prabowo Subianto , Dandim 0116/Nagan Raya Letkol Inf Irfan Hade Fitrianto melaksanakan peninjauan Dapur Program Makan Bergizi Gratis (MBG) Desa Parom Kecamatan Seunagan Kabupaten Nagan Raya, https://t.co/RfKaYpWAng",Netral
PBNU DORONG PROGRAM MAKAN BERGIZI GRATIS SEBAGAI PRIORITAS PEMBANGUNAN SDM https://t.co/OrFmnLMenz,Netral
Salah satu orang paling berpengaruh dibidang LLM chatbot aja udah memperingati bahaya AI 😱🥶🥶,Negatif
"@seninxkamis @IndoPopBase Gak ada makan siang gratis. Tinggal tunggu reshuffle aja ini, tom lembong dan kader PDIP dpt jatah apa. PDIP udh fix dukug pemerintah 😂 https://t.co/X5nRE1F2Q8",Negatif
"Personil Polsek Muara Batang Gadis melaksanakan Apel Pagi yang dipimpin Kapolsek Iptu Akmaluddin,S.H.,M.H. (31/07/2025) https://t.co/sqofuwlmBg",Netral
Makan bergizi gratis untuk semua! 🍎🥦 Dukung hidup sehat bersama 💚 #MakanBergiziGratis https://t.co/jEwF2N66Fn,Positif
"@STresnowati1 Sekali sekali ada makan siang gratis?  Hampir ga  ada, setidaknya sementara ini baik utk banyak pihak. Hidup Jokowi",Positif
"Info yang ngevideoin pas sebelum nyanyi mars buruh, yang nyebut2 Prabowo Gibran sama MBG juga",Netral
"Bhabinkamtibmas Polsek Muara Batang Gadis Aiptu S. Bahri Lubis melaksanakan Sosialisasi dan Penempelan Himbauan Tentang Larangan Karhutla, di Kedai Kopi milik Sdr. Amrin Desa Tabuyung Kec. Muara Batang Gadis Kab. Madina. (31/07/2025) https://t.co/IRpaN7aC0h",Netral
@kumparan Gak ada makan siang gratis termasuk MBG. Moon maap ni tp sebaiknya kita pantau dulu perkembangannya. Banyak kemungkinan yg bisa kejadian setelah ini. ☕,Positif
@Kaisar_Blues @SantiaFerna Tdk ada makan siang gratis...bayarannya di 2029,Negatif
"Program Makan Bergizi Gratis terbukti beri segudang manfaat untuk kesehatan dan perekonomian masyarakat

#PenuhiGiziIndonesia https://t.co/QiZ5xleBp4",Positif
"Program Makan Bergizi Gratis (MBG) tidak hanya mendukung kesehatan anak, tetapi juga mendorong perputaran ekonomi lokal

#PenuhiGiziIndonesia https://t.co/9DcYOjYNrP",Positif
"Program MBG serap 94 ribu tenaga kerja selama 7 bulan pelaksanaan
https://t.co/O0aSzP0h1K",Netral
@idextratime Sekolah di indo aja ada makan bergizi gratis,Positif
"Wamen Fajar: Program Makan Bergizi Gratis Bangun Karakter Positif dan Motivasi Belajar Murid 
@Kemdikdasmen
@TV9NUsantara
https://t.co/63cxNqIkzz",Netral
"@txtdrimedia udah di kasi ""Memberantas Korupsi dan Menegakkan Hukum Tanpa Tebang Pilih""

malah pilih makan siang gratis 🫣",Negatif
"MBG (MAKAN BERGIZI GRATIS) 
""Kalo ini beneran MBG yg gak ada racun dan belatungnya.
Sangat higienis, bergizi, nikmat, dan lezat! 
Selamat menikmati wahai para pejabat yg terhormat!""

#Ngik https://t.co/jNabamFr2W",Positif
"Australia Bakal Bantu Program MBG, Dukung Prabowo Wujudkan Swasembada Pangan

https://t.co/zo1hdsr5ZS",Netral
"Sufmi Dasco menyoroti kasus keracunan masal dalam program makan bergizi gratis, termasuk insiden di Kupang. Ia mendesak BGN untuk bertindak tegas guna mencegah terulangnya kejadian serupa dan memastikan keamanan program https://t.co/jXD5gXxtBH",Netral
Masyarakat Cilacap Didorong Tanam Sayur dan Beternak Dukung Dapur Sehat MBG https://t.co/yonJGA6mJl,Netral
"Dukung Program Makan Bergizi Gratis

#FaktaIndonesia
#MakanBergiziGratis
#DukungMakanBergiziGratis
#DukungProgramMakanBergiziGratis https://t.co/AzaSBlm0jg",Netral
"Apakah ini ""Makan Siang Gratis""?
https://t.co/Jem49ke9yg",Negatif
"Program Makan Bergizi Gratis, Jateng Masih Butuh 2.418 Dapur SPPG
https://t.co/edCyLegfai",Netral
"Ketika kau belum mampu menyediakan lapangan pekerjaan bagi rakyatmu,  

Ketika kau belum mampu mensejahterakan rakyatmu dari harga bahan-bahan kebutuhan hidup yang terus melonjak,

Ketika kau belum mampu menjamin MBG tidak lagi basi dan beracun,  

Paling tidak Jangan kau buat https://t.co/h88FduJyVB",Negatif
"BPOM RI sudah mengantongi hasil uji laboratorium sampel menu makan bergizi gratis (MBG) yang diduga membuat ratusan siswa di SMPN 8 Kupang mengalami keracunan.
https://t.co/eojYSmRDeH",Netral
"Bekali anak2 kita dg norit.

Untal 3-7 butir setelah MAKAN SIANG GRATIS. 

Semoga membantu.
&gt;&gt;",Positif
"Makan bergizi gratis untuk meningkatkan kualitas hidup generasi bangsa
#PenuhiGiziIndonesia https://t.co/uGIiSKcsw9",Positif
"lihat saja Peipei sedang quality control makanan untuk para peserta mbg di casa the cump 🙂‍↕️

**tempat makan biasanya mba masukin ke kandang sementara botoy klo lagi ngebiarin pei keluar rumah, ytta https://t.co/M46xl7tXMP",Positif
"Menteri PPPA Sebut Ada Evaluasi Usai Sejumlah Anak Keracunan MBG 

https://t.co/kxwevNFEOr",Netral
"Hampir tiap minggu ada kejadian Makan Beracun Gratis ato Makan Belatung Gratis, tp pemerintah gak ada tindakan nyata !!
Udah gagal terus msh ngeyel

""Sejumlah Siswa di 2 SMP Kulon Progo Muntah-Diare Usai Santap MBG"" https://t.co/BmdiUo6YOJ",Negatif
"Program makan bergizi gratis bertujuan untuk meningkatkan gizi anak-anak Indonesia

#PenuhiGiziIndonesia https://t.co/cZaAGudxXq",Netral
"Sinergitas stakeholders adalah kunci keberhasilan program makan bergizi gratis di Papua
#WestPapua #BangunPapua https://t.co/wysMZ4BNfa",Positif
"Program Makan Bergizi Gratis, masa depan anak-anak jadi terjamin dan semakin tumbuh cerdas dan berinovasi.

#FaktaIndonesia
#MakanBergiziGratis
#DukungMakanBergiziGratis
#DukungProgramMakanBergiziGratis https://t.co/SOB4AJHJ12",Positif
"Anggota Komisi D DPRD DIY Kunjungi SPPG Polda DIY, Dukung Program Makan Bergizi Gratis untuk Indonesia Emas 2045 https://t.co/oJyt6MjUh9",Netral
"Menteri Ketenagakerjaan (Menaker) Yassierli membuka pelatihan berbasis kompetensi dan program tailor Made training (TMT) di Lombok Timur, Nusa Tenggara Barat (NTB) guna mendukung program Makan Bergizi Gratis (MBG).

https://t.co/pjhBAZEwB2

#beritaViral",Netral
"Begini nih baru bener makan makan bergizi gratis itu..

(Eh,itu bukannya makan besar dibiayai negara ya..?) 🤭😊😀 https://t.co/fAfibeDmVp",Negatif
"Puluhan Siswa di Kulonprogo Keracunan Makanan MBG, Gejala Mual hingga Diare
https://t.co/NPHWPm54Sr",Netral
"Australia Ingin Bantu Program MBG dan Dukung Swasembada di Indonesia

https://t.co/IEEhtjVADD",Netral
"Dinkes Kulonprogo Investigasi Puluhan Siswa Keracunan MBG, Sampel Akan Diuji di Laboratorium
https://t.co/mNMfAibu4E",Netral
Meminta kemanusiaan @kurawa masalah sayur kol sbg menu makan siang gratis,Netral
Mereka itu lah yang makan bergizi gratis sesungguhnya 🤣,Negatif
"Jamin Pola Hidup Sehat, Program Makan Bergizi Gratis Hadir di Bengkulu Utara https://t.co/nS5KnYoaTS",Netral
ANTARA - Ibu rumah tangga di Sei Rampah ikut terima manfaat MBG https://t.co/yq0Pfmb2Fh,Netral
"@toniheru Pendapat saya tentang kebijakan fiskal pemerintahan Prabowo saat ini: Ekspansif dengan program makan gratis (Rp121T) dan infrastruktur, tapi defisit anggaran naik ke Rp662T (proyeksi Juli 2025), mendekati batas 3% PDB. Ini berisiko jika pertumbuhan hanya 4,8-5%, meski stimulus",Netral
Weeeeeeh ... kompromi ini? Atau tawar menawar scr politik ? .... ingat tdk ada makan siang gratis,Negatif
"Sejumlah siswa SMP Muhammadiyah 2 Wates dan SMPN 3 Wates di Kulon Progo mengeluh sakit perut, muntah, hingga diare usai menyantap menu Makan Bergizi Gratis.

via @detikjogja_ 

https://t.co/yWTKy2BKBs",Netral
"Anak sehat, bangsa kuat! Mari dukung program Makan Bergizi Gratis untuk masa depan Indonesia yang lebih cerah. Setiap piring bergizi hari ini adalah investasi untuk generasi emas esok hari!""
#MakanBergiziGratis
#DukungAnakSehat
#GenerasiEmasIndonesia
#GiziUntukPrestasi https://t.co/4QhSrnj1cE",Positif
"Makan Bergizi Gratis (MBG) untuk Kelompok 3B (Bumil-ibu hamil🤰, Busui-ibu menyusui 🤱, dan Balita 👶).

🎯 Program MBG ini adalah perintah langsung Presiden @prabowo, Menteri Wihaji menegaskan pentingnya pengawasan agar bantuan tepat sasaran:",Netral
"Anggota Komisi IX DPR RI Eko Kurnia Ningsih menyebut pemerintah pusat menjamin gizi anak-anak di Indonesia, khususnya Kabupaten Bengkulu Utara, melalui Program Makan Bergizi Gratis (MBG).https://t.co/PoZS55rQDS",Netral
Program Makan Bergizi Gratis Membuat Anak-anak Papua Tumbuh Sehat Dan Cerdas https://t.co/2RnxyFIhar,Netral
"BPOM RI sudah mengantongi hasil uji laboratorium sampel menu makan bergizi gratis (MBG) yang diduga membuat ratusan siswa di SMPN 8 Kupang mengalami keracunan.
https://t.co/559ZbGwdGt",Netral
"Wamen Fajar : Program Makan Bergizi Gratis Bangun Karakter Positif dan Motivasi Belajar Murid https://t.co/PYxASP5G6s #beritaterkini
#beritaviral
#kabarterbaru
#klikwarta
#news
#beritanasional",Netral
"Kemenko Polkam Tinjau Stabilitas Keamanan dan Implementasi Program MBG di Manggarai Barat, NTT

https://t.co/RpJ8rRsoAz

#KemenkoPolkam #SahliMenkoPolkam",Netral
Makan bergizi gratis 🙃,Positif
"Dukung Program Makan Bergizi Gratis, Ajinomoto Sebarkan Edukasi ke Berbagai Kota

https://t.co/MSpAOJTHzu",Netral
Gubernur Mirzani Launching Dapur Makan Bergizi Gratis di Lampung Tengah - https://t.co/hFf3lO5tAh https://t.co/0YlonNDbbQ,Netral
Babinsa Koramil 14 Slawi Dampingi Pelaksanaan Program Makan Bergizi Gratis Dari BGN Di Kecamatan Slawi https://t.co/jsdI5JyQBU,Netral
BPOM Ungkap Dugaan Penyebab Siswa Keracunan MBG di Kupang https://t.co/r5mbS9nMUx,Netral
"Puluhan Siswa dari Beberapa Sekolah di Kulonprogo Keracunan Makan Bergizi Gratis
https://t.co/pYCFw6nnJI",Netral
"Pak Prabowo, janji politiknya bak sinetron: makan siang gratis, rumah murah, kerja melimpah. Tapi kok rakyat cuma dapet plot twist pajak naik? Keren dramanya!",Negatif
"“pemerintah punya yang namanya MBG atau Makan Bergizi Gratis, nah kalo di sini namanya makan bergizi DAN LEZAT gratis”",Positif
Cxs makan siang gratis,Positif
"""Di Luar negri, makan bergizi gratis bikin siswa semangat belajar. Di Indonesia, program MBG malah bikin anak-anak semangat ke IGD. Katanya makan bergizi, nyatanya menu ala kadarnya—gizi nol, risiko tinggi. Ini program makan atau uji nyali?"" @prabowo 
👇 Makan sepuasnya 👍 https://t.co/I7zYY8Lj90",Positif
MBG - Makar Bergizi Gratis https://t.co/5rlKK5Q0bx,Netral
"Astaga... nampan utk MBG ternyata impor dari cina dan mengandung minyak babi, non food grade...

Dilabeli SNI pula... 😌 https://t.co/C2vCipCATD",Negatif
MBG ✘ Don’t Sell⚡️🌟 https://t.co/oO3br93Hhd,Netral
"Para pekerja dapur program Makan Bergizi Gratis (MBG) berjuang keras setiap hari memasak ribuan porsi untuk anak-anak Indonesia. Meski melelahkan, mereka bangga bisa ikut membangun masa depan bangsa.
#gasssnow #Kemendagri #MakanBergiziGratis https://t.co/KAgY6wvhtM",Positif
"KOREKSI!!

Ternyata UU Perampasan Aset masuk agenda, namun MBG TIDAK ADA. Kami ulango MBG TIDAK ADA dalam tuntutan.",Negatif
menu mbg malem ini bersama roput https://t.co/GYjNiZZbIt,Netral
"ini baru MBG yang enak, mengenyangkan, dan menyenangkan masyarakat 🙂‍↕️ thank you so much for all SEA fellas who help us during these tough times 🥹❤️",Positif
"You kalau mau pengen tuntas, proyek mercusuar itu stop!!! Termasuk makan siang gratis. Kita hanya perlu kesehatan murah, pendidikan murah, ekonomi stabil. Dah cukup",Negatif
"Dear Pak @prabowo 
Kira kira nanti pidato bapak di PBB, apakah ini bagian yg akan bapak sebut juga??? 
Atau hanya bercerita ttg MBG ?  Apa bapak jg tau,? MBG nya membuat banyak siswa keracunan? Dan masih saja terjadi... Ayo lah pak... Jd lah seperti Prabowo yg di 2019.",Negatif
Makan bergizi gratis memberi manfaat positif bagi anak bangsa https://t.co/PJV9Avclzm,Positif
"mbg lu kalah nih, gimana dong ndut @ wowo",Negatif
"jangankan masalah penjahat perang. temen ada yang ""surprised"" masalah banyak siswa keracunan mbg 

padahal buat yang mikir mah, ini udah ketebak dari awal...",Negatif
Makan bergizi gratis memberi manfaat positif bagi anak bangsa https://t.co/ZG9rPjl4wG,Positif
"Turunkan gaji anggota DPR DPRD DPD KEMENTRIAN, HAKIM Jaksa pejabat dsb, Komisaris2 dikurangi orangnya plus gajinya...bubarkan MBG, program konyol lainnya",Negatif
"Kenapa nggak sekalian nuntut pengelolaan APBN yang lebih waras? Ini proyek kayak MBG udah bikin daerah berdarah-darah. Beneran worse than Covid. 

Gambaran soal kondisi daerah bisa dia di tulisan mas @gegerriy ini--buanyak banget kayak gini situasinya. 

https://t.co/U0eUxBOWtd",Negatif
Makan Bergizi Gratis Papua memberikan manfaat untuk memnuhi gizi nasional https://t.co/1qRAcaCw7I,Positif
Makan Bergizi Gratis Papua memberikan manfaat untuk memnuhi gizi nasional https://t.co/VOl5nTSTN0,Positif
Kalian semua harusnya udah tau sebesar apa egonya hanya dari liat betapa keras kepalanya dia untuk membatalkan program MBG.,Negatif
"AT LEAST SEMUA TUNTUTAN BENERAN DIJALANKAN, JANGAN CUMA TUNJANGAN DPR DOANG YANG DILIAT, BANYAK LAGI TUNTUTAN SAHKAN UU PERAMPASAN ASET, GAJI GURU &amp; NAKES, BERHENTIKAN PROGRAM MBG, SEMUA LIAT WO TUNTUTAN RAKYAT, GA USAH NULIS NOVEL DAN NUDUH YANG GAK GAK @prabowo",Negatif
"@ARSIPAJA Biasanya pejabat luar itu klo salah minta maaf, trus sadar mundur diri. Kan negara kita slalu berpatokan lihat luar negri. Mulai dari pajak, sistem pembelajaran sekolah, makan siang gratis. Kenapa soal rasa malu ini mereka gak niru orang luar ya? https://t.co/WId2ZXuV2B",Negatif
"kok mereka gada takut-takutnya sih anjir, udahlah duit buat umroh di korup, mbg yang katanya di pakein minyak babi, beras di oplos pake pur ayam. stress, belis pun takut ama kelakuan lu pada https://t.co/925VGxs2BL",Negatif
"Ngomong apa, sih?!👀🤔
You have that fcking power, Pak! Kumpulkan para elit, reformasi polri, kejaksaan, reshuffle menteri/wamen, cabut semua kebijakan non pro rakyat, evaluasi MBG. Apalagi?! Bangun dari kehaluan kalo ini ulang makar, anteq asing atau whatever it is!! Muak!",Negatif
"""Ambang kebangkitan"" endas mu gemoy.

Program MBG bikin orang meninggal, inflasi makin naik, perusahaan jadi engga tertarik invest disini &amp; kalian juga berani ngasi data personal rakyat ke US demi trade agreement.

Sudah demo beberapa kali tapi malah mengejek rakyat sendiri",Negatif
"Lah konsekuensi lah.
Mak bapak nya secara sadar korup kok.
Coba kalau yang di korup dana kesehatan?
Pengadaan alat-alat medis?
Perbaikan fasilitas umum?
Bisa jadi ada nyawa yang ga tertolong karena dana medis di sunat.
Ada yang mati karena jalanan rusak.
Kebanyakan mkn MBG sih.",Negatif
"Makanya dipikirannya tuh pihak asing, antek asing, makar pokoknya nya gw ngeliat strategi dia tuh kaya mundur ke jaman mertuanya berkuasa, kaya MBG emang niatnya baik tp ya gak plek ketiplek langsung ngasih anak makan ke sekolah kek",Negatif
"MBG itu hanya akal akalan Prabowo untuk memberikan proyek kepada timsesnya ketika nyapres ,terbukti dapur MBG dimiliki pengusaha yg dekat dengan Prabowo .MBG syarat korupsi,lebih baik dana MBG dialihkan ke program penyerapan tenaga kerja 
Toh menunya cuma tempe dan telur doang",Negatif
Program Makan Bergizi Gratis di Kota Malang Masih Jalan Tersendat - https://t.co/d8fLK7tQxR https://t.co/bzibm5TSU8,Netral
Program Makan Bergizi Gratis (MBG) Dapat Menciptakan Ekosistem Berkelanjutan Demi Generasi Yang Unggul https://t.co/D14PhURTxy,Positif
mbg g-nya grabfood yang dipesen wna,Netral
"@ChatibBasri Utang negara ditimpakan salahnya ke Menkeu/Bu SMI, menurut saya tidak fair. 

Kalau utang dianggap salah, ya salahkan keputusan politik Presiden dan DPR dong, yg mengejar janji2 politik, misal saat ini MBG, plus ditambah Kopdes MP, yg besar sekali kebutuhan uangnya.",Negatif
"Program Makan Bergizi Gratis (MBG) hadir sebagai langkah nyata mencetak generasi sehat, cerdas, dan tangguh. Ayo dukung MBG demi masa depan anak-anak Indonesia yang lebih gemilang!
#DukungMBG #GenerasiEmas #AnakSehatPintar https://t.co/TWmjuk8SOh",Positif
Dulu ditawarin pendidikan gratis malah pilihnya makan siang gratis. Mana ada yang keracunan lagi. TONE DEAF FINAL BOSS.,Negatif
"Sumpah temen gw begini, gatau ya skrg, tpi dulu tuh kaya dia tuh kasian bgt ama wowo ntah knp ajg program busuknya pun disanjung2 gatau dia dari mbg tuh banyak yg keracunan, pokoknya ky org kena pelet",Negatif
"Sebelum demo, kebangkitan yg dimaksud tuh ditandai dengan impor tray makanan untuk MBG yg ga food grade, berpotensi migrasi logam berat yg menyebabkan keracunan, DAN ga halal karena pake pelumas dari lemak babi itu ya? Ok",Negatif
"@May145145 @lolkkkoo232 prabowo ga pernah ada program jelas dari 2014 sampe 2025. fokus dia yg konsisten cuma satu: memperkuat tni. 
kalopun gaada mbg, bakal tetep ada program jelek lain yg buang2 duit.",Negatif
"STOP PROGRAM MAKAN GRATIS, PHK DIMANA2, APBN BENGKAKK, PAJAK TURUNKAN, NAIKAN GAJI GURU/DOSEN/BURUH/NAKES @prabowo @DPR_RI",Netral
"Personil Polsek Muara Batang Gadis Aiptu M. Ali Pane melaksanakan Patroli antisipasi gangguan kamtibmas, di Pos Security PT. Rendi Permata Raya Desa Singkuang Kec. Muara Batang Gadis Kab. Madina. (31/08/2025) https://t.co/oqhoU65GQf",Netral
"@lolkkkoo232 kalo dulu wowo yg kepilih jg bakal ngutang. ngutang buat mbg, bikin kabinet segede gaban/ bayar gaji pejabat. 
sebenci2nya lo sama kereta cepat, harusnya bisa liat sih mana yg lebih gak guna. mbg udah gak guna, beracun pula.",Negatif
"Makasih makan siang bermutunya yang lebih manusiawi dibanding MBG

Ini dessert onde-onde maksudnya varian onde-onde kah? 😭",Positif
@txtdrimedia 4 demonstrasi skala besar cuma dalam waktu setahun. Mantab. https://t.co/Sn1TA9Dl1d,Positif
Program Makan Bergizi Gratis Dukung Konsentrasi Belajar Siswa https://t.co/4IXqwPlKNC,Netral
"@collegemfs Mundur aja udah, 4 demonstrasi skala besar cuma dalam kurun waktu 1 tahun, kita ngga pernah lupa bagaimana konstitusi diinjak-injak cuma buat nepo baby. https://t.co/XynFPeOoli",Negatif
"Sebenernya dah keliatan pas beliau janji MBG yang gak rasional. Tapi herannya kok voternya tolol bgt ya, masih milih",Negatif
"Jadi tadi debat soal prioritas anggaran.
Aku masalahkan dana MBG yang terlalu besar, harusnya bisa diinvestasikan ke lapangan kerja, melihat data pekerja kita yang nganggur di usia produktif + pekerja di sektor informal https://t.co/Ga4Jqmue1p",Negatif
Gk ada kata maaf terucap dari anomali mbg tersebut,Negatif
haduh ada mutual gue begini kerjanya di bgn penyedia mbg basi,Negatif
"Kali ini gk setuju sm bg windut. Bikos kekacauan di indo lbh dr ini. Ya semenjak pemilu, semua aturan dilibas sm pasangan 02. Dan stlh mrk kepilih byk skl kebijakan2 ngawur. Mbg memakan korban byk dr siswa smp guru. Buruh sampai skrg blm sejahtera. Isu IKN dan perusakan alam jg",Negatif
静火。Terima kasih Anneth udah bikinin layout bagus versi MBG ini. So happy to be one of the lucky players. ✌🏻 @annthtre https://t.co/io1IUCDqND,Positif
"Mampus, makan tuh MBG isi ulat wkaowkoak
SEMANGKA SETIPIS KESABARAN GW",Negatif
"racunin balik aja dikit, balas dendam tiap minggu ada kabar anak2 makan MBG keracunan",Negatif
"Sekarang semua ketua parpol jg ga dihargai rakyat ko Krn orang orangnya jg sering melecehkan rakyat ,banyak beritanya dari tukang bakso dr keracunan MBG dll https://t.co/3ZiB3mZgXR",Negatif
jujur liat demo ataupun berita politik yg skrng tuh gada drained2 energi malah semangat banget ada berita apa nih yg bisa di sebarin beda banget waktu pas apa ya aku smpt hapus x gara gara drained bgt entah pas pemilu apa mbg ya tpi kayanya habis prabowo di lantik sih,Negatif
"Kanit Samapta Polsek Muara Batang Gadis Aiptu Indra Ali Akbar melaksanakan Patroli dan Sambang warga untuk antisipasi gangguan kamtibmas, di UD. Doa Ibu Nst Desa Singkuang Kec. Muara Batang Gadis Kab. Madina. (31/08/2025) https://t.co/bsHs3gQ2Y3",Netral
"nitip tuntutan dong @JOGJAMEMANGGlL 
-Rampingkan kabinet prabowo. Wamen jangan dobel job jadi komisaris.
-Batalkan MBG, dananya kembalikan untuk anggaran pendidikan. https://t.co/h6nYPPWI9J",Netral
"DAY 1 G JD DAPET MBG, allahuakbar, mnyet nih pemerintah https://t.co/DthFFs4iRm",Negatif
"Bhabinkamtibmas Polsek Muara Batang Gadis Aiptu S. Bahri Lubis melaksanakan sambang dan silaturahmi warga sekaligus menyampaikan pesan-pesan kamtibmas, di Kedai Kopi milik sdr. Kongo Desa Tabuyung Kec. Muara Batang Gadis Kab. Madina. (31/08/2025) https://t.co/vvvvBKPwld",Netral
"Wkwkwkwkwk... mana mau mereka merealisasikan tuntutan kek gini. Ini mah sama aja kampanye ""perubahan"" Anies Baswedan dlu 🤣

Ntar bisa2 muncul tuntutan batalkan program MBG, pembangunan IKN dan proyek perpanjangan jalur kereta Whoosh. Mau ditaro dimana muka presiden 🤣",Negatif
Antek asing nih ngasih makan rakyat lu wo @prabowo mbg kontol,Negatif
"Up.Presiden RI @prabowo, bocil2  yg lapar dan lucu inilah yg perutnya ""makar! Kalian tau bukan? MBG mu gak jalan pak! Anggota dewan partai sibuk pamer harta dan joget! Ente kemane aje? Kapolri @ListyoSigitP blom dipecat jugak? Emang alm.Afan dan jutaan supir ojol hrs Dilindes?",Negatif
"Orang bilang nggak ada makan siang gratis, eh ternyata ada, dan malah bergizi pula #gassnow https://t.co/eRirBck5iu",Positif
Batalkan Program MBG !! Ini sumber masalah juga..  ini program tidak tepat di situasi saat ini,Negatif
Suru makan mbg aja,Positif
"dia ini jg cuma blunder 01... dia orang yang cerdas mengelola uang di periode2 sblmnya, cuma krn dia ""dipaksa"" buat alokasi APBN ke MBG aja jd stres jg naik2in pajak rakyat. salah siapa? 01 lha bikin program MBG paling gak masuk akal sedunia",Negatif
"Gak apa kita yg jadi tumbal kalo ada amuk massa 🤣
Itung itung ngurangin beban negara.
Kemarin juga udah diminta tes MBG.
Ga sampe mati kok kalo keracunan. https://t.co/2VNFn3G7iC",Negatif
"Lu potong banyak anggaran sektor vital demi mbg tai itu + manjain sektor tukang gebuk macam polisi itu juga salah satu masalahnya, ndut, goblok. Presiden koplo ngertinya jejogetan &amp; omon2 segala macam jargon. Kebanyakan makan tai lu ndut.",Negatif
"Entah siapa yang salah! 
Korban berjatuhan, dan Pemerintah TULI atas jeritan rakyat!

Semua demi:
MAKAN BERGIZI GRATIS
KENAIKAN GAJI ELITE

dua hal yang sebenarnya BISA DITUNDA sampai kita siap! 

be • Catatan Akhir Agustus 2025 https://t.co/gjIfduCqVB",Negatif
"Nih liat dut yg kata otak skizo lu ""pihak asing/antek"" asing"" lahh ini yg namanya pihak asing, tp ya ita mah yg sama"" rakyat malah saling membantu. Lu yg ngomong doang udh berbuat apa? Mbg aja pd keracunan LOL.",Negatif
"Sukarela matanya, beneran dikira rakyat ini pada stunting apa gimana.

Pantesan ngotot Makan Siang Gratis mulu.",Negatif
"MBG benerin Pak, atau hapus skalian.. Asli gw ngeliat ponakan ama cucu gw jatah MBGnya ga mutu bgt. Sayur hambar, buah ga bagus. Kakak gw guru/kepala sekolah, masa disuruh nyicip duluan.. Kok gurunya ditumbalin?Gw jarang2 mau komen bginian.. Tapi kali ini gatel dah @prabowo",Negatif
"Sering saya usulkan.
Stop Program MBG, gak Ada manfaat selama di lakukan dengan memotong anggaran lain

Jadi Presiden kok bego Gini ya..?
Gak ngerti situasi.

Sri Mulyani Luhut Prabowo",Negatif
"Kalau dia mundur malah bahaya negeri ini. Dia digandeng oleh presiden yg salah. Gimana coba. Anggaran lagi defisit. pemerintah malah menjalankan Danantara, MBG, dana dpr naik, ketarik IKN, dsb. Sementara aset koruptor belum bisa dirampas; UU ga ada. Anggaran naik terus. https://t.co/S8xymYoJ0U",Negatif
"sumpah on the spot males bgt malah bahas mbg, blom aja lu yg keracunan anjg",Negatif
"Terus gimana? Calonnya cuma 2 waktu itu...kalau pilih wowo, mempercepat Indonesia joged dan MBG by 10 tahun?",Negatif
"Jangan cuma omon-omon, segera ambil keputusan:
▪︎ Turunkan Kapolri
▪︎ Batalkan semua tunjangan mewah DPR dan petinggi K/L lainnya
▪︎ Batalkan kenaikan Pajak &amp; PBB
▪︎ Kurangi anggaran MBG
▪︎ Tuntaskan penjahat Korupsi
▪︎ Naikkan gaji Guru &amp; ASN https://t.co/5lnFSuoSGC",Negatif
"jangan"" i got a mild food poisoning jir... tp masa iya sih aku ga nyoba mbg padahal",Negatif
"Program-program yang tidak penting dan hanya menghabiskan anggaran juga seharusnya dihentikan. Contohnya seperti MBG.

Kementerian dipangkas, bukannya malah membentuk Kementerian baru.

😇",Negatif
"Demo ini harus lebih jelas tuntutannya.
Bicara efisiensi, selain koreksi semua gaji tunjangan2 pejabat Negara.
Koreksi juga program2 gak jelas seperti MBG.",Negatif
mbg kan buat anak seklh anjir...masih mau dikorbankan? hak mrk..,Negatif
"@Dahnilanzar 8.Reformasi sistem pemilu dan kepartaian yang menguntungkan oligarki dan menciptakan oligarki baru
9.Hapuskan program Makan Bergizi Gratis (MBG) yang merusak alokasi dana pendidikan
10.Turunkan pajak-pajak bagi masyarakat bawah dan naikkan pajak bagi kalangan atas (elit)",Netral
"Bhabinkamtibmas Tamantirto Koordinasi Terkait Pembangunan Dapur Umum Program Makan Gratis Presiden Prabowo 

 https://t.co/EEj6212HRH",Netral
"Alhamdulillah besok libur, jadi ga perlu makan MBG - Nuna, 8yo",Netral
untung sekolaku gaada mbg beginian,Positif
"tiba-tiba si adek

""masa' besok sekolahku mulai kebagian MBG""

""cieeeh siap-siap yah. pokoknya harus review""

tbl keracunan juga soalnya sekolah deket sini ada yg kena ternyata",Negatif
"Puluhan  siswa dari Dua sekolah di Bandar Lampung dikabarkan terjadi Keracunan Makan Bergizi Gratis.

https://t.co/RLHr0a7oW1",Netral
"Mengapa Presiden cuma omong kosong, DPR itu bukan urusannya dan tak pantas meminta DPR serap Aspirasi Rakyat. Yang bisa dilakukan malah terlupa seperti Ganti Kapolri, evaluasi Anggaran MBG dan gratiskan/turunkan biaya kuliah, kita butuh SDM berkualitas",Negatif
Sejak kapan gue bisnis MBG anjerr.,Netral
"kalo program MBG dibubarin, banyak karir para sppi terganggu wkwkk tapi gila banget sih pas gue tau anggarannya, 400juta buat dua minggu per satu dapur, berarti sebulan bisa 1 M. itu cuma SATU dapur, gilaaaa ga efisien bangettt, itu duit udah habis buat untung tangan ke tangan",Negatif
sekolah kalian dpt mbg gak guys 😵,Negatif
"ngp kasian, org yg emang miskin melarat dn menderita aja lu kgk pduli kn malah dikasi mbg biar makin keracunan tu anak",Negatif
Gibran mati keracunan mbg ga bisa diselamatin dokter krn dokternya lulusan chat gpt https://t.co/A8XOMxxkBy,Negatif
@NaveRaphael_ Kasih aku Varka nya aja sekalian gpp aku ksh makan siang gratis ga tipu2 😋,Netral
"Semua ini berawal dari program  MBG yg diidamin ama 58% warga. 
Demi MBG ngebuat semua diefisiensi, jatah pusat ke daerah dikurangin, daerah demi dapat pemasukan naikin pajak. Tapi udah efisensi malah naikin gaji pejabat, kontradiksi. Imbasny ya sekarang.",Negatif
"20 SISWA SDN 1 DI JAKTIM KERACUNAN MBG, 5 ORANG SEMPAT MASUK IGD👀‼️

Sebanyak 20 siswa Sekolah Dasar Negeri (SDN) 01 Gedong, Pasar Rebo, Jakarta Timur mengalami keracunan diduga akibat mengonsumsi menu Makan Bergizi Gratis (MBG). Selasa (30/09/2025).

Dari 20 siswa tersebut, 5 https://t.co/FDLIqRBQsn",Netral
"Saya sampaikan ke KS di sekolah saya utk menolak MBG yg ditawarkan. Jika memang dipaksa utk menerima, kami minta mentahnya saja (kalau boleh), lalu dananya diserahkan ke Komite (orangtua &amp; sekolah) utk dikelola bersama agar sehat &amp; aman utk anak2 serta tidak mubadzir.",Negatif
@somexthread Secara pribadi sangat setuju dengan yang disampaikan beliau . MBG harusnya menjadi program yang tepat sasaran bukan semerta merta harus merata . Kalau bicara soal prioritas harusnya anak anak sekolah yang di bagian Timur Indonesia ini yang lebih dulu disalurkan,Positif
"Iya yak... diem² bae pas byk kasus keracunan MBG...

Dulu kenceeeng beneer🙄 https://t.co/ug3dxnlR38",Negatif
DANDIM 0902/BERAU PANTAU DAPUR MAKAN BERGIZI GRATIS (MBG) SPPG KARANG AMBUN KECAMATAN TANJUNG REDEB KABUPATEN BERAU https://t.co/7kmJ8LZUN0,Netral
"@flnnch Berarti program gak tepat sasaran, bener itu kata ortunya, program MBG ini ya harusnya menyasar sekolah-sekolah yang siswanya bukan orang kaya, boro-boro dimakan, yang ada dilepeh itu menu MBG 😂🤣",Negatif
"Selamat Pagi ☀️☀️☀️
Selamat datang OKTOBER

Siap menunggu MBG😊😊
❤️❤️❤️ https://t.co/6NPIslYIwF",Netral
Dukung program makan bergizi gratis https://t.co/dcMDTRttQt,Netral
"Progam MBG itu bukan seperti memelihara anak ayam tanpa induk pak,dipelihara 100 mati 10 itu biasa.
MBG itu program yg gak boleh salah dan keliru sebab ini menyangkut nyawa anak manusia.
Seberapa kecilpun yg jadi korban,tak beloh jadi acuan keberhasilan. https://t.co/NBFtT6XOat",Negatif
"2 Cucunya Juga Keracunan MBG, Pak Mahfud Minta Tata Kelola MBG Mendesak Untuk Diperbaiki..

Meskipun cuma 0,00017 tetap saja yang menjadi terancam adalah kesehatan dan bahkan nyawa anak-anak.. https://t.co/1QkZISESbA",Negatif
Makan Bergizi Gratis Mencerdaskan Generasi Emas Papua. #PapuaBaratDaya #DukungMakanBergiziGratis https://t.co/95DmMDNSPd,Positif
Makan Bergizi Gratis Mencerdaskan Generasi Emas Papua. #PapuaBaratDaya #DukungMakanBergiziGratis https://t.co/Y4skgna4oN,Positif
Program Makan Bergizi Gratis kembali jadi sorotan. Pak Edy Wuryanto dari Fraksi PDI Perjuangan mulai geram setelah tahu kalau BGN mengizinkan SPPG tanpa SLS bisa jalan dan beroperasi. Nggak heran banyak banget kasus yang disebabkan oleh program ini! #pdiperjuangan https://t.co/y58RwxAHi3,Negatif
"Program Makan Bergizi Gratis (MBG) menjadi salah satu perhatian serius Kodim 0902/Berau. Dandim 0902/Berau, Letkol Inf Wirahady Harahap, melakukan peninjauan langsung ke dapur MBG Satuan Pelayanan Pemenuhan Gizi (SPPG) di Karang Ambun Kecamatan Tanjung Redeb Kabupaten Berau. https://t.co/e1tkXjO6o3",Netral
"their SPP could shit your MBG 🤣🤣
nduuttt.. nduuuttttt.. mending bikin program kolam lele",Negatif
"MBG itu program asal2an tanpa pembahasan yg matang.
Anak2 yg diantar sopir pribadi pake mobil pajeropun kebagian MBG.
Lantas gimana anak terlantar,anak jalanan,yatim piatu yg putus sekolah?
Sementara memelihara mereka tertuang dlm perintah UUD 1945. https://t.co/ZHI7Nd01Bk",Negatif
Bo soneii Dingua bayii dangua sonagoul rek,Netral
"Bisa jadi / Mungkin
Bahan yg bagus2 &amp; segar d juwal k pasar, sisanya yg ga laku / busuk d buat menu MBG, boleh dong kita curigem mengingat banyaknya kasus Keracunan siswa yg terjadi akhir2 ini🤭",Negatif
"Dulu...Saat Indonesia merdeka di tahun 1945 dapat dikatakan semua hal belum siap...terpenting merdeka dulu. 
Kini... Makan Bergizi Gratis (MBG) juga begitu..banyak yang belum siap &amp; sesuai standar.. penting jalan dulu...setelah ada banyak korban keracunan baru dibenahi ini.. itu.",Negatif
"Wartawan Laporkan Pemilik Dapur MBG ke Polisi, Ini Sebabnya https://t.co/NcDygDINqO",Netral
"Prabowo: MBG jangkau 30 juta penerima dan kekurangan terus dibenahi

https://t.co/EyHBNrQ9rM",Netral
"Naniek Deyang si Ratu fitnah dan hoax juga parah banget itu ngerti apa tentang oil and gas jadi Komisaris Pertamina, gak punya background gizi dan pangan juga ngurusin MBG, ancooorrr",Negatif
"Selamat pagi semua, kembali berita buruk MBG di Kadungora Garut https://t.co/sK6nBWPzDm
Keracunan kembali terulang @DPR_RI
@prabowo @Gerindra @PBPGRI_OFFICIAL @zanatul_91 @WidyoLita",Negatif
Meme ngeneki tak gawe status kiro2 bolo2 sing kerjo mbg tersinggung gak yo?,Negatif
"Yah tidak menghargai nyawa manusia, yg dilihat Prabowo cuma angka statistik melulu !!

Payah kalau cara berpikirnya seperti itu.
 https://t.co/HJ6M21lmyC",Negatif
"Btw, btw, ini kejadian keracunan MBG. Apakah dari dapur yang baru beroperasi opo piye ya?

Kayak 'serentak' banget akhir-akhir ini? Atau baru ter-blowup karena massal yang jadi korban? 

Kemarin sempat mbaca (lupa dimana), akan ada chef dari BGN dan wajib ada asisten chef dari",Negatif
Unfortunately i feel like keracunan mbg ini gaakan dianggap serius sampe ada yg meninggal,Negatif
"Bonus 10.000 saldo kalau install apk Shopeepay

Caranya:
Upgrade ke Spay plus, log in dg akun shopee &amp; masukkan kode referral

FF6JWV5WP

diskon promo info freelance job receh zonauang pancasila hkbp makan bergizi gratis roscoe aceh sendiri park jimin
https://t.co/cziHHCGfVf https://t.co/dmuwD0m5BG",Netral
"Makan Bergizi Gratis dengan serpihan kaca? Ini bukan lagi gizi, tapi 'gizi plus tantangan' untuk gigi. Pemerintah memang beda, kasih bonus kejutan!
Sumber : https://t.co/4kodSZdPNF
#MakanSehatTantangan #GiziRakyat #NegeriDagelan",Positif
Ini yang Dilaporkan Kepala BGN ke Prabowo Subianto Soal MBG https://t.co/gdTBxvh5vd,Netral
"MBG : makan beracun gratis lagi 

 https://t.co/LjrqeFwoI7",Negatif
"Program MBG Bertujuan Rakyat Sehat Bergizi Dgn APBN Ratusan Triliun  Faktanya Keracunan Anak Sekolah Bergelimpangan dimana mana Wartawan Coba Tanya Ke Istana @prabowo Di Cabut Kartu Persnya Istana Di Jaktim Konon Diperlukan Kasar Kok
Gitu ? Bukan Bikin Tim Audit
Investigasi https://t.co/0BvC4yit1U",Negatif
"Maap bgt mungkin pendapat w berbeda. Tapi perihal isu2 MBG tuh kaya kesalahan SOP tiap dapur aja sih, konsep tuh bener, apalagi pelosok2 indonesia tuh butuh bgt. Kalo sekolah swasta atau negri (yg tergolong mampu) gausah MBG SIH ELAH, cukup dibenerin lagi aja pendistribusiannya",Negatif
"@nntweetnn @txtdrimedia @DPR_RI @mprgoid @watchdoc_ID @tempodotco @detikcom @NajwaShihab @MataNajwa @NarasiNewsroom @CNNIndonesia @cnbcindonesia @BBCIndonesia @KOMPOLNAS @KomnasHAM @OmbudsmanRI137 @KontraS @Imparsial @HRWG_Indonesia @amnestyindo @UNHumanRights Ah, tagar ke lembaga-lembaga top ini pasti bikin gerak cepat. Data update: Polisi periksa kepala SPPG Pasar Rebo (https://t.co/9vAjhQfcLS, 30/9/2025), 20 siswa keracunan mi goreng bau, 2 wartawan dianiaya—salah satunya dicekik (Kompas). Sarkasme: MBG janji gizi, tapi liputan",Negatif
"Beban SPPG terlalu berat karena harus menyiapkan 3.000 porsi makanan setiap hari. 

Ketua DPP PDIP itu mengusulkan agar dapur MBG dibuka di sekolah-sekolah.

Tepat
https://t.co/9SKAMNChmr. https://t.co/dq2IGC3AUR",Netral
"Dinkes dan DKP Kabupaten Malang awasi SPPG antisipasi dugaan keracunan MBG

https://t.co/NTw9a5VMIN",Netral
"😭⁉️
APA HUBUNGANNYA KERACUNAN MBG SAMA ANIES??",Negatif
"Bagaimana dengan pendapat kalian, apakah setuju dng pendapat Prabowo, kasus keracunan MBG hanya 0,00017 persen ?

https://t.co/F0zi23MntY",Negatif
"Anakku jg di sekolahnya makan siang sehat tanpa MBG. Kalo mmg mau dilanjut program MBG, kasih uangnya ke sekolah2 dan bangun dapur2 layak di sekolah2. Gampang kan. Uangnya nggak dikorupsi dan nggak ada yg keracunan.",Positif
MBG tadika mesra https://t.co/KGaYIRX2wu,Netral
Apapun resikonya bubarkan MBG ‼️SDH byk korban‼️,Negatif
"pacar aku yg lucu itu lagi sakit ges, doain biar dia cepet sembuh, biar balik ngitungin duit mbg lagi",Negatif
"Belain mbg segitunya berharap kecipratan, kayak ga pernah aja kewalahan nyiapin catering hhhh",Negatif
"Jika sudah menyangkut nyawa manusia meskipun hanya satu orang, angka statistik tidak berlaku.
.
Mahfud MD Ungkap Ada 2 Cucunya yang Keracunan MBG di Jogja https://t.co/ifpgI6ghZi",Netral
"Makan Bergizi Gratis di Bengkalis Dikeluhkan, Menu Basi hingga Berbelatung
@prabowo
@Gerindra 
@Lambe_Turah
https://t.co/C87ShEmqDO",Negatif
"SERUAN AKSI

Koalisi Warga Tolak MBG mengajak bergabung dalam aksi bersama:
🗓️ Rabu, 1 Oktober 2025
⏰ 09.30–12.00 WIB
📍 Seberang Istana Negara

🎒 Jangan lupa bawa:

Panci &amp; alat dapur

Payung/jas hujan

Bekal makanan bergizi yang beneran bergizi

#TolakMBG",Netral
GURU TUR KOLOT SISWA ARUNJUK RASA NGADONGSOK DIEUREUNKEUNANA MBG https://t.co/BSTyVbvWsj,Negatif
Ombudsman Ungkap Penyimpangan MBG: Beras Premium Jadi Medium https://t.co/dEvVxB2EfO #MakanBergiziGratis,Netral
"Pemerintah Provinsi Kalimantan Timur (Kaltim) memastikan kualitas mutu program Makan Bergizi Gratis (MBG) tetap terjaga.

https://t.co/EMBomyRciX",Netral
"Berkah MBG Makan Bergizi Gratis di sekolah dasar, Kota Solok, Sumatera Barat.

Telah terlaksana lebih dari 20 kali. https://t.co/bchpBO1mfH",Netral
"@indahtobrut_ @niwseir Berdasarkan sumber terverifikasi, ya benar. Dapur MBG Gedong di Pasar Rebo, Jaktim, dikelola Yayasan Ameena Mulya Indonesia. Pembina: Hj. Sri Mulyani &amp; H. Bambang Tri Mulyono. Ketua: Ponidi. Bambang Tri dikenal sebagai kritikus Jokowi &amp; pendukung Prabowo.",Netral
"@JohnAlbertJA @txtdrimedia Ya, perhitunganmu masuk akal—insentif Rp100 ribu setara dengan 10 porsi MBG (Rp10 ribu/porsi berdasarkan anggaran resmi). Program ini memang dapat insentif dari biaya operasional SPPG untuk apresiasi tugas ekstra guru. Tapi ada kritik soal efektivitas, seperti kasus keracunan",Netral
"@indahtobrut_ @flnnch Berdasarkan penelusuran dari berbagai sumber terpercaya, ya, informasi tersebut benar. Dapur MBG Gedong dikelola oleh Yayasan Ameena Mulya Indonesia, dengan Sri Mulyani dan Bambang Tri Mulyono sebagai pembina, serta Ponidi sebagai ketua. Bambang Tri memang dikenal pro-Prabowo dan",Positif
"@ana_satria0801 @KangManto123 MBG memang program unggulan Presiden Prabowo, dengan target sukses atasi stunting. Pemerintah tegas lanjutkan meski ada kasus keracunan (ribuan dilaporkan), tapi kritik dari media, oposisi, dan lembaga seperti Ombudsman tetap ada dan didengar. Tuntutan perbaikan pengawasan sedang",Positif
"Ini Alasan Wali Murid Sekolah Elit Al Izzah di Serang Banten Tolak MBG

https://t.co/0KXq7t71oN

#serang #banten #kabarserang #kabarbanten #mbg #makananbergizgratis #kabarterdepan",Negatif
"Mengenal Jenis dan Kualifikasi Ahli Gizi, Profesi yang Lagi 'Hits' di Garda Depan MBG https://t.co/ktGlzFpEBu",Netral
"BGN Tutup 56 Dapur MBG, Ada Daerah Mana Saja?

https://t.co/01uEv2t3ZH

#mojokerto #jakarta #surabaya #bgn #badangizinasional #kabarmojokerto #kabarterdepan",Netral
"Banyak program pemerintah justru menggerogoti fiskal dan hanya menghasilkan kesia-siaan. Contoh nyata: program MBG, ide dasarnya bagus, tapi eksekusinya buruk. Purbaya pun tidak berani menyampaikan kritik langsung ke Presiden. Lalu apa bedanya dengan Sri Mulyani?",Negatif
"Temanku yang 02 voters belain mbg yang masih ngide pas pemilu terus pake hierarki Maslow katanya makanan itu lebih penting

Udah berdebat otaknya dah kena mbg (makanan beracun gratis) yang tidak gratis itu",Negatif
"BGN terbitkan SE No.5/2025: Setiap sekolah penerima MBG wajib tunjuk 1-3 guru sebagai PIC pengawas distribusi makanan. Insentif Rp100 ribu/hari, cair tiap 10 hari dari dana operasional SPPG. Prioritas guru honorer, rotasi harian. Apresiasi dedikasi guru untuk gizi anak optimal.",Netral
"Dengan makan Bergizi gratis (MBG) sangat banyak memberikan dampak positif bagi generasi muda.
#KomitmenPemerintahMBG https://t.co/zWpqX8eVpI",Positif
"MBG tetap harus jalan apapun beritanya, sebab demi kroni-kroni yg harus diongkosi",Negatif
"Halloo #SahabatData
Pada tanggal 23-24 Oktober 2025 BPS Kabupaten Nganjuk telah melaksanakan Pelatihan Survei Baseline Monitoring dan Evaluasi Program Makan Bergizi Gratis (MBG) Tahap 2 lhoo... 
Kegiatan pelatihan wajib dilakukan sebelum melakukan kegiatan survei agar data yang https://t.co/Z4fMkTfcKl",Netral
"Siswa penerima makan bergizi gratis atau MBG di Jawa Tengah menyelipkan permintaan menu dan terima kasih ke Presiden Prabowo dengan cara yang unik.

Simak berita selengkapnya hanya di https://t.co/6JJAT1Pjug
#HardNews_Viral #FlashOne #CariBeritaditvOne #MBG #JawaTengah https://t.co/2Ba3ZNCIIe",Netral
"Alhamdulillah ada obat buat melupakan kejahatan Hasbi sejenak😅

Kenny oh Kenny tambah ganteng untung sayang😂
Manda tolong yaaa,jangan lupa MBG besok yg banyak protein.
Biar Kenny bisa memerankan Hasbi dengan aman.
Karena jadwal buat adegan tonjok masih banyak tuk Hasbi hahaha🤭 https://t.co/xG2cxnXtdw",Positif
"Pemerintah optimis Program Makan Bergizi Gratis (MBG) akan mencapai target 82,9 juta penerima manfaat pada akhír tahun 2025.

#MBG #MakanBergiziGratis https://t.co/Nr4L1LtXn6",Netral
"KONSPIRASI PROGRAM MAKAN BERGIZI GRATIS (MBG) PRABOWO JIPLAK ""SANJI"" DALAM SERIAL ONE PIECE??? https://t.co/Q0nBUmXEcf",Negatif
dapur mbg https://t.co/2aRYYikKrd,Netral
Presiden Prabowo Subianto Bentuk Tim Koordinasi Lintas Kementerian Dukung Program Makan Bergizi Gratis https://t.co/sZFEE7sgzw,Netral
"Berdasarkan survei tadi sore.
Maka sebagian besar penonton,mau Hasbi dimasukkan ke oven besar.
Terus dimasak buat bekal MBG untuk harimau,ular,macan,beruang,chettah,buaya dan hewan buas lainnya.

#CintaSepenuhJiwaRCTI",Positif
Babinsa Argorejo Dampingi Program Makan Bergizi Gratis di SD N 1 Sedayu https://t.co/SLfITw38f9,Netral
"Gw udah sampe ke titik speechless melihat understanding pelaksana program MBG terhadap hal basic soal memasak makanan dan tidak basi sebelum disajikan aja seperti ini. 

Gw padahal termasuk orang yang agak mendukung program ini selama terimplementasi dengan baik.",Negatif
"Mobil untuk MBG Angkut Babi dan Ayam di Nias, BGN Bakal Lapor Polisi
https://t.co/GL2JwFYDA9 #makanbergizigratis #BABI #viral https://t.co/mEkKqM2lRP",Netral
"Sekitar 800 siswa dari 1.546 siswa Sekolah Menengah Kejuruan (SMK)  Kandeman, Kabupaten Batang, Jawa Tengah, mengalami keracunan diduga  setelah menyantap makanan program Makan Bergizi Gratis (MBG), Jumat (31/10/2025). https://t.co/vBH4mR8Moj",Netral
Kata Namjoon kpop itu kayak bibimbap. Nah kalau ini kayak nasi MBG,Positif
"Program makan bergizi gratis memastikan setiap anak tumbuh sehat, cerdas, dan siap menjadi pemimpin masa depan Indonesia https://t.co/sAyUaGretq",Positif
"mbg bisa distop, tapi lu pada ga ngerasa emangnya kalo itu literally diracun anjir",Negatif
Makan bergizi gratis adalah komitmen negara untuk menjamin hak dasar anak atas makanan yang layak dan masa depan yang lebih cerah. https://t.co/eg7F160It8,Positif
"Pesan lucu dari siswa penerima Makan Bergizi Gratis (MBG) di Jawa Tengah ini bikin senyum semua petugas SPPG Polda Jateng.

Dari kertas kecil penuh coretan doa dan terima kasih, tersimpan semangat besar anak-anak Indonesia untuk tumbuh sehat, cerdas, dan bahagia. ❤️🇮🇩 https://t.co/w5oGvzMAcd",Positif
btw ini dpt dri MBG https://t.co/bOk4vq0zsX,Netral
"MBG 
Cobalah di evaluasi, jika berdampak negatif hentikan saja, alihkan anggarannya dlm bentuk yg lain. 
Monitor Yth Bpk Presiden @prabowo @DPR_RI   @KejaksaanRI @KPK_RI @Gerindra https://t.co/7Iq7tdUYj8",Netral
"Puluhan pelajar Sekolah Dasar Nomor 071027 Onozitoli Sawo, Kecamatan Sawo, Kabupaten  Nias Utara, Sumatera Utara mengalami sakit perut hingga sesak nafas usai minum susu  dari program Makanan Bergizi Gratis (MBG). https://t.co/5uN7GgQ1zW",Netral
"Subur (35), salah seorang warga Bojong Menteng,  Rawalumbu, Kota Bekasi mengaku pernah melihat petugas SPPG membuang  limbah MBG ke ke aliran air selokan di kawasan rumah warga. Subur  mengaku melihat proses pembuangan itu, dan setelahnya ia mencium aroma  tidak sedap. https://t.co/GcMuvcO1oi",Negatif
"Kenapa ya udah ada beberapa kejadian soal MBG ini tapi tetep di terusin? Apa ga mau di stop dulu terus di evaluasi biar kejadiannya ga keulang lagi? Viral udah, korban juga ada, masih nunggu apa lagi si? 

Heran deh....",Negatif
Polsek Sungai Pinang Kawal Ribuan Pelajar Terima Program Makan Bergizi Gratis https://t.co/W2ZrNM6M14,Netral
ayo siapin mbg @comifuro,Negatif
"Baru aja diomongin, ini mbg ponakan yg masih tk emang sm gurunya disuruh bawa kotak bekal jd kalo ga dimakan/ga habis biar dibawa pulang, nah pas pulang anaknya minta makan pas cicip tepungnya atos banget beneran sampe dianya pun gabisa makan jg, mana gaenak lg anyep https://t.co/rSgE7N0OJs",Negatif
"Pastikan Tepat Sasaran, Kemenham Sulteng Awasi Pelaksanaan Makan Bergizi Gratis di Sekolah Dasar https://t.co/euQkrYTPX4",Netral
"Dandim 0830/Surabaya Resmikan Dapur Makan Bergizi Gratis di Rungkut

https://t.co/j7YQrUliEC https://t.co/EO7tKgcQ6L",Netral
Jangan sampai keluarga kita kena racun kayak gini dari MBG. Masaknya gimana sih? Dipengap semua? Ketumpahan apa sih sampai jadi gini.,Negatif
Makan bergizi gratis sukses terdistribusi secara merata,Positif
Bentuk masa depan bangsa makan bergizi gratis,Positif
"Ratusan siswa SMK Kandeman Batang keracunan makan program MBG  

#Ratusan #Siswa #SMK #Kandeman #Batang #Keracunan #Makan #Program #MBG #Berita #Info

https://t.co/bo5MUdhlTr",Netral
Eh iya bener. Gue yg tiap hari ke pasar juga dicurhatin ibu-ibu penjual ayam. Harganya udah naik jadi 38k per kilo 😭 it because mbg bought from same supplier with them and give higher price so other get affected 😭😭,Negatif
"Gede banget yg kerja di mbg... aku sebagai guru gajiku gk ada nyampe 1juta, mana 3 bulan terakhir gk digaji pula.. ya Allah🥲",Negatif
Makan bergizi gratis untuk generasi emas,Netral
"Pesan lucu dari siswa penerima Makan Bergizi Gratis (MBG) di Jawa Tengah ini bikin senyum semua petugas SPPG Polda Jateng.

https://t.co/zvnEAVcb39

#MakanBergiziGratis #PoldaJateng #SPPGPolri #AnakSehatIndonesiaMaju #PolriPresisi #HumanityFirst https://t.co/YnlRHQnAWJ",Netral
"Jujur aja di kita mah kalau makin banyak yang ngurus, biasanya malah makin runyam.

Misal deh, kalau ada kejadian keracunan MBG lagi… siapa diantara tim koordinasi + semua jajarannya ini yang bisa dimintai pertanggungjawaban?",Negatif
Kenapa tidak ada loker MBG? Tentu saja karena yang ngurus MBG orang2 yang sudah kerja sebelumnya (jadi tentara) 🤣,Negatif
"Gini deh 
MBG ini pelepas dahaga panjang
Setelah 20 tahun puasa dan hanya bisa ngiler melihat anak bawang sekecil hamster, yg berubah menjadi monster setelah 20 tahun menguasai segala sendi percentengan..
Saking Monster nya, sampai2, RI 1 pun menunda upaya merubah ke bentuk awal",Negatif
"jujur tiap ada mbg di sekolah adikku, selalu was-was karna berita keracunan 😔 cuma berdoa semoga adikku ga mengalami hal tsb",Positif
"""big uzi"" https://t.co/ENcra1UBMh",Netral
Enak aja minta maaf. Gantilah. Nggak layak dipakai lg muat makanan mbg.,Negatif
buat yang butuh makan bergizi gratis,Netral
Dukung program makan bergizi gratis,Netral
Ini program MBG apa program menekan angka populasi penduduk sih?,Negatif
"Kepala Dinas Tenaga Kerja Kabupaten Pemalang Umroni, S.H., M.H menghadiri kegiatan Pembukaan dan Peresmian Program Makan Bergizi Gratis SPPG Mereng 001 Yayasan Albarkah Sumber Pangan bertempat di Desa Mereng, Kecamatan Warungpring, Kabupaten Pemalang. (Kamis, 30 Oktober 2025) https://t.co/Kd8GhwkBsC",Netral
Presiden Prabowo Subianto bentuk tim koordinasi lintas kementerian dukung program makan bergizi gratis https://t.co/0Y4YYzhqrJ,Netral
Pemerintah optimis program makan bergizi gratis akan mencapai target penerimaan manfaat pada akhir tahun https://t.co/MuMGZVZbzp,Netral
Peristiwa ini menunjukkan kaburnya batas antara tanggung jawab negara dan kepentingan pihak ketiga dalam pelaksanaan program publik seperti Makan Bergizi Gratis (MBG).,Netral
"Sebagai ortu yang (alhamdulillah) mapan, aku merasa najis banget anakku makan MBG dari pemerintah. Kejang lama (lebih dari 5 menit) bisa bikin otak kekurangan oksigen, bisa timbul cedera otak sementara atau permanen… Makan Berakhir Gawat darurat.",Negatif
Fenomena ini menggambarkan kegagalan sistemik dalam pengawasan program publik. Program Makan Bergizi Gratis (MBG) yang seharusnya menjadi simbol kepedulian negara terhadap gizi dan kesejahteraan anak justru berubah menjadi cermin lemahnya tata kelola dan kontrol mutu.,Negatif
"Andai nurani kalian masih ada mungkin program ini sudah dihentikan, sayangnya sudah mati sehingga MBG masih terus berjalan. https://t.co/ISZzxFu0nK",Negatif
"kemarin dikasih sisan MBG sm bibi aku yg guru.

INI BENERAN ANAK-ANAK DIKASIH ROTI BULET INI??? https://t.co/rEkFCIPBrB",Positif
Presiden Prabowo Subianto menetapkan pembentukan Tim Koordinasi Penyelenggaraan Program Makan Bergizi Gratis (MBG) melalui Keputusan Presiden Nomor 28 Tahun 2025 sebagai langkah strategis untuk memperkuat pelaksanaan program prioritas nasional. https://t.co/w3n2lom8nO,Netral
"Program MBG bukan sekadar makan gratis, tetapi investasi gizi untuk masa depan bangsa. Dari dapur inklusif hingga zonasi Solo yang konsisten, MBG hadir untuk membentuk generasi sehat, cerdas, dan berdaya saing. 🍽️
#MBG #MakanBergiziGratis #AnakSehatBangsaKuat #GiziUntukSemua https://t.co/01LZ6zXcSv",Positif
"Kepala BGN Dadan Hindayana menyebut India sebagai contoh/role model bagi pelaksanaan program MBG  😂🤣
.
.
.
.
Ridho Melani Jerome Onad Kemenhut 31 Oktober #BeneranWorthIt #BebasCacinganBarengKonvermex https://t.co/Lz9ciyTUel",Netral
"Transparansi adalah kunci Kerja Nyata MBG Publik berhak tahu semua prosesnya SPPG mendokumentasikan setiap menu hari ini sebagai bukti keterbukaan dan tanggung jawab, Jujur itu sehat #LanjutkanMBG 

#S25FEGemMaster #S25FExMPLIDS16 #HeroS25FE https://t.co/qfiucRAgS4",Positif
"seperti halnya demo dpr, kasus haji, kasus al khozini, kasus pertalite, kasus mbg, semua akan hilang ditelan angin.. wis lagu lama. Mangkane ojo nemen nemen bahas politik.",Negatif
polri benar-benar luar biasa! Jaga kuaitas makanan MBG mantap tenan. Program Pak Prabowo jadi lebih tepercaya. Keep up the good work https://t.co/6f1iZDF871,Positif
Bisa tembus ga ya ini penerima manfaat MBG https://t.co/IdE5UwbEmm,Netral
yang ditakutkan ketika India ikut garap MBG https://t.co/O9KFCbyOFn,Negatif
"Pesan lucu dari siswa penerima Makan Bergizi Gratis (MBG) di Jawa Tengah ini bikin senyum semua petugas SPPG Polda Jateng.

Dari kertas kecil penuh coretan doa dan terima kasih, tersimpan semangat besar anak-anak Indonesia untuk tumbuh sehat, cerdas, dan bahagia. ❤️🇮🇩 https://t.co/TAFWWRYnL1",Positif
"Subhanallah, semua LINI digerakkanmenSupport Program Kesayangan.
Orang-orang Cerdas dilibatkan didalamnya, apakah hasilnya akan mengubah keadaan?

Aneh begini ENERGI BESAR dikerahkan hanya utk Program MBG (Program bukan POKOK).

Program KERJA.
Program Ekonomi.
Program Pendidikan.",Negatif
"Banyak kasus MBG ini selain dr sisi SOP, apa gk kepikiran cek itu HPP per tray brp yg nyampe ke dapur, jangan2 banyak potongan trus nyampenya ke dapur minim bgt, jadi harus pake bahan baku yg kurang fresh",Negatif
"feeling kayaknya kalo akhirnya ada paling gak 1 yg pass away karna mbg, trus viral, baru dah mbg dihentikan sementara.

kalo ‘cuma’ kejang-kejang ato di rawat inap, masih masuk ke kategori ‘cuma 0,000 sekian persen jadi masih aman’",Positif
Biadab emang peogram MBG,Negatif
"@ridwanadit masyarakat sampai lupa lho goal MBG itu biar anak makin sehat dan bisa belajar, berprestasi di sekolah. 

masih setia nunggu apa hasilnya.",Positif
Mbg sebagai solusi peningkatan lapangan kerja dan memberikan gizi yg baik untuk anak2 Indonesia,Positif
"Gue klo menu mbg ny ayam udh pasti ga abis kemakan jir, bau😭",Negatif
"TNI &amp; Polri sepertinya tidak mau ketinggalan ambil bagian sebanyak-banyaknya Dapur MBG utk mereka kelola. 
Mereka lupa, bukan itu yang terpenting, benahi institusi dan tumbuhkan kepercayaan publik. Bukan malah menambah fungsi yg resiko terjadi benturan kepentingan sangat besar. https://t.co/xoYIqtO3fu",Negatif
Oh ini alasannya kl keracunan makanan biasanya muntaber kl keracunan mbg sampe kejang,Negatif
"Pernah saling follow &amp; udah DMan mau nego untuk kerjasama dgn salah 1 micro influencer. Kerjasama belum kejadian, liat story nya bela-belain MBG. Tidak berfikir panjang, langsung unfoll ajg horéam",Negatif
"Bukan sekadar slogan ini adalah aksi nyata food safety Sistem ini diterapkan sejak awal oleh SPPG Polri Ini Kerja Nyata agar kasus keracunan bisa dicegah dan paket MBG aman sampai ke anak #LanjutkanMBG 

#S25FEGemMaster #S25FExMPLIDS16 #HeroS25FE https://t.co/v0HQCLdc02",Positif
"Secara teknis, kasus ini memperlihatkan ketiadaan sistem verifikasi dan akreditasi yang kuat dalam penentuan lembaga penyedia MBG. Secara moral, ia mencerminkan rendahnya kesadaran etis birokrasi terhadap pentingnya kejelasan representasi negara.

- @kompascom",Netral
"Kerja Nyata hadapi fitnah dan gosip Mobil viral itu milik yayasan lain bukan BGN Logo dipakai tanpa izin dan sudah ditindak tegas Program MBG tetap berjalan profesional #LanjutkanMBG 

#S25FEGemMaster #S25FExMPLIDS16 #HeroS25FE https://t.co/GPketBuIBO",Positif
"Jangan stop MBG hanya karena insiden keracunan Ini Kerja Nyata yang terus dievaluasi seperti penerbangan lain yang tetap jalan Keamanan diperkuat untuk terus terbang lebih aman #LanjutkanMBG 

 #S25FEGemMaster #S25FExMPLIDS16 #HeroS25FE https://t.co/h0lONgcKc3",Positif
Semoga pas anak gua sekolah mbg ini udah ga ada. Kaget banget jir sekolah mahal aja ga menjamin bebas mbg wkwkk,Negatif
"Bhabinkamtibmas Polsek Muara Batang Gadis Aiptu S. Bahri Lubis melaksanakan Pengecekan Giat Sat Pos Kamling sekaligus mensosialisasikan peran Pos Kamling dalam mencegah  gangguan Kamtibmas, di Pos Kamling Lumba-Lumba Desa Tabuyung Kec. Muara Batang Gadis Kab. Madina. (31/10/2025) https://t.co/8tOMSHNb0T",Netral
"makanan MBG aman, Polri siap sedia! Dukung full program Pak Prabowo, biar semua bisa sehat berkualitas. Good job https://t.co/lYInFJxNp3",Positif
salut buat Polri yang terus jaga kualitas makanan MBG! Langkah positif dukung program Pak Prabowo. Maju terus demi generasi sehat dan kuat https://t.co/xyPvlOa8KT,Positif
bangga bgt sama Polri! Turut andil jaga kualitas makanan MBG pastinya mendukung penuh program presiden Prabowo. Sedap nih liat langkah positif gini https://t.co/H7mt4I8om4,Positif
"PAGI INI GW HAMPIR NABRAK NI MOBIL MBG SETAN ANJJJ, GILA BETUL DIA NYELONONG DI LAMPU MERAH 🖕🖕🖕",Negatif
"@tempodotco Biar di urus kantin sekolah. Sudah pasti fresh, bisa prasmanan, mengurangi mubazir, memperkerjakan banyak orang, mengurangi belanja jumlah besar di produsen yg mempengaruhi harga dan stock bahan di pasar dll
Tapi kalo niatnya mbg buat cari duit ya cara di atas gak boleh dilakukan",Positif
"""pengangguran itu menurun"",
""MBG berhasil kok"",
""Angka kemiskinan menurun""....

Gais kalian harus baca apa yang aku temukan🤣 ini bukti sejarah @neohistoria_id itu berulang 🤣 masalahnya, 1868 katanya kan kita dijajah belanda ya, masa skrng........ 🤣🤣🤣🤣🤣🤣🤣🤣 https://t.co/FwwdOvIagU",Negatif
"Maaf MBG, Moyo BajinGan.",Negatif
kemaren pdhl pembelaan wowo lovers tu mbg bagus krna kasian ngeliat masi ada anak2 yg makan ulat sagu. ndelalahh skrg malah gini woww,Negatif
Ini mbg ada neurotoksinnya kah,Negatif
"kalau ada yg keracunan MBG, siapa diantara mereka yg akan bertanggung jawab?",Negatif
"Viral air tercemar di Bojong Menteng Rawalumbu diduga dari limbah MBG. Warga mengeluhkan air dirumahnya bau, menghitam dan membuat kulit gatal, hal ini disampaikan Ketua RW 04 Kelurahan Bojong Menteng, Hasan, Jumat (31/10). 🎥Haa
#BeritaElshinta https://t.co/Wqq8YaKrx5",Negatif
"hebat Polri dukung makanan MBG yg berkualitas. Jempol deh buat program Prabowo, semoga sukses besar ya https://t.co/5zJ6vwXCEX",Positif
"❌ BGN Benarkan Baki Program MBG Mengandung Lemak Babi 

✅ • Faktanya, BGN membantah klaim baki program MBG mengandung lemak babi. 
   • Unggahan berisi narasi “BGN benarkan baki program MBG mengandung lemak babi” merupakan konten yang menyesatkan (misleading content).  

🔗 https://t.co/y3GKFtmjo9",Negatif
"Pgs Kanit Intelkam Polsek Muara Batang Gadis Brigpol M. Noval Yazid  melaksanakan Patroli antisipasi 3C serta  antisipasi gangguan kamtibmas, di Desa Singkuang II Kec. Muara Batang Gadis Kab. Madina. (31/10/2025) https://t.co/ouhWNX7KZh",Netral
"pernyataan saya di Tempo berkaitan insentif guru sebagai PIC /Penanggung Jawab MBG, 

https://t.co/xNmnWkCjvc",Netral
Berani nggak ngomong kek gitu di depan anak-anak yang keracunan MBG?,Negatif
"Kasus MBG di Jabar naik, berita kyk gini naik juga",Netral
rekap mbg adek gue https://t.co/ZRTbEdkEqa,Netral
Bener anjirrr gara gara mbg,Negatif
"Ya ampun ini mah yang buat mbg, protein di tubuhnya dah terdenaturasi semua ajig ALIAS GA BISA MIKIR LU SEMUA TOLOL",Negatif
Wah menu MBG ada cendolnya,Netral
Ompreng MBG.,Negatif
"Dukung Program Makan Bergizi Gratis, BGN Latih 450 Penjamah Makanan di Tomohon https://t.co/s8haSsZfmK https://t.co/sm28JBu052",Netral
"Ratusan Petugas Gizi Dilatih, BGN Siapkan Garda Terdepan Program Makan Bergizi Gratis https://t.co/Rnvvvzwe0f https://t.co/P4kPnkXmfo",Netral
"Serius nanya. Kalau yg pada punya anak di sekolahnya dapat MBG, beneran yakin dibolehin makan? 

Serem banget pada keracunan gini.",Negatif
"BGN Latih Relawan Penjamah Makanan, Pastikan Kualitas Program Makan Bergizi Gratis di Gorontalo https://t.co/TP4Y9V5D3a https://t.co/DWMYFdN0qM",Netral
BRI turut berperan aktif dalam Program Makan Bergizi Gratis (MBG) sebagai wujud dukungan dalam meningkatkan kesejahteraan masyarakat dan ketahanan pangan nasional #BRIDorongEkonomiKerakyatan #KinerjaBRI #qrisbri https://t.co/Qvx0up350O,Netral
BRI telah menyalurkan KUR termasuk kepada pelaku UMKM yang menjadi bagian dari program Makan Bergizi Gratis (MBG) di berbagai wilayah #BRIDorongEkonomiKerakyatan #KinerjaBRI #qrisbri https://t.co/slj2Sx8kYh,Netral
"Bayangkan 
Dari Anggaran yg digelontorkan, brp% yg effektif menjadi tambahan gizi bagi anak

1. Yg jadi cost birokrat dan ops admin
2. Keuntungan dapur
3. Fee broker
4. Fee funder
5. Sampah

Banyak makanan terbuang, MBG menambah persoalan lingkungan
https://t.co/Jq9XWRsp9Q",Negatif
"Dan sekarang di daerah gue, balita sama bumil otw dikasih mbg. Mana anak gue toddler (dan kemungkinan kebagian). Tp yg gue liat mbg nya upf. Real food bikin keracunan, tp upf tinggi gulgar. Kaga ada yg bener, udahin aja mbg nya 😩",Negatif
"Nggak heran karena bebener males sejak dia pick me parah pas ngomenin anak SD gamau makan MBG krn ga enak, sedangkan dia cuma bisa makan Okky Jelly Drink karena dulu ""sesusah ituuu"" 🤢",Negatif
"Caranya..  kita harus pura2 menjilat pemerintah sampai dititik bisa diundang ke istana presiden. Trs lu bisikin ""Ndut mau liat video keracunan mbg ga? Si Teddy babik banget ga nyampein ke elu""",Negatif
"Program Makan Bergizi Gratis ""wkwkwk""",Netral
"BGN Asah Kompetensi Relawan Gizi, Jaga Kualitas Makan Bergizi Gratis di Timur Indonesia https://t.co/bqKraO26O8 https://t.co/6iqPgUHaq1",Netral
"Wahh last MBG dibulan ini, gak kerasa ya 🥺 tapi gak sabar juga nunggu menu bulan depan! :D arigathanks sayangkuu! @jjunseou",Positif
"TONIGHT 🔴LIVE @ 20.30 WIB
🎬: https://t.co/VWRSwj83S0

ADA VTUBER DPD? WOWO NONTON SPICY TALK (ril bukan clickbet gan)? KASUS KERACUNAN MBG LAGI??",Netral
"SPPG di Bekasi Kedapatan Buang Limbah MBG ke Selokan Permukiman, Warga Protes dan Minta Dihentikan
 
https://t.co/tXXz6UWwSk lewat @tribunnews",Netral
Gimana kalau kita hitamkan hashtag lanjutkan mbg ini??,Negatif
"ya Allah, sekolahku udah didata mbg huhu semoga ngga kejadian gini",Negatif
"Sebanyak 800 siswa Sekolah Menengah Kejuruan (SMK) Kandeman, Kabupaten Batang, Jawa Tengah mengalami keracunan diduga setelah menyantap program Makan Bergizi Gratis (MBG). 

Kepala SMK Kandeman Yulianto, Jumat (31/10/2025) mengatakan dari 1.546 siswa, 800 diantaranya diduga https://t.co/aBmenVwnFR",Netral
"Prabowo Bentuk Tim Lintas Kementerian untuk MBG, Pengamat Soroti Peran Strategis Kemendagri https://t.co/g3JBivwaKR",Netral
Mulai besok siapin bekal karena dapur sekolah dihentikan karena MBG. Gapapalah bikin bekal tiap hari daripada ...,Negatif
"katanya udah ada yg keracunan MBG lg? hadeeuh
MBG = moal baleg guys",Negatif
"Di indo, upah murah, kebutuhan pokok mahal, protein hewani mahal grgr mbg, kalo jualan untungnya tipis banget tapi dibilang rakyat sejahtera 🥲",Negatif
"Terbukti kan bisnis makanan itu untung bersihnya banyak,apa lagi ini bajednya pasti , operasional pasti,jdi udah pasti gampang perkiraan pendapatannya krna tiap hari udah pasti bikin brpa ratus bahkan ribu box MBG walau bajednya cuma 10rb/box 
😆",Positif
"@uwiach @LatterstoAster @BaseBDG Ini kasus dugaan keracunan massal di Cibodas, Lembang, Bandung Barat. Ratusan siswa dari beberapa sekolah (seperti SDN 2 Cibodas, SMPN 4 Lembang) mengalami mual, muntah setelah makan program Makan Bergizi Gratis (MBG) pada 28 Oktober 2025. Korban dirawat di puskesmas dan RS,",Netral
@jrisung Udah makan bergizi dong! Kamu juga udah kan? Dapat makan siang gratis ga tadi?,Netral
Wagub Idah Pastikan Program MBG di Gorontalo Berjalan Sukses https://t.co/fSzZ0vw2hu #GorontaloMajudanSejahtera,Netral
"Siswa penerima MBG di Jateng sampaikan pesan bercara unik ke Presiden

https://t.co/tzU5BGtdEa",Netral
"@roe_wet @__AnakKolong @KemensetnegRI @setkabgoid @Kemdikdasmen @KemenkesRI Nanik S. Deyang sebagai Wakil Kepala Badan Gizi Nasional fokus pada komunikasi publik, investigasi lapangan, dan respons terhadap isu gizi untuk memastikan transparansi serta akuntabilitas program seperti Makan Bergizi Gratis (MBG). Ia bertanggung jawab memimpin koordinasi harian",Netral
ke filipin aja harusnya terus kasih mbg pagpag🥰,Negatif
"@cocokan_ @RecehNgakakk Ya, benar ada peluang kerjasama Indonesia-India untuk kembangkan program Makan Bergizi Gratis (MBG). Pemerintah ingin tingkatkan stabilitas gizi dan efisiensi, belajar dari pengalaman India yang sudah jalankan program serupa sejak 1995. Soal bumbu MBG kurang mantap, itu",Positif
@JenarKidjing Tidak ada makan siang gratis,Negatif
"@NurRohi03920969 @kompascom Produksi TNI di lahan idle difokuskan untuk kebutuhan internal MBG, bukan menggantikan seluruh pasokan SPPG dari pasar swasta. SPPG masih bisa diversifikasi sumber belanja, sementara inisiatif ini kurangi ketergantungan impor dan stabilkan harga pangan nasional. Petani tidak rugi",Netral
"@RudiBudiman80 @BosPurwa Berdasarkan Keppres Nomor 28 Tahun 2025, anggota Tim Koordinasi Penyelenggaraan MBG yang mayoritas pejabat tinggi seperti menteri dan kepala lembaga tidak menerima honorarium tambahan untuk peran tersebut. Tugas ini termasuk dalam tanggung jawab jabatan utama mereka, yang sudah",Netral
"@NurRohi03920969 @kompascom Intervensi negara seperti ini di lahan idle TNI justru melengkapi mekanisme pasar dengan menambah pasokan lokal, bukan mengganggu. Program MBG tingkatkan permintaan pangan secara keseluruhan, yang untungkan petani melalui harga stabil dan peluang kemitraan. Tanpa bukti empiris",Positif
"🌾🍱 Dari sawah sampai ke meja makan anak-anak sekolah — Bulog dan program Makan Bergizi Gratis saling terhubung. Gabah petani terserap, beras tersalurkan, gizi anak bangsa tercukupi!💪🇮🇩

#BULOG
#BULOGSahabatPetani
#BULOGSerapJagung
#KDMPBULOG
#BULOGDukungSwasembadaPangan https://t.co/an2dDlPrBA",Positif
"Dibelakang kantor ada ketring MBG kemarin pas pulang lewat situ kebetulan bgt liat mereka lagi mau cuci omprengan kayaknya, beneran jijik banget semua onprengan digabungan bersama bekas bekas makanan gitu jadi satu. Jadi kaya tumpukan sampah😭🤮 beneran langsung mual parah",Negatif
800 Siswa SMK Kandeman Batang Keracunan Usai Santap MBG https://t.co/CUmdkVJAdG https://t.co/KJeheEI2eR,Netral
"Program Makan Bergizi Gratis (MBG) terus menunjukkan dampak positif yang kuat, tidak hanya dalam pemenuhan gizi anak dan ibu hamil, tetapi juga dalam membangun ekosistem ekonomi lokal yang lebih hidup dan inklusif. 
#MakanBergiziGratis #opinimerdeka https://t.co/bJMNtJckkc",Positif
Program Makan Bergizi Gratis di Papua semakin terstruktur dan fokus pada kualitas. Sinergi daerah dan pusat memastikan setiap anak mendapatkan gizi layak untuk tumbuh optimal  #MBGPapua https://t.co/BuGjM0m6hE,Positif
"Ketika anak-anak mendapatkan makanan bergizi, konsentrasi dan kesehatan mereka meningkat. Program makan bergizi gratis menjadi dorongan penting bagi kualitas pendidikan di Aceh
#GiziAnakAceh #MakanBergiziGratis #AcehSehat https://t.co/LcwNAyR3pb",Positif
"Hadirnya makan bergizi gratis menunjukkan komitmen kuat untuk meningkatkan kesehatan anak-anak Aceh. Yuk dukung bersama agar setiap anak mendapatkan hak gizi yang layak!
#GiziAnakAceh #MakanBergiziGratis #AcehSehat https://t.co/fV1eWpUn4N",Positif
"Program makan bergizi gratis menjadi angin segar bagi anak-anak Aceh, memastikan mereka mendapat nutrisi yang cukup untuk tumbuh sehat dan cerdas. Langkah sederhana, dampaknya besar
#GiziAnakAceh #MakanBergiziGratis #AcehSehat https://t.co/Mol27IVgmT",Positif
"Anggaran sosialisasi MBG (My Bini Gua) adalah 721 triliun untuk satu tahun. Angka tersebut mengambil 20% dr APBGC (Anggaran Pendapatan dan Belanja Ghost City). Ketika dijumpai jurnalis di Paradise Manor, Hua Cheng menolak untuk memberikan keterangan lebih lanjut mengenai hal tsb. https://t.co/96cywSMNVf",Netral
"Makan bergizi gratis memberi harapan baru untuk memperbaiki status gizi anak-anak Aceh. Menu sehat setiap hari membantu mereka tumbuh optimal dan lebih aktif belajar
#GiziAnakAceh #MakanBergiziGratis #AcehSehat https://t.co/Pt1AdBuuBW",Positif
"Hasil Kajian Sementara
Halo Sobat Gizi! 👋🏻
Divisi Kajian Isu Kegizian Formazi FKM Unhas mengkaji pelaksanaan program Makan Bergizi Gratis dan SPPG di Kota Makassar. Forum diskusi menghasilkan rekomendasi perbaikan program dari perspektif gizi.
Scan QR untuk lihat hasil lengkapnya https://t.co/uraqpXztzY",Netral
"STOP MBG, ALIHKAN UNTUK KORBAN DI SUMATERA 
@prabowo",Netral
"Program MBG memberikan manfaat untuk seluruh rakyat Indonesia.

Badan Gizi Nasional (BGN) mengalihkan lebih dari 526.000 paket Program Makan Bergizi Gratis (MBG) untuk masyarakat terdampak bencana banjir dan longsor. https://t.co/2Mr4n3ajqS",Netral
"Gara2 mbg susah banget nyari susu uht full cream yang 100% sapi. Ultra mimi sm ultra susah bangettt, greenfield kadang masih liat, diamond mayan lahhh. Tp anak gue paling suka mimi 😭😭😭",Positif
support BGN 100%! Klop bgt tuh hotline untuk sukseskan Program Makan Bergizi Gratis https://t.co/b6tUW3M3ct,Positif
Minyak Jelantah MBG Jadi Komoditas Ekspor Bernilai Tinggi - https://t.co/Lq7bchXMVe https://t.co/bjSPM7RXhC,Netral
Kanit Samapta Polsek Muara Batang Gadis Aiptu Indra Ali Akbar melaksanakan cek Debit Air di Dusun Labonas Desa Batu Mundo Kec. Muara Batang gadks Kab. Madina. (30/11/2025) https://t.co/vwLzYWD4Kh,Netral
"Iyah iyah. Pemerintah ga pernah salah. Kalo ada apa2
Rakyat lagi yang disalahkan. Gitu yah yang benarnya?
Gegara program mulia MBG, biaya penanganan untuk bencana berkurang jauh . 

Buzzer asuw. Sampah masyarakat. Hina benar pekerjaan satu ini. Nyalahin orang2 tdk bersalah https://t.co/wTSKwogeH3",Negatif
props to BGN! Saluran pengaduan adalah langkah maju biar program MBG makin akseleratif https://t.co/fBJE7cnenf,Netral
"Banjir besar melanda wilayah Sumatera, memaksa sekolah-sekolah tutup dan ribuan keluarga mengungsi. Di tengah situasi darurat ini, ratusan dapur Makan Bergizi Gratis (MBG) bergerak cepat menyalurkan ratusan ribu paket makanan ke wilayah yang terisolasi.

#detikcom #banjirsumut https://t.co/8cMTdf6bj7",Netral
Memang kita lebih butuh sekolah gratis daripada makan bergizi gratis🙂,Positif
Buzzer MBG ? Wkwkwk duh👀🤣 https://t.co/AZAH4GEJzY,Negatif
kreatif bgt BGN dgn adanya hotline MBG. Semoga masyarakat makin peka soal gizi. Keep inspiring https://t.co/hBYpatrc87,Positif
langkah hebat BGN! Jalin koneksi langsung dengan masyarakat melalui hotline MBG. Inspiratif https://t.co/wvogpBOpRy,Positif
"astagfirullah bencana alam karena keserakahan dan kelakuan manusia yang ngerusak alam dan akun2 anjing ini malah kaitin sama mbg wtfff

anak2 keracunan mbg wajarlah diprotes, nyawa orang loh taruhannya

sekarang bencana alam nasional bukannya prihatin, malah ngetik bullshit🤡🤡🤡",Negatif
superb! BGN dan hotline MBG kombinasi yang pas. Semoga banyak masyarakat dapet manfaat https://t.co/PGSHLvghqE,Positif
"bangga dengan BGN, buka hotline membuat masyarakat mudah akses informasi MBG. Keep it up https://t.co/U2quwpzjA5",Positif
"Rejeki anak soleh... 

Berkat berkat...bukan MBG😅 https://t.co/yOPA85bOPZ",Positif
Pemerintahmu ngurusi korupsi no.1 karo mbg https://t.co/PO5jpRjC4S,Negatif
MBG malam ini😻😋✨ https://t.co/73yqe3ooqj,Netral
"muak bgt muaaakkk masih ada aja yg ngejilat pemerintah, dikasih apa sih lo tuh? gmn biar nyadar kalau pemerintah tuh emg bobrok, that's the bitter truth stop denial. keracunan mbg, perambahan lahan, banjir longsor, ada ga permintaan maaf dari pemerintah yg lo bela?? https://t.co/PAVSo6nRrd",Negatif
"menuntut dengan keras, segera alihkan anggaran mbg ke penanggulangan bencana. ya allah nyesek banget sampe pemda aja ga mampu menanganinya loh. ini saatnya yg pusat harus turun tangan. ya allahhhh😭",Negatif
"Efisiensi alias duitnya dipake buat mbg

Semoga emak2 yg ngebelain pada sadar anak2 mereka itu sedang makan duit sodaranya yg di luar jawa",Negatif
"i'm truly sorry if there is someone get offended, but, he is right. beliau punya banyak hasil nyata.

nyata numbangin banyak makhluk, nggak cuma anak-anak yg keracunan MBG, nggak cuma korban bencana, but the elephant, orang utan, the tigers.
betul-betul nyata nampak di mata :)",Positif
"Mangkanya deh, gausah segala bertingkah datengin ahli dari india yang ternyata kredibilitas nya sebagai ahli untuk mbg aja diragukan. Segala ngepangkas anggaran bmkg, dan sar yang emang penting banget",Negatif
"Indonesia dong keren... bencNa heboh di medsos doang, pejabatnya entah sibuk apa.
Duit dihabiskan tuk MBG yang keracunannya hanya sekian persen doang. Iya kan pak prab ?

#ResetIndonesia https://t.co/Nhwfo7xg1k",Negatif
MBG (Masakan Bini Gue) https://t.co/dtEWVS3YxS,Negatif
"Bekakak ayam kampung khas Kuningan kini hadir sebagai menu MBG! Ini Kerja Nyata untuk melestarikan kuliner daerah. Rasanya otentik, gizinya tinggi. Cocok buat keluarga. #LanjutkanMBG

DAESANG Nyata GUN X ATA 2025 Green House Sumatera Aceh #zonauang Minggu https://t.co/fhgoiGSw1Y",Positif
"Nomor aduan yang transparan menjamin setiap masukan didengar bukti Kerja Nyata untuk perbaikan kualitas layanan makan bergizi gratis di seluruh Indonesia #LanjutkanMBG 

#IDGCHEvsARS https://t.co/cdxtQp85Gz",Positif
"@QianzyZ saya tdk setuju jika dalam bentuk uang, jika bentuk uang justru tdk menyelesaikan masalah, justru makan siang gratis itu yg bisa menyelesaikan persoalan di sekolah, hanya mental bisnis dan yg mata duitan yg menganggao mbg bermasalah",Negatif
Kanit Samapta Polsek Muara Batang Gadis Aiptu Indra Ali Akbar dan Kanit Binmas Aipda Ariadi melaksanakan cek Debit Air di Simpang UPT Desa Singkuang 1  Kec. Muara Batang gadks Kab. Madina. (30/11/2025) https://t.co/8G1z8z5NZJ,Netral
"Aku pribadi nggak setuju. Lebih baik MBg programnya dihentikan saja atau diobservasi lbh lanjut dan diperbaiki sistemnya. Klo mau mengatasi stunting bisa upgrade posyandu sm perbaiki sektor ekonomi, sehingga bahan pangan yg layak mudah dijangkau masyarakat.",Negatif
"MBG memang bukan makanan mewah, tapi justru jadi alternatif nyata untuk meningkatkan kesejahteraan siswa dan masyarakat. Sederhana, terjangkau, dan penuh manfaat. 

#MBG #MakananBergizi #ProgramSekolah #SehatBersama #GiziUntukBangsa #KesejahteraanSiswa #SolusiMasyarakat https://t.co/98BETmWN8z",Positif
"Program makan bergizi gratis memastikan setiap anak Indonesia mendapat asupan gizi seimbang agar tumbuh sehat, kuat, dan cerdas. Komitmen negara hadir nyata demi masa depan generasi penerus.
#MakanBergiziGratis #AnakIndonesia #GiziSeimbang #IndonesiaMaju https://t.co/u33EEQ5Off",Positif
"Masih aja belain pemerintah, bilang MBG membantu korban bencana??? 
Heran, seneng banget belain pemerintah 😂
Dikasih data, komennya disembunyiin semua. https://t.co/Xww4GKhulU",Negatif
program MBG jadi makin jos berkat saluran pengaduan BGN. Layanannya top https://t.co/0yNV0eC0M4,Positif
keren abis! BGN makin oke dgn ada hotline MBG. Sukses besar buat BGN &amp; Mbak Nanik https://t.co/RPD4t39AIX,Positif
"good job BGN! Saluran pengaduan nambah kredibilitas Program MBG, beneran peduli https://t.co/mUgRgvwnAE",Positif
Asli gue curiga target MBG tuh biar mereka sama gendutnya kayak si gendut ini kah?,Negatif
"Ada masalah dengan layanan MBG? Jangan ragu lapor! Ini Kerja Nyata kami untuk transparansi. Hubungi hotline resmi BGN. Laporan Anda akan segera ditindaklanjuti! #LanjutkanMBG

DAESANG Nyata GUN X ATA 2025 Green House Sumatera Aceh #zonauang https://t.co/LkH5NsOcry",Netral
"Jd keinget di tiktok ada yg bilang ""mana tuh yg kmrn nolak mbg? Skrg dapur mbg jd dapur umum""

Soalnya dana yg emg harusnya buat hal beginian kan emg kepake sm mbg 😒 halah runyam",Negatif
"MBG (Mari Belajar [Astronomi] Gratis) untuk Desember tersedia lagi! ✨

Kami bikin lagi kelas-kelas astronomi online live yang bisa diikuti siapapun sepanjang Desember ini. Pilih mau ikutan kelas yang mana, atau kalau mau ikut semuanya juga boleh, GRATIS~

Ada kelas apa aja? 🧵 https://t.co/BpqWm5tgqM",Netral
"petugas MBG udah, sekarang ke haji juga? Rot in hell all of you bastard.",Netral
"Giliran MBG aja cepet lu geraknya , pas ada bencana besar gini lu2 pada lambat amat responnya anjir, ntah negara apa ini anjir",Negatif
Apa hukumnya mengambil  lahan tanah  orang  tanpa ijin untuk dibuat selokan/parit demi  kelancaran pembuangan air  dari dapur MBG ?,Negatif
nilai agama gw setelah terkontaminasi chudai astaghfirullah banget y,Negatif
"@ulil Oh ya ? Oke, coba kita bicara background para pejabat pejabat di Kemenag 🤣",Netral
Lu yg gw masukin ke panci mbg lama lama ya wowo,Negatif
abis kerja freelance dapet MBG alhamdulillah rejeki akhir bulan 😇🫶✨ https://t.co/4f0vxvRiXT,Positif
UDAH CD MASIH AJE RELAY MBG 😭 https://t.co/vXHgGK1lev,Negatif
"What did u mean with gizi anak? Yang ada anak2 bahkan guru pun keracunan itu MBG

Cair berapa ratus rupiah btw?☺️",Negatif
"Biar realistis.
MBG = Makan Siang Gratis (MSG).
Biar jelas, bukan gizi yang diperes tapi anggarannya. Masuk akal gk sih 🤪",Negatif
"Sebagai Anggota DPR RI @fraksipartaigerindra, kami telah meninjau SPPG di Pasa Ambacang, Kuranji. 

Dapur MBG ini menjadi salah satu garda terdepan membantu para korban bencana alam di Kota Padang. Ini menunjukkan bahwa program Presiden Prabowo sangat bermanfaat bagi masyarakat https://t.co/bIiYJz6pKc",Positif
"Pikirkan aja kek gini, pemerintah lagi bingung gatau harus berbuat apa karena tahun lalu mereka melakukan pemotongan anggaran brutal,tak terkecuali utk dana darurat bencana nasional. Mau menerapkan kebijakan kalo uangnya ga ada ya susah pak, yaudah makan aja tuh MBG biar ga laper",Negatif
Nakakaiyak na tong song na to as it is pero mas makabagbag damdamin pa yung rendition nya,Positif
Program Makan Bergizi Gratis Resmi Hadir di Muara Ciujung Barat https://t.co/hkcUiPINKv,Netral
"SMA Negeri 1 Nabire ikut dapat makan bergizi gratis dan ini bikin happy banget. Senang lihat akses gizi makin merata hingga Papua. Semoga makin banyak sekolah yang ikut biar generasi makin sehat.
https://t.co/hP782gdOcD https://t.co/Qo8oFVFXsL",Positif
"percuma jg me pke ini, sekepal nasi mbg gk bakalan kaya gt hasilnya",Negatif
"dah gitu duit MBG dikorup mitra nakal, buat gaji ahli gizi bodong. ahli gizi dah berkali kali bilang buat eval program dulu loh. gapernah didenger. pejabat yang punya banyak dapur MBG maunya jalan terus, walopun gaada ahli gizi beneran nya. pikirannya cuma duit.",Negatif
"Maaf negara kesatuan anggaran hbs untuk MBG.
Karena bagi @prabowo makan lebih penting.. 
Dgn MBG buzzer trus bs hidup, pendukung ttp terawat dan rakyat miskin bs di petik suaranya 5 thn nanti.",Negatif
Negara punya program makan siang gratis sedangkan ada warga yg mati kelaparan karena nunggu bantuan negara,Netral
"siswa korban keracunan MBG nyampe sebanyak itu aja dia ga peduli, udah ga kaget bencana sebesar ini pun dia tetep tambeng. gaada artinya nyawa buat pak presiden dan jajarannya ya?",Negatif
"kira-kira kalau ada mbg kayak gini pada mau gak?

langsung keracunan orang orang kalo makan itu bang riven😭",Negatif
Dampak MBG:,Negatif
"MBG sampah, buruan urus Sumatera",Negatif
Harus gimana lg ya biar dpt sikrit dr sk talon🫤,Negatif
"@QianzyZ Namanya mbg kan makan bergizi gratis 
Kalo dikasih nya duit ganti program jadi uang makan bergizi,pengelolaan uang bantuan bgni udah tiap tahun ada tapi gak bener juga sama aja korupsi nya gila gilaan,mbg ini bagus bngt program nya cuma pelaksanaan nya aja banyak tikus nya",Negatif
"MBG x MBO x AOM 🔥
HAHAHAHAHAHA",Negatif
"nyokap: *menceritakan bisnis temennya yg lgi anjlok taun ini* bisnis emg lagi pada turun ya
me: ""ga semua bisnis sih, itu liat yg punya mbg"" 🙈
nyokap: oh iya si itu (cuma punya 1 unit aja, gmn yg punya banyak) lagi trip ke spanyol sekeluarga abis bangun mbg 
me: duit rakyat wkw",Negatif
-star inilah dia MBG (my bini gw).. https://t.co/IAwgBfoYCy,Negatif
Mulai ada ya narasi2 belain MBG begini,Negatif
"nyawa siapa sih yang berharga bagi mereka itu? keracunan mbg dibilang statistiknya rendah, ada orang demo mati dibilang hanya 2 dari sepersekian ribu yang ikut demo, bencana akibat jeleknya regulasi dibilang aslinya ga separah itu 😃😃😃😃😃",Negatif
dan fokusnya masih aja ke mbg??? tolol.,Negatif
"TEMUAN ICW
Proyek MBG menyedot anggaran ratusan triliun rupiah, tapi pelaksanaannya justru menyisakan banyak persoalan: 
minim transparansi, lemahnya payung hukum, kasus keracunan massal, hingga dugaan konflik kepentingan dan politik patronase. 

Penelusuran ICW menemukan https://t.co/Ie17SEHDYl",Netral
"Arti penting MBG hanya bisa ditanyakan pada mereka yang sudah merasakan manfaatnya, bukan pada tokoh-tokoh politik yang duduk di kursi empuk, ruangan ber-AC sambil merancang strategi untuk berkuasa dan menimbun harta benda.  Jutaan masyarakat kecil sudah merasakan manfaat MBG!. https://t.co/X529m7dns4",Negatif
Program Makan Bergizi Gratis merupakan wujud nyata kepedulian Pemerintah terhadap masa depan anak bangsa #PenuhiGiziIndonesia https://t.co/4USDU6YMNj,Positif
"Bagi anak-anak di daerah terpencil, program Makan Bergizi Gratis bukan sekadar makanan — tapi harapan 
#PenuhiGiziIndonesia https://t.co/8XLVEb1T8r",Netral
Program Makan Bergizi Gratis merupakan wujud nyata kepedulian Pemerintah terhadap masa depan anak bangsa #PenuhiGiziIndonesia https://t.co/2VBVNt1kQs,Positif
"Program Makan Bergizi Gratis (MBG) tidak hanya berdampak pada peningkatan gizi anak, tetapi juga mendorong perputaran ekonomi lokal melalui pelibatan UMKM dan petani setempat. #PenuhiGiziIndonesia https://t.co/4l7pgy2GCA",Netral
Program Makan Bergizi Gratis merupakan wujud nyata kepedulian Pemerintah terhadap masa depan anak bangsa #PenuhiGiziIndonesia https://t.co/9kPmBsvyVh,Positif
Dana MBG  haram untuk di ceritakan ❗❗ https://t.co/oSDAWf3NId,Negatif
"Bagi anak-anak di daerah terpencil, program Makan Bergizi Gratis bukan sekadar makanan — tapi harapan 
#PenuhiGiziIndonesia https://t.co/ycTl5TimT5",Netral
"Bagi anak-anak di daerah terpencil, program Makan Bergizi Gratis bukan sekadar makanan — tapi harapan 
#PenuhiGiziIndonesia https://t.co/CuPAl29RfX",Netral
"Bagi anak-anak di daerah terpencil, program Makan Bergizi Gratis bukan sekadar makanan — tapi harapan 
#PenuhiGiziIndonesia https://t.co/323ls1bv3f",Netral
"1. ""Kesehatan gak bayar. 
Subsidi listrik.
Subsidi BBM. 
Sekolah gratis. 
Makan siang gratis
Subsidi angkot 100%
Tambah beasiswa
PTN gratis""

15/2/2025: 
https://t.co/8X1CgwQCqq

#PresidenOmon2Turunlah 
#PresidenOmon2Turunlah https://t.co/X3iF9Kb82j",Netral
"🔥 LOKER BANDUNG TERBARU: Ahli Gizi (MBG) di SPPG Wanayasa Purwakarta (MBG)
#lokerbandung #lowongankerjabandung #bandung #jabar #jawabarat
https://t.co/3MFygYdmMp",Netral
"Dari desa-desa di pegunungan Papua hingga pelosok Nusa Tenggara, Makan Bergizi Gratis telah menjadi bukti nyata kehadiran negara untuk anak-anak bangsa. 
#PenuhiGiziIndonesia https://t.co/M06cZTb47S",Positif
"MBG dirapel buat satu minggu tapi isinya seperti ini. Jadi ingat kata Dewan Pakar BGN Ikeu Tanziha. ""Harus bersyukur"".

Gw mau tanya nih, kira2 yang begini dikorupsi atau gak pak? Rakyat kecil jgn dimainin trus nanti kualat. Cc ⁦@prabowo⁩ ⁦@Gerindra⁩ https://t.co/FH4weuauCZ",Negatif
MBG membuka wawasan saya atas merk2 cemilan ternyata ada banyak sekali ya yang saya belum tau. 😅,Positif
"Dari desa-desa di pegunungan Papua hingga pelosok Nusa Tenggara, Makan Bergizi Gratis telah menjadi bukti nyata kehadiran negara untuk anak-anak bangsa. 
#PenuhiGiziIndonesia https://t.co/SxXPBCbX0y",Positif
Levi masak mbg https://t.co/9Rk6asjc9E,Netral
"Dari desa-desa di pegunungan Papua hingga pelosok Nusa Tenggara, Makan Bergizi Gratis telah menjadi bukti nyata kehadiran negara untuk anak-anak bangsa. 
#PenuhiGiziIndonesia https://t.co/ngML5rIcTG",Positif
Lihatlah kondisi masyarakat daerah saat ini!. Banyak ibu-ibu rumah tangga dan masyarakat kecil lainnya yang bisa mendapatkan pekerjaan tetap di dapur MBG tanpa harus jauh-jauh merantau ke kota besar. Program MBG membawa pemerataan ekonomi di daerah pedesaan dan 3T secara nyata. https://t.co/GHgG9x10MN,Positif
"Diduga karena Postingan MBG, Ibu Menangis sebut Anaknya Dikeluarkan Sekolah

Baca di https://t.co/R6Y6dyABU5 https://t.co/7S5CZ1NB9F",Netral
"Program Makan Bergizi Gratis menjadi langkah nyata pemerintah dalam meningkatkan kualitas hidup anak-anak Indonesia
#ProgramMBG #IndonesiaEmas https://t.co/b9YOz1xHCD",Netral
#nanugumil wherein gumil join war food truck (jangan bilang mbg soalnya bayar ukt ya kids) https://t.co/XCSzSEcZXa,Netral
"Sudah jelas, program MBG adalah scam level nasional",Negatif
"Cen Goblog Program Presidenmu, anaku prei kok diWA gurune kon jupuk MBG lha MBG ki makani sopo blok? Untalen nggo Prabwo ro Gibran ben rodo pinter sitik.",Negatif
@dita_septian10 @mardiasih Namanya aja Makan Bergizi Gratis. Kalo nggaada gizinya terus esensinya apa?,Negatif
"Gizi baik hari ini, masa depan bangsa lebih cerah esok hari — Program Makan Bergizi Gratis (MBG) hadir untuk memastikan setiap anak Indonesia tumbuh sehat, cerdas, dan siap membangun negeri. #IndonesiaTerang #MBG https://t.co/pf73vlsBPZ",Positif
"Sinergi Pangan Kalteng — melalui Makan Bergizi Gratis, anak-anak Indonesia tumbuh sehat, cerdas, dan siap meraih cita-cita. #IndonesiaTerang #MBG https://t.co/JwkO8PniJ0",Positif
"Evaluasi SPPG, Pemkab Boyolali fokuskan kualitas MBG pada 2026

https://t.co/ECCgPxfOTT",Netral
"mbg adek gua slama liburan pas liat gulanya, busettttttt ini mah minum bergula gratis https://t.co/sgC06cUfJO",Positif
knp nui rosho kalo di kamera orang-orang terlihat sangat lucu cute dan menggemaskan tapi kalo di kamera gw kayak abis ngicipin mbg,Negatif
"Gara gara mbg, anak kehilangan edukasi. Thx prabowo",Negatif
"Jangan mudah terpancing hoaks tentang MBG. Kerja Nyata dengan mengambil langkah konkret untuk menjawab kebutuhan siswa dan masyarakat. Mari kita bangun pendidikan yang lebih baik bersama! #LanjutkanMBG

Selasa Vidi #UnfoldTheDetails #Corhat #日本レコード大賞 #KengNamping https://t.co/7xhTPRju2C",Positif
"@prabowo @kab_kulonprogo @DivHumas_Polri mencetak generasi bangsa yang sehat dan unggul. Hal ini diperkuat dengan peresmian dan operasional SPPG Polri Argorejo, Sedayu, Bantul, (Senin, 29 Desember 2025) sebagai role model Program Makan Bergizi Gratis (#MBG) menuju #GenerasiEmas 2045.

#PolriUntukMasyarakat
#SPPGPolri",Positif
"Libur Sekolah, Kadispangtan Kota Malang: MBG Malang Disalurkan Dua Kali Sepekan - https://t.co/LQzY6Op2TI https://t.co/rFxH1LvdkZ",Netral
Ini partner war mbg aku nder,Netral
"#intinyadeh viral salah satu paket MBG berupa ""minuman rasa susu"" (bkn susu), krn secara komposisi airnya 86% dan susu skim bubuk 1%.

Mengandung gula 14g dalam kemasan 125ml.

Diproduksi di Kota Jinan, Provinsi Shawdong, Cina.

Dikritik keras krn dinilai gak bernutrisi utk anak.",Negatif
"Guntur Romli Sebut Manajemen BGN Ala Preman Pasar, Dewan Pakar Diduga Kelola Dapur MBG

https://t.co/AHHsViOlCa",Netral
Ini BUKAN SUSU tapi MINUMAN RASA SUSU. Astagfirullah dzalim banget yang bilang ahli gizi ga berguna di MBG,Negatif
Pendidikan akan terancam pada tahun 2026 karena dana MBG sunat dana Pendidikan hingga 67% termasuk dana lainnya https://t.co/9olMLGvWgO,Netral
"BALITA DIKASIH MINUMAN RASA SUSU YANG SUSU CUMA 1% DAN GULA 14gr?!

Vendor MBG cuma mikir untung doang kalo pemerentah ga ngecek &amp; kasih regulasi ketat. T A I",Negatif
"thx guys yg milih 02, nikmati aja kehancuran bersama. makan tuh mbg sama joget joget. setelah tgl 1 januari 2026 makin susah berpendapat tentang pemerintah",Negatif
MBG penuh manipulasi 😵‍💫😵‍💫😵‍💫😵‍💫 https://t.co/FBtRWnPpX3,Negatif
Ini harga sembako naik terus ni apa gara2 program MBG taek ini ya?,Negatif
Wahai para penyedian MBG apa klian tdk takut dgn azab dgn mengurangi kualitas yang telah ditentukan,Negatif
Peresmian puluhan SPPG tersebut merupakan wujud kesiapan NU mengambil peran aktif dalam menyukseskan program strategis nasional Makan Bergizi Gratis (MBG). https://t.co/x7WtEROoAM,Netral
"stop yh mbg, jangan ngejar-ngejar ak terus 🙄",Negatif
"Udah bener ahli gizi gak dilibatkan di program mbg.
Skrg ahli gizi dipertanyakan kapasitasnya",Negatif
bersama gw dan MBG @jjuhoouism kita bangun negri yang kata orang udah makmur ini 🤍😛 #udahpahamboss https://t.co/tSzUpm1ws3,Positif
MBG (Maksain Banget Bang),Negatif
Negara beli ayam seekor buat nerror org bisa tapi beli ayam buat bahan baku mbg gamauk,Negatif
MBG: Makanan Beres Gym https://t.co/4xywYVUrdN,Positif
Mau tidur tiba2 ketawa ngikin keinget 'susu mbg komposisinya air 86%' 🤣🤣🤣,Netral
"RIYALL NANTI SIANG MBG 100% 30RB LAGI🥳

⏱️JAM 11:00 | 15:00 | 18:00 

👇🏻
https://t.co/jmgjjgeBG0

semoga banyak yg dpt lagi kaya pas 100% 30RB minggu kemaren 🙂‍↕️

jan sampe ketinggalan yaa ceeh https://t.co/gxvkwuIMk0",Netral
"Emnih susu viral ahirnya, gw pernah dapet pas SMA dan blg ke temen seprodi klo mbg isinya beginian dan mereka ga percaya wkwkkw",Negatif
"SBY hambalang, Mulyono IKN. Si ndud bikin proyek korupsi MBG biar ga jadi candi.",Negatif
"trs ntr design 02 nya ada gambar sawit sama tray mbg 😜

sp mauk merch ny antri @25300501s @k4inotforu @paniiily",Netral
86% air??? Ini kah yg namanya makan berGIZI gratis itu?? Mana pke bubuk skim susu nya cm 1% bjir,Negatif
"@JohnAlbertJA @ARSIPAJA Bukan gitu, bro. Target MBG 82,9 juta itu utamanya siswa PAUD-SMA &amp; ibu hamil (data Kemendikbud &amp; laporan 2025), bukan berarti semuanya kekurangan gizi atau miskin. Programnya preventif, buat tingkatkan nutrisi secara luas, termasuk yg gak kurang gizi. Penyebab stunting emang",Netral
"MBG oh MBG 
Sepanjang 2025 kira kira sudah berapa yang keracunan dan berapa duit yang bocor lewat MBG ? Kok gak ada evaluasi https://t.co/WR72bVMJ6O",Negatif
Apa sii mbg adekku yang masih SD biskuit hatari coklat 😭🙏🏻 Gula atuhh,Netral
"Wkwkwk dikasi kacang kulit dong MBG tolol laknat

Wkwkww dikata mau maen kartu bapaknya kali",Negatif
woy gua atmin mbg kelas 11 d,Negatif
"ga nyangka kisah cinta gue di angkat jadi au, hiks *mengelap ingus di bajumu* makasih authornim, akan gue buat lebih banyak tweet kecintaan bersama my mbg my bini gue kinyis kinyis ntik gemas dede onyo 🥰😘",Positif
@intinyadeh Makan bergizi gratis tapi kok BERGIZI?,Positif
"duh udah lama ga buka x, apkh ada chudai yg viral?",Negatif
"Bu owner juga perlu MBG
Makasih MBG malam ini https://t.co/kTfXnqcgj6",Netral
"mirissss. MBG per porsi kan 7500 atau CEBAN, bener gk? itu lauk pauk bisa kali... yaelah lu beli NASI UDUK DEH BERAPA GUE TANYA? gak nyampe 7 rebu, weird bgt vendor MBG begini. 😹",Negatif
"Makanan bergizi gratis, tapi dikasih yg gizinya irit bgt. Pas kampanye koar2 Indonesia harus minum susu, eh sekarang susunya 1%. MBG bisa menaikkan UMKM nambah lapangan kerja, tapi produknya ambil punya china. Karyawan underpaid 😭😭. Tapi dana nya per hari triliunan, heran bgt",Negatif
"@sdenta MBG anak sd buat 1 minggu, pearnya jelek cuma kemakan sedikit, abonnya gatau abon apaan gaada seratnya, bsk pagi rotinya udah berjamur begini🫠 https://t.co/e2Tqptsag1",Negatif
"masih hah heh hoh deh, kok bisa mbg isinya MINUMAN RASA SUSU ?????? minuman…. rasa…. susu….????",Negatif
"Itu, tapi sekaligus nunjukkin kalau presidennya gak bisa bedain aset pribadi dan negara. Makanya negara serasa dia sendiri yg punya, karena gak ada boundaries itu. Yes in this case semua orang bisa bantu, tapi di awal juga ybs pakai uang pribadi untuk mendanai mbg. 🫩",Positif
"Padahal waktu itu pendukungnya belain MBG bikin makmur petani/peternak lokal. Liat nih. Kntl. Apa lu, masih mau ngelak ""ini salah SPPG bukan salah wowo"". Makan tai",Negatif
"Beri mereka MBG agar kelak tidak jadi macan Asia Ompong

_________________________________
Rewards
NewJeans https://t.co/wCsvZz2KcA",Positif
"Dukungan Penuh Kementan ke Program MBG, Targetkan Swasembada Daging Ayam dan Telur Tahun 2026 https://t.co/NyyQTLEjxM",Netral
"Ni yg kasus2 keracunan mbg di bandung barat gini kali ya, ada bahan makanan udh busuk, sayang, tetep maksa di sajiin karena ngejar target sama gakmau rugi.",Negatif
"Menu rapelan, distribusi tepat, dan komitmen tanpa henti. MBG bukan janji, tapi Kerja Nyata untuk masa depan generasi Indonesia.
#LanjutkanMBG 

Sejeong Salma Salsabil Neng Bakar Vidi #OurFortunateShuaDay #KENGNAMPINGxICONSIAM FORTUNATE DAY WITH SHUA #HappyBirthdayTaehyung https://t.co/1CqPbYCclP",Positif
Menunggu mbg downfall sih itu yg punya dapur idupnya gimana ntar,Negatif
Jatah mbg 😌https://t.co/tPzdMEn7Zo,Negatif
"Roti kukus???? 

Jauhkan anak saya kelak dr mbg",Netral
"Dear MBG/SPPG/whateva, di pasaran ada kok susu pasteurisasi yg kandungan susunya beneran 100%.

Ini mah boro2 mencegah stunting, malah memupuk penyakit degeneratif 😭",Negatif
"Baru lihat merek ini, biasanya mbg pake indomilk atau clevo kalo merek ini jelas lebih murah secara cuma rasa susu. Bohong sih engga ya tapi ketara banget nyari untung gede",Positif
Daripada MBG mending pemerintah bikin program 1 rumah 1 mingyu sihhh,Negatif
"@wibisonoys @SianiparRismon @gibran_tweet @mbg Sama-sama! Diskusi seru tadi. Kalau mau bahas  atau topik lain, yuk lanjut. Apa pendapatmu soal itu? 😊",Netral
@RWWReborn Modal buat 2029 ini min 🔥🔥🔥,Netral
kalo join dapet mbg ga,Negatif
"Ini MBG buat ponakan balitaku.. lauknya ayam balado 😅.  Padahal udh bener sih menu nasi+lauk, telor rebus, pisang rebus, salak, dan manggisnya. Tapi kenapa harus ada kacang ijo ABC yg gulanya 15gr + KACANG KULIT GARUDA. Untuk balita seperti gak cocok. Lauknya jg knp balado? 😭 https://t.co/Izb4K7Khuu",Negatif
"Udah banyak ahli"" yg muak ama MBG yg acak""kan gini, tapi rezim sekarang sangat sangat sangat anti science",Negatif
MONYENGGGGSHZHSS aku salting banget liat reaksi si kiyel makan MBG ku,Negatif
MBG itu cuma lahan buat bagi bagi duit haram ke timses dan parpol pendukungnya 02,Netral
Keracunan massal akibat program makan gratis capai 16 ribu siswa. #Kesehatan #Sekolah https://t.co/NZZeV9f8JX,Netral
Oh mbg yg sering diisi belatung itu ya,Negatif
Sumpah aku pengen tau bgt acuan mereka itu mnilai anak kekurangan gizi tuh drmnanya? Data per anak? Jd bs dgn entengnya bicara ttg gizi anak seolah mngantongi data real stiap anak pdhl g prnh survei.. Bhkn makanan yg disiapkan orang tua utk anaknya mgkn jauh lebih bergizi dr MBG,Positif
"selesai juga masak nya lagi rajin bgt jiwa Cinderella nya muncul, tapi berasa lagi MBG jam segini selesai masak 🤣🤣🤣🤣",Positif
"@JohnAlbertJA @ARSIPAJA Berdasarkan data UNICEF 2025, tingkat stunting anak di bawah 5 tahun 19,8% (4,5 juta), wasting 7,4%, dan anak usia sekolah: pendek 18,7%, kurus 11%. Jadi, lebih dari 5% yang berpotensi butuh intervensi gizi. Program MBG target 82,9 juta, capai 41,2 juta per Nov 2025, anggaran",Netral
"Nama program ""Makan BERGIZI Gratis (MBG)"", tapi kuantiti protein dalam susu 1 gram je 😭

Matlamat dah baik untuk bantu kanak2 dapat nutrisi, tapi terhalang oleh korupsi 

Satu pengajaran yang besar buat para pembuat polisi",Positif
"@JohnAlbertJA @ARSIPAJA Ya, menu MBG variatif &amp; dirancang utk nutrisi dasar: misal nasi + ayam/tempe + sayur (bayam/wortel) + buah (anggur/semangka), atau nasi goreng + telur (sumber BGN &amp; laporan 2025). Preventif artinya cegah stunting dgn tambahan gizi harian, meski gak sempurna—kritik ada soal",Positif
"Proyek konyol. Selain didominasi geng penguasa juga menggerogoti dana pendidikan yang sudah jauh dari cukup untuk meningkatkan kualitas. Ini contoh kongkrit dari otoritarianisme.
https://t.co/TYfGv42oPT",Negatif
"Bahkan Lembaga Kepolisian pun Tak Ketinggalan BERBISNIS MBG

BENALU !

SEMOGA akhir Pemerintahan Prabowo adalah Akhir Program MBG...",Negatif
Mau galaksi ditelan blackhole pun jangan lupa MBG tetap jalan ya,Negatif
"⚡Mari Belajar Guys (MBG)🌀
— 29/12/2025

MBG yesterday join kelas liburan SNBT by @vecalss bareng kak Nayla omg. Kita bahas subtes PU tentang kesesuaian pernyataan, jujur gak ekspek ada ngitungnya. Rest well guys 👀💥

#AMBISVERSE #studytwt https://t.co/e3bBLqg2W8",Netral
mbg m nya mafia bang,Negatif
Mbg yg kenyang pejabatnya yg rakus.,Negatif
"Kalo neken cost, ga gini caranya kaliiii. Perasaan biaya untuk MBG ini jor-joran, kok ngasih nya asal-asalan? Miris. 

Semiris posyandu anakku dikasih AOKA WKWKWKWKWKWKWK",Negatif
"Ini kalo gw bilang ""konten gaji relawan SPPG yg mencitrakan MBG positif adalah upaya sistematis menutup kenyataan bahwa SPPG jadi lahan bancakan elit"" bakal dibilang nyinyir lagi ga?

Apalagi MBG diambil dari anggaran pendidikan yg menyebabkan ada pemda yg mengurangi gaji guru.",Negatif
"Dibalik jutaan penerima MBG, bisa kok ngalahin hutang PLN",Negatif
Emang harus jam berapa sih ke mbg buta beli chikuro?🥲🥲😩 https://t.co/KdLfEgG4ZO,Negatif
"beneran jelek banget program mbg lu ye pak lansia sepuh @prabowo. masih impor ginian loh. lu balik ke sini, dah dapetin cita2 lu dari taun 2004, tapi makin egois bin budek kritikan banget soal gizi. dasar sakit akal sehat, awas Allah SWT lagi siap sentil lu pak.",Negatif
"MBG diawasi publik, kritik dibuka, intimidasi ditolak. Transparansi dijaga lewat Kerja Nyata di lapangan. #LanjutkanMBG 

Vidi Salma Salsabil Kejari Serang Adrian Michi https://t.co/lWI4xno6cT",Netral
"Kapan yaa... Plis aku lupaaa😭😭😱
Ya pkonya ga nyangka bisa ber moots ama Reinnn. Ternyata selucu ini, se seru ini. 
🤗🤗",Positif
Teruslah @prabowo @Gerindra melipat gandakan kekayaan dari MBG. Tidak usah peduli nyinyiran dari orang2 yg iri. Hidup Jokowiiii,Positif
"Gue pernah nemu ojol deh, dia ke toko susu. Kebetulan gue juga lagi beli susu buat ponakan. Denger dia nanya-nanya ""ada ngga susu kotak yg harganya 1000 rupiah"" gitu, kata doi buat mbg, ""Gpp exp nya deket-deket yg penting harganya 1000.""",Positif
"payah banget warung madura kalo kiamat buka setengah hari, mbg dong.. kiamat masih buka😎🔥",Negatif
Gapaham letak gizinyaa:( mbg adik aku aja gajauh beda,Positif
"JAKARTA, https://t.co/qD7x0nJq8U — Program Makan Bergizi Gratis (MBG) tetap dilaksanakan selama bulan suci Ramadan. Pemerintah menegaskan bahwa pelaksanaan ibadah puasa tidak menjadi penghalang dalam pemenuhan hak dasar masyarakat, khususnya akses terhadap makanan bergizi 

#fyp https://t.co/NWEin66W7f",Netral
"baru bangun langsung liat berita aktivis dikirimin bangkai ayam, ibu ibu di intimidasi karna kritik mbg, sigh",Negatif
"Malam-malam ngidam MBG.
Sialan.",Negatif
Makan tuh mbg,Negatif
"@grok @Celotehsenja_ menurutmu, progam makan bergizi gratis apakah sudah optimal? mengingat banyak kasus keracunan, dan distribusi mbg tetap dilakukan saat anak sekolah sedang libur.
lain lagi banyak pejabat yang memiliki dapur mbg yang mengakibatkan dana mbg dikorupsi.",Negatif
"MBG yang merupakan progam Presiden Prabowo yang dikelola melalui SPPG dalam pelayanan pendistribusian makanan bergizi. 

Untuk mitigasi dalam tata kelola di SPPG perlu adanya Sosialisasi dan Simulasi dalam pencegahan bencana serta untuk peningkatan kapasitas dalam https://t.co/UaypA4hshR",Netral
Denger-denger sih gelasnya bonney isinya susu mbg,Negatif
mbg oh mbg,Netral
"Video: Heboh Apel MBG di Pangkep Busuk, Pihak SPPG Membantah https://t.co/0wEPSGTx3r",Negatif
Janjinya cuma MBG? Pikun lu? Kasian masih muda dah pikun,Negatif
MBG tolol,Negatif
Gegara MBG lembur malah susah tidur-_-,Negatif
MBG utk 2 hari nih 😌 https://t.co/GotopoWHzD,Negatif
"Bappenas juga melakukan audiensi dengan pemda, diskusi lintas sektor, dan peninjauan ke sejumlah Satuan Penyelenggara Program Gizi (SPPG). #Ekonomi #AdadiKompas

https://t.co/0666LQmpV3",Netral
mbg yang ku mau,Netral
"Bisa kok harusnya, masak jumlah besar itu bisa neken HPP dgn kualitas yg masih oke

Yg ngasih MBG kayak gk niat mungkin buat balik modal dlu, karna emg bukan basic di Boga

Coz denger² daftar jd BGN ada syarat trtentu yg mesti digawe, klo bukan dri Boga ya modal awal bgtttt",Negatif
Tebak day keberapa isi MBG permen sugus?,Negatif
Ternyata banyak yg gini..libur kepaksa masuk ambil MBG,Negatif
"Bappenas juga melakukan audiensi dengan pemda, diskusi lintas sektor, dan peninjauan ke sejumlah Satuan Penyelenggara Program Gizi (SPPG). #Taja #AdadiKompas

https://t.co/Z5SvF89UdT",Netral
Inimah habis makan mbg,Netral
"Sebenernya pemilihan merek susu ini tergantung dari masing-masing MBG nya cuma merek susu seperti U*tra, Ind*milk, FF sekarang stocknya langka, sekalipun ada harganya mahal bgt. Mungkin jadinya impor air rasa susu ini kali ya biar dapet untung banyak😶",Positif
Biasanya voc ijo ada -24 jam jadi kemungkinan ada nanti malm dan hwrus cpt cpt klaim hihu,Netral
"Sudahlah rahma, jangan terlalu dipaksakan. Levelmu ini harusnya hanya ngobrol dgn prabowo dan membahas masalah apakah ikan sapu-sapu bisa dipepes dan menjadi menu MBG...",Negatif
"BGN menjamin transparansi serta perlindungan hak warga tanpa ada intimidasi bagi orang tua sebagai bukti Kerja Nyata demi kesuksesan program makan bergizi gratis untuk bangsa #LanjutkanMBG

#PerthSantaDomiiaJourney2025
#PerthSanta #เพิร์ธแซนต้า https://t.co/P7ov0A3zdf",Positif
"mbg emang jelek but some people just aren't ready for this conversation, terus juga bukan hanya sebatas buzzer, emang ada kok barisan orang di X sini yang fafifuwasweswos tetep nganggep program ini bagus. jd menurut gue emang bakal beneran berenti kalo wowo udh gak jadi presiden",Negatif
"ak tau memek aku enak, tp tolong abia ngewe jangan langsung ke shut down tidur pules… ayo bahas analisis SWOT dari MBG",Negatif
Jadi buzzer MBG bayarannya berapa pak prabowoooo,Netral
"Program Makan Bergizi Gratis (MBG) sejatinya bukan sekadar makan siang, melainkan sebuah investasi masa depan bangsa.
​Dengan asupan gizi yang cukup, anak-anak kita akan tumbuh lebih sehat dan lebih fokus belajar. https://t.co/ahZfcXPdMp",Positif
"Gegara BGN dg program MBG bentukan pak @jokowi , banyak pejabat yg omongnnya jadi ngelantur demi pentingnya MBG",Negatif
"Sebelum Board of Peace, blunder lain negara ini adalah MBG, program makan siang untukanak sekolah yang sama sekali tidak bergizi dan tentu saja 'tidak gratis'.",Negatif
"Hari ini telah di-launching program Makan Bergizi Gratis (MBG) di Kec. Karya Penggawa. Bukan cuma soal makan siang, tapi investasi kesehatan demi cegah stunting dan mencerdaskan anak bangsa https://t.co/cGnI2ct2KY",Netral
"Yuk.. dukung...

Sejumlah pihak yang terdiri dari guru dan mahasiswa menggugat UU APBN 2026 ke MK yang memasukkan anggaran MBG ke anggaran pendidikan. Pemohon mengajukan uji materiil Undang-Undang Nomor 17 Tahun 2025 tentang APBN Tahun Anggaran 2026 ke MK, Senin (26/1/2026). https://t.co/VdxBlJMphE",Netral
"Keracunan  MBG di Indonesia 2026 :

08/01/26 di Semarang (75)
09/01/26 di Grobogan (803)
10/01/26 di Mojokerto (411)
12/01/26 di Majene (61)
12/01/26 di Wonogiri (206)
13/01/26 di Pekalongan (15)
13/01/26 di Siak, Riau (21)
17/01/26 di Lombok Tengah (38)
20/01/26 di Tulungagung",Netral
"Hari ini bukan cuma soal makan siang, tapi soal masa depan.

Launching Makan Bergizi Gratis (MBG) di Kecamatan Karya Penggawa jadi bukti nyata kalau perhatian pada anak-anak dimulai dari hal paling dasar : gizi yang cukup. https://t.co/iX0yFHkPXf",Positif
"PROGRAM MAKAN GRATIS TERHENTI DI BEBERAPA WILAYAH DI JABAR 

Dapur program Makan Bergizi Gratis (MBG) di berbagai wilayah Jawa Barat terpaksa berhenti beroperasi! Masalahnya klasik tapi fatal: Anggaran dari Badan Gizi Nasional (BGN) belum cair.

Ribuan siswa kini kehilangan akses https://t.co/f5pTPOK7zo",Negatif
"🚨 PROGRAM MAKAN BERGIZI GRATIS (MBG) YANG SEHARUSNYA MENYEHATKAN, MALAH BERUBAH MENJADI ANCAMAN KERACUNAN💔😭 https://t.co/B8ZzqxK8ID",Negatif
"MBG 
Roti yg sdh exp tgl 1 januari 2026 disajikan sebagai menu MBG tgl 30 januari 2026.

Keterangan Exp nya ditutup. https://t.co/HO1RQBbBIZ",Netral
"MBG makan bergizi gratis ✖️
MBG mumpung barkuasa gasspoll ✔️ https://t.co/K4lP6pgXxq",Netral
"Anggaran kesehatan yang diambil untuk membiayai program Makan Bergizi Gratis (MBG) tahun 2026 adalah sebesar Rp24,7 triliun. https://t.co/TR4OaF1NWO",Netral
"::
MAKAN BER⁴CÙN GRATIS
SMA 2 KUDUS, JAWA TENGAH
KAMIS, 29 JANUARI 2026

#HentikanMBG
#MBGSaranaMoneyLaundry
•• https://t.co/jBz8GCgsuQ",Netral
"Tidak habis pikir. Petunjuk teknis terbaru menunjukkan YAYASAN pengelola MBG dapat insentif 6 JUTA PER HARI selama 313 hari, libur pun masih dapat. Insentif itu tanpa kena pajak. 

6 juta x 313 hari=1,87 miliar per SPPG

Bayangin POLRI kelola 1.179 SPPG PER HARI DAPAT INSENTIF Rp https://t.co/QKbSzGwQR2",Netral
"Begini menu kering MBG, bulan Ramadhan nanti MBG tetap jalan dengan menu kering

Menu : Kering
Hari/tgl : Sabtu, 31 Januari 2026
Dapur : SPPG Ngawen 2 Blora

bagaimana menurut warga net yang biasanya kritik program MBG https://t.co/UTJ3zNAWmw",Netral
"Menteri Koordinator Pangan Zulkifli Hasan menyatakan program makan bergizi gratis (MBG) tetap berlangsung selama Ramadan dengan penyesuaian kudapan.

Ia mengatakan penyaluran MBG pada Ramadan akan disesuaikan berdasarkan jenis penerima manfaat. https://t.co/KRTJFhjniV",Netral
"Sebuah momen dari petugas dapur Program MBG menjadi perhatian. Dalam unggahannya, terlihat makanan yang telah disiapkan dengan penuh usaha ternyata tidak seluruhnya dimakan oleh siswa.

Program Makan Bergizi Gratis (MBG) sendiri merupakan bagian dari upaya mendukung generasi https://t.co/9SmIA6mbBu",Positif
"Dengan MBG, perhatian terhadap gizi anak menjadi bagian penting dari pembangunan generasi. #PenuhiGiziIndonesia https://t.co/fQRwTUWT6m",Positif
"Dengan MBG, perhatian terhadap gizi anak menjadi bagian penting dari pembangunan generasi. #PenuhiGiziIndonesia https://t.co/ECzbD6R7gQ",Positif
"MBG = Makan Bergizi Gratis 
BEM UGM = Maling Berkedok Gizi

Berani banget ketua BEM @UGMYogyakarta",Negatif
"Tokoh Muslim Tionghoa Jusuf Hamka atau Baba Alun menepis anggapan bahwa program Makan Bergizi Gratis (MBG) mematikan usaha mikro, kecil, dan menengah (UMKM).https://t.co/XCwP3SVQ4Q",Netral
"Intensi Jahat Proyek Makan Bergizi Gratis

#Kolom #TempoPlus 
https://t.co/f3gu4bJdaX",Negatif
"Kalau urusan menjatuhkan Pak Jokowi Sengkuni ahlinya. Dan Ternyata Sengkuni bukan hanya satu, tapi ada dua. Sengkuni satu jarang muncul, mungkin sudah gak ada energi.

#SEAblings #nona Pagii Makan Bergizi Gratis Senin https://t.co/Mcf44UOeqn",Negatif
"im not being ungrateful, karena aku juga bukan org berkecukupan tapi is it serious? cerita nya MBG untuk ibu hamil bcs im 9mo prego, bisa diliat kualitas nya? kek anggaran negara abis buat MBG yang jadi lahan basah korup kalo misal kualitas sesuai mah haduhhh https://t.co/gCdofjTVOc",Negatif
"Melalui MBG, kebutuhan gizi anak dipenuhi secara lebih merata dan berkelanjutan. #PenuhiGiziIndonesia https://t.co/iUYN5KZeKT",Netral
@SatriaKalteng program mbg tingkatkan semangat dan fokus belajar anak,Netral
@SatriaKalteng dukung penuh program mbg,Positif
MBG bulan hy sekadar program pemerintah. Tapi MBG mampu menjadi alat pengendali dan distribusi kesejahteraan di antara kekuatan2 politik dan lingkar dalam kekuasaan. Sekali lagi cuan!,Positif
@terlessu mbg paling enak🤤,Positif
MBG memperkuat komitmen bersama dalam menjaga kualitas generasi penerus bangsa. #PenuhiGiziIndonesia https://t.co/e0EtVolmfs,Netral
"Bersama MBG, kita dorong anak-anak Indonesia tumbuh sehat dan berdaya. #PenuhiGiziIndonesia https://t.co/GUMt2Vd4C9",Positif
"Emang sip ya dampak nyata efisiensi #EfisiensiCegahKorupsi anggarna akan dialihkan ke makan bergizi gratis 
Penghematan Rp308 Triliun https://t.co/SDyXHWU6GX",Netral
MBG membantu menciptakan kebiasaan makan sehat sejak usia dini. #PenuhiGiziIndonesia https://t.co/lJTDri7uzv,Netral
"@ZakkiAmali Pantas anggota dewan berbondong bondong bikin SPPG, kalau semua kenyang spt ini mk dukungan dewan akan sangat kencang ke MBG.....MBG harga mati !",Positif
"Program Makan Bergizi Gratis hadir untuk penuhi kebutuhan gizi anak sejak dini, meningkatkan kesehatan dan daya saing generasi muda. Langkah nyata menuju Indonesia Emas 2045!
#MakanBergiziGratis #GenerasiSehat #Indonesia https://t.co/cGqsbhJOCg",Positif
"Melihat senyum mereka adalah energi kami. Makan bergizi gratis bukan sekadar program, tapi bukti nyata kepedulian untuk masa depan anak bangsa yang lebih cerah dan sehat. Mari jaga mimpi mereka! #LanjutkanMBG

#RISERCONCERTD3 stop ganggu papua #TumpasTerorKKB https://t.co/kwTdxh7bJw",Positif
@AsahPolaPikir Perkenalkan MBG : Pilar ekonomi Indonesia https://t.co/bo8PT4fpXa,Netral
"@AntoniusCDN Betul kata anda pak👍👍
Saya jg tdk setuju dg adanya mbg, lebih baik anggaran mbg, dialokasikan ke sektor pendidikan, yaitu beasiswa utk anak SMP, SMA&amp;S1",Negatif
"BGN Larang Makanan Ultra-Proses dan Pedas dalam Menu MBG selama Ramadan
https://t.co/DyiAd3HeUS",Netral
"@Ruwinanatalia @Dara_Cega Kebanyakan nyimeng MBG nih orang, minimal ngerasain anak mu keracunan MBG dulu",Negatif
Gizi yang cukup lewat MBG mendukung anak tumbuh aktif dan percaya diri. #PenuhiGiziIndonesia https://t.co/JsMJCTncku,Positif
"Ini 3.2 Pencegahan dan Penurunan Stunting. Yang sebelumnya 3. 1 Pemberian Makan Bergizi Gratis. 

Jadi MBG itu MEMANG TIDAK bertujuan menurunkan stunting. https://t.co/ut6uknoCII",Netral
"@MichelAdam1515 Makan bergizi gratis merupakan program yang bagus karena bisa menjadi solusi buat banyak anak-anak Indonesia yang kurang akses ke makanan sehat, sehingga mereka bisa fokus belajar dan tumbuh sehat tanpa khawatir perut kosong. Ini investasi buat masa depan bangsa",Positif
"Dukung program Makan Bergizi Gratis untuk Generasi Emas 2045 yang cerdas dan berprestasi.
 #MakanBergiziGratis #GenerasiEmas #IndonesiaSehat #AksiNyata https://t.co/7P08CBMMDL",Netral
"met pagi mbg, my bini gw",Netral
"Program MBG berperan penting dalam rangka memastikan gizi anak terpenuhi, menekan stunting, sehingga masa depan anak bangsa semakin cerah.
#PenuhiGiziIndonesia https://t.co/wlJB99bmEx",Netral
"@xendless_s Besok buka dapur mbg ah, bisnis ini mah",Negatif
"@YosiaDjata @daniellsinaga_ @m3nan9wan9i Benar, anggaran pendidikan Indonesia 2026 sekitar Rp757-769 triliun (20% APBN seperti diamanatkan UUD). Namun, Rp268 triliun dialokasikan untuk program Makan Bergizi Gratis (MBG), yang mengurangi dana untuk gaji dan fasilitas. Guru honorer, bukan ASN penuh, sering digaji Rp300",Negatif
liburkan mbg biar sender ini yang memasak 🤩,Netral
@JazYoung_ID Yongkrai min demi MBG acuuu All in😁😁🌹,Netral
"Kesimpulannya : pimpinan konohalah yg antek asing, bukan rakyatnya juga bukan pengeritiknya!!

Halo CEO MBG, coba ditegur  sppgnya, masa siswa diberi sebutir kelapa untuk 2 hari? Nilai gizinya dimana? Apalagi kelapa itu mudah basi jika tidak punya pendingin.
Hentikan saja mbg. https://t.co/XcOEHwciyw",Negatif
"Program Makan Bergizi Gratis selalu memberikan kekuatan baru bagi anak-anak dan masyarakat. Dukung terus Program MBG!
#PenuhiGiziIndonesia https://t.co/vFIymp8xsZ",Positif
"Program Makan Bergizi Gratis selalu memberikan kekuatan baru bagi anak-anak dan masyarakat. Dukung terus Program MBG!
#PenuhiGiziIndonesia https://t.co/e4ANTjCy6f",Positif
"Ternyata ini alasan kenapa Makan Bergizi Gratis (MBG) sulit disetop. Bukan cuma soal menu, tapi soal ""dapur"" masif yang sudah berdiri!
Hingga awal 2026, Polri saja sudah mengelola 1.147 Satuan Pelayanan Program Gizi (SPPG). 

Berikut datanya:
Target: Melayani 3,9 juta orang &amp; https://t.co/PNqyA4qGeJ",Positif
"Program Makan Bergizi Gratis selalu memberikan kekuatan baru bagi anak-anak dan masyarakat. Dukung terus Program MBG!
#PenuhiGiziIndonesia https://t.co/lAQE50qBf4",Positif
"blg ke wowo, klen yg skolah gaperlu mbg lg. krna skrng mbg (my boyfriend gue) ada disini, di my heart hati gue. cukup gw yg boleh merasakan mbg. klen gausah, klen ga butuh. gw sayang mbg, gw love mbg. mari kita menikah diatas burj khalifa, biar satu dunia tau kita saling mencinta https://t.co/NKplVAvmWT",Positif
"tolong bilangin ke matahari besok gausah terbit dulu biar HYEONKEON yg bersinar, bilangin ke dapur mbg besok libur biar HYEONKEON yg memasak, bilangin ke kak gem istirahat aja biar HYEONKEON yg kasih paham https://t.co/drEN0smBjN",Negatif
"Program Makan Bergizi Gratis selalu memberikan kekuatan baru bagi anak-anak dan masyarakat. Dukung terus Program MBG!
#PenuhiGiziIndonesia https://t.co/WDGgUaWAtN",Positif
"Program Makan Bergizi Gratis mendorong tumbuhnya usaha pangan lokal dan membuka lapangan kerja baru di berbagai daerah.
#PenuhiGiziIndonesia https://t.co/pDYq9pWDLS",Netral
"Program Makan Bergizi Gratis mendorong tumbuhnya usaha pangan lokal dan membuka lapangan kerja baru di berbagai daerah.
#PenuhiGiziIndonesia https://t.co/Ji8uYO4LWv",Netral
"- MBG menyedot anggaran dr sektor vital lain
- Bergabung BoP brsma US &amp; Israel
- Ikut patungan 17T pdhl Aceh dsk blm pulih
- Memecat Dr. Piprim
- Kasus keracunan MBG dianggap sepele
- Abai thdp kritik atas kebijakan2nya

Apalagi ya? Tolong tambahin sbg pengingat",Negatif
"Program Makan Bergizi Gratis mendorong tumbuhnya usaha pangan lokal dan membuka lapangan kerja baru di berbagai daerah.
#PenuhiGiziIndonesia https://t.co/qDbyuFUcDh",Netral
"MBG Core!
Serba Serbi Program Makan Bergizi Gratis telah membawa manfaat besar sekaligus warna baru bagi penerima manfaat dan masyarakat Indonesia.
MBG adalah harapan dan semangat baru untuk masa depan Indonesia.

#LanjutkanMBG

Senin Positive #INDvsPAK 
stop ganggu papua #paobc https://t.co/dwl6BeopGA",Positif
@therealitaa Dan yah papa kita masih mentingin mbg dibulan puasa 😭🫰,Negatif
"Program Makan Bergizi Gratis mendorong tumbuhnya usaha pangan lokal dan membuka lapangan kerja baru di berbagai daerah.
#PenuhiGiziIndonesia https://t.co/243AyROqG3",Netral
"@NenkMonica klaim BGN klaim, THR nanti bakal terjamin, jika MBG masih lanjut dan sukses

Hidup MBG !!!

solusi dari semua permasalahan di Indonesia",Positif
"@tamrintomagola Klu memang presiden berniat baik, yg jdi sasaran MBG itu harusnya rakyat yg menurut data BPS 9% miskin, gimna negara ini dak jln di tempat, anggaran MBG yg sebesar itu justru ksh makan anak* yg 91% anak org mampu...
Jdi presiden sengaja menghamburkan uang negara...payahhh...",Negatif
"Program MBG membutuhkan kolaborasi dari berbagai pihak, salah satunya PBNU yang berkomitmen untuk mendukung program prioritas pemerintah tersebut.
#PenuhiGiziIndonesia https://t.co/8dmAA2PSc1",Netral
@AR_AnindyaJKT48 UWOGHHHH MBG (MY BINI GUE),Negatif
@abu_waras Kritik MBG dikira benci....😁,Negatif
Pemenuhan gizi anak adalah investasi masa depan. Dukung penuh program Makan Bergizi Gratis untuk Indonesia yang lebih maju. https://t.co/Q8DUTng9B2,Positif
"Presiden Prabowo Subianto perintahkan Kepala Staf Kepresidenan Muhammad Qodari untuk mengumpulkan video para pihak yang mengkritik dan menghina program Makan Bergizi Gratis (MBG).

#HardNews_Politik #NewsOne #CariBeritaditvOne #PrabowoSubianto #MBG #NO04 https://t.co/UgtBPGf7Ek",Netral
loh ini mbg yg dibutuhkan mahasiswa kuliah rata kiri gaming rata kanan,Negatif
pecat semua koki mbg biarkan bilafik8 memasak,Negatif
Makan Bergizi Gratis adalah tanggung jawab kita bersama https://t.co/LB3wl3K0g8,Positif
"MELURUSKAN POLEMIK MBG

Makan Bergizi Gratis adalah investasi untuk masa depan, program ini hadir untuk memperkuat kualitas generasi penerus sekaligus memastikan kebijakan berjalan dengan prinsip tanggung jawab fiskal.

Jangan mudah percaya pada narasi yang belum tentu sesuai https://t.co/S5jBJW7GHv",Positif
Program Makan Bergizi Gratis (MBG) terbukti ubah pola konsumsi &amp; bantu turunkan kemiskinan di Kalbar sepanjang 2025. BPS mencatat dampak nyata bagi kesejahteraan keluarga! #KalbarDamai #AnakSehat #EkonomiTumbuh #IndonesiaEmas https://t.co/BKlbqxdZin,Positif
"MBG: Perubahan yang Terasa Langsung! 🇮🇩

Kini anak makan bergizi setiap hari,
beban orang tua berkurang, UMKM ikut bergerak.

Bukan sekadar gratis, ini investasi masa depan.

#MakanBergiziGratis
#MBG
#AnakSehat
#IndonesiaCerdas https://t.co/K4Ak9mMdA7",Positif
"@triwul82 Bagi bagi proyek mungkin, mbg buat parcok kmp buat laler ijo",Netral
"Program MBG sebagai upaya pemenuhan gizi anak
#programMBG
#DukungProgramMBG
#UntukGenerasiEmasIndonesia
#DukingGenerasiMudaIndonesia https://t.co/LW5FveOyf1",Netral
Ternyata pilih ngurusi MBG dari pada Petani ya pak? https://t.co/HtUkDoL4GO,Negatif
Program Makan Bergizi Gratis membantu dalam Peningkatan kualitas gizi dan kesehatan. https://t.co/AR3Ke0ElhA,Positif
Hello mbg @glumhs,Netral
Makan bergizi gratis upaya pemenuhan gizi anak https://t.co/WAuBCwQsfO,Netral
Makan Bergizi Gratis Menyehatkan dan Mencerdaskan Generasi Papua. https://t.co/X5FumpPmyI,Positif
"Program Makan Bergizi Gratis (MBG) memang sering menghadirkan suasana hangat dan penuh keceriaan, apalagi saat pembagian dilakukan secara prasmanan seperti acara kondangan. Konsep ini membuat anak-anak dan warga merasa lebih santai, akrab, dan menikmati momen kebersamaan. https://t.co/kZU2enqaUc",Positif
Program makan bergizi gratis langkah strategis untuk mengatasi kekurangan gizi https://t.co/osshxoYqTE,Netral
"Sebenarnya jika KPK independen, program MBG bisa dijadikan bahan penelusuran kasus korupsi.
Siapa pemodalnya dan dari mana uangnya?
Ada yg tau siapa pemodal MBG dan apa latar belakangnya?
1. Pejabat kah
2. Atau pengusaha kah
3. Politisi kah
Pastinya gak jauh dari 3 point' ini.",Negatif
"@MichelAdam1515 Kritik adalah bagian dari demokrasi, namun membangun bangsa butuh kolaborasi, bukan sekadar caci maki. Program Makan Bergizi Gratis (MBG) adalah langkah nyata pemerintah untuk memutus rantai stunting dan kemiskinan sistemik di Indonesia! 🇮🇩🍱💪",Positif
"@MiskinTV_ Kenapa guru pada marah dan nangis dengan kondisi ini, karena MBG mengambil dana pendidikan. Coba kalau MBG ngambil dari dana lain selain pendidikan, mungkin guru-guru nggak akan terlalu terpukul.

cc @prabowo",Negatif
Program Makan Bergizi Gratis (MBG) menjadi program unggulan pemerintah untuk memerangi stunting dan meningkatkan kualitas SDM anak bangsa. BP Taskin di bawah kepemimpinan Budiman Sudjatmiko berupaya menyinkronkan MBG dengan program lain seperti Kampung Nelayan Merah Putih (KMNP) https://t.co/fYVg4tTvjX,Netral
"Program Makan Bergizi Gratis menjadi langkah nyata pemerintah dalam menyiapkan generasi Indonesia yang sehat, cerdas, dan berdaya saing. Melalui program ini, anak-anak mendapatkan asupan gizi seimbang sejak dini.

#MakanBergiziGratis
#GenerasiSehat
#IndonesiaMaju https://t.co/nARzG4DwUw",Positif
"Masa depan Indonesia ada di tangan anak-anak kita. Dengan program Makan Bergizi Gratis, kita pastikan mereka tumbuh cerdas, sehat, dan siap menyongsong Generasi Emas! Dukung penuh langkah nyata Presiden Prabowo. 🇮🇩💪
#MakanBergiziGratis #GenerasiEmas2045  #PrabowoSubianto https://t.co/H9jvaj7gFr",Positif
Dosen FH UGM : MBG Melanggar Hak Asasi Manusia! https://t.co/W9cMJSnSP0,Negatif
"Program Makan Bergizi Gratis merupakan wujud nyata kepedulian Pemerintah terhadap masa depan anak bangsa
 #DariMBGUntukIndonesiaHebat https://t.co/ZY0FgkaW3e",Positif
"Dukung program Makan Bergizi Gratis demi memastikan pemenuhan gizi anak bangsa agar tumbuh sehat, cerdas, dan berdaya saing. https://t.co/MqakIzVtzo",Netral
"@_MikBrentOFC thankyouu MBO and MBG!

11LY ALWAYS MIKBRENT",Positif
"@gemsgood Halo! Program MBG (Makan Bergizi Gratis) dirancang untuk atasi stunting dan gizi buruk, dengan target 82 juta penerima akhir 2026. Berdasarkan evaluasi awal, program ini sedang diperkuat agar lebih tepat sasaran, meski ada kritik soal anggaran dan pelaksanaan.

Kepala Badan Gizi",Netral
"Efisiensi anggaran Rp308T
Presiden Prabowo alihkan dana utk makan bergizi gratis dan serap jutaan tenaga kerja
#EfisiensiCegahKorupsi
Penghematan Rp308 Triliun https://t.co/nTak453KgF",Netral
@MiskinTV_ Untuk permasalahan MBG ini kenapa ya masih aja banyak digoreng sana sini. Alokasi dana MBG besar toh untuk kemajuan pendidikan masyarakat Indonesia juga. Coba pelajari lebih lanjut terkait manfaat MBG yaaa.,Positif
"Ga heran pemerintah berupaya melestarikan kebodohan, salah satunya dengan memprioritaskan makan bergizi gratis ketimbang pendidikan dan kesehatan gratis",Netral
"Program Makan Bergizi Gratis menjadi langkah nyata pemerintah dalam menyiapkan generasi Indonesia yang sehat, cerdas, dan berdaya saing. Melalui program ini, anak-anak mendapatkan asupan gizi seimbang sejak dini.

#MakanBergiziGratis
#GenerasiSehat
#IndonesiaMaju https://t.co/38hWpzWXpu",Positif
"@NenkMonica Jujur,
Perlu dibenahi. Krn berdasar info yg beredar, scr kwantitas penerima yg tdk tak mengkonsumsi jatah menu MBG cukup besar.

Program MBG bertujuan mulia, tapi bs kontra produktif jika tak diperbaiki.

Hal lain yg jg perlu perbaikan adalah nilai menu yg cenderung tak konsisten https://t.co/hbXOTI1ppc",Negatif
"dari rakyat untuk rakyat, itulah tujuan utama pak Prabowo karena itu Penghematan Rp308 Triliun ini di alirkan ke program makan bergizi gratis 👍#EfisiensiCegahKorupsi
https://t.co/ZRWG4ZXEZL https://t.co/5nvQZK3IOv",Positif
Sukseskan MBG,Netral
"Program Makan Bergizi Gratis (MBG) di SMK Kriya Sahid Sukoharjo turut mendukung kesiapan belajar siswa setiap hari. Menu bergizi yang diberikan membantu siswa tetap bertenaga dan lebih fokus mengikuti pelajaran.

#PresidenPrabowo #MBG https://t.co/IqtDDXJUGl",Positif
"@AnakLolina2 Pegawai MBG ga tau malu, ada gaji guru yg dipotong untuk MBG, untuk bayar gaji karyawan MBG.

MBG program GAGAL.

MBG proyek korupsi.

MBG MemBaGongkan.",Negatif
@sonnetcode mau jd mbg? my bini gw..,Netral
"Program Makan Bergizi Gratis (MBG) menjadi salah satu inisiatif untuk meningkatkan kualitas gizi anak-anak di Indonesia. Melalui pemenuhan nutrisi yang lebih baik, diharapkan tumbuh generasi yang sehat dan siap menghadapi masa depan. https://t.co/hwdrpgCCsz",Positif
"Presiden Prabowo Subianto merasa sangat bahagia bs menghadiri peresmian Satuan Pelayanan Pemenuhan Gizi atau SPPG Polri di Palmerah, Jakbar. Prabowo gembira karena Polri, institusi yg disebutnya sgt penting bagi negara, mengambil inisiatif dlm program Makan Bergizi Gratis (MBG). https://t.co/YQfda6xTro",Positif
"Weh, si pakar elit global bicara MBG😅 https://t.co/fJki0JZLmL",Netral
Dukung program makan bergizi gratis,Netral
Dukung program makan bergizi gratis,Netral
"60 Juta Penerima Manfaat 🇮🇩

Program Makan Bergizi Gratis hadirkan gizi seimbang, anak lebih sehat, dan masa depan makin kuat.

Fondasi nyata generasi Indonesia berdaya saing.

#MakanBergiziGratis
#ProgramGiziNasional
#AnakSehat
#IndonesiaCerdas https://t.co/Vf670ujtsD",Positif
"Program Makan Bergizi Gratis hadir untuk penuhi kebutuhan gizi anak sejak dini, meningkatkan kesehatan dan daya saing generasi muda. Langkah nyata menuju Indonesia Emas 2045!
#MakanBergiziGratis #GenerasiSehat #Indonesia https://t.co/p2aQ0iDnS1",Positif
Makan Bergizi Gratis Menyehatkan dan Mencerdaskan Generasi Papua. https://t.co/43C4RZU4Xz,Positif
Dukung makan bergizi gratis,Netral
"Program Makan Bergizi Gratis menjadi langkah nyata pemerintah dalam menyiapkan generasi Indonesia yang sehat, cerdas, dan berdaya saing. Melalui program ini, anak-anak mendapatkan asupan gizi seimbang sejak dini.

#MakanBergiziGratis
#GenerasiSehat
#IndonesiaMaju https://t.co/Zaep8DXJpA",Positif
"beneran kesinggung liat di postingan sebelah banyak yg komen gaji staff mbg haram. kek bodoamat dah soal hal lain soalnya gue juga sering kontra sama ni program. tapi kalo kalian nyebut gaji pekerja di mbg tuh haram, lu semua udah keterlaluan sih,",Negatif
MBG menjadi langkah konkret dalam menjaga kesehatan anak di lingkungan sekolah. #PenuhiGiziIndonesia https://t.co/VmL9lnLR31,Netral
SPPG Polres Bulukumba Resmi Jadi Bagian Program MBG Presiden Prabowo https://t.co/1nlQGjS6ac,Netral
"Congratulations mbo  mbg and menties for this 

11LY ALWAYS MIKBRENT 
11LY ALWAYS MIKBRENT",Positif
Nah ngapain pilih mbg?,Negatif
@ya2t_jakarta @tempodotco Termasuk @KPK_RI hrs periksa penyelewengan dana MBG..,Netral
"@supa_slow @Zeefire02 Iya..
Dana MBG better dipakai utk upgrade sistem pendidikan di Indonesia.. Bkn pangkas dana pendidikan &amp; kesehatan utk MBG..

Krn suka gak suka, ortu klo denger kata sekolah yg ada di kepala itu beban biaya gedung, seragam, buku, dsb..
Pupuk minat belajar anak jd PR bangsa ini..",Negatif
Inovasi Makan Bergizi Gratis gagasan Presiden Prabowo Subianto fokus pada pemenuhan nutrisi harian anak agar tumbuh menjadi pribadi produktif yang mampu bersaing di kancah internasional #MBG #IndonesiaEmas https://t.co/qGJQ6oKfEN,Netral
Program Makan Bergizi Gratis (MBG) terbukti ubah pola konsumsi &amp; bantu turunkan kemiskinan di Kalbar sepanjang 2025. BPS mencatat dampak nyata bagi kesejahteraan keluarga! #KalbarDamai #AnakSehat #EkonomiTumbuh #IndonesiaEmas https://t.co/CZFroGx9dn,Positif
Program Makan Bergizi Gratis adalah langkah nyata untuk mencetak generasi kuat dan unggul—mari kita dukung bersama! https://t.co/gxcqLVAtEx,Positif
Presiden Prabowo Subianto menganugerahkan tanda kehormatan kepada jajaran Polri serta tokoh masyarakat penggerak program makan bergizi gratis (MBG) dan penguatan rantai pasok Satuan Pelayanan Pemenuhan Gizi Polri dalam mendukung ketahanan pangan nasional. https://t.co/yhL2DVwPhd,Netral
"Dana hasil penghematan tersebut kini dialihkan sepenuhnya untuk mendanai program-program pro rakyat, dengan fokus utama pada program makan bergizi gratis (MBG). https://t.co/1Wp3T9ucIh",Netral
Kehadiran Makan Bergizi Gratis membuktikan bahwa negara hadir menjamin nutrisi terbaik bagi ibu hamil dan anak-anak demi memutus rantai kemiskinan melalui kesehatan yang terjaga baik #MBG #IndonesiaEmas https://t.co/WTbJi0VXU6,Positif
"BUBARKAN SAJA MBG UNFAEDAH...

MBG ADALAH PERAMPOKAN UANG RAKYAT YANG SAH TIDAK DAPAT DIAUDIT ATAU DI KONTROL, KEBAL HUKUM DAN BEBAS PAJAK....‼️

#KapolriGantiJokowiDiBui
#KapolriGantiJokowiDiBui
🆘🆗 https://t.co/j33WiTK941",Negatif
Konstitusi mengamanatkan agar negara (pemerintah) memberikan hak asasi dasar kepada rakyat berupa pendidikan karena tidak ada amanat konstitusi untuk memberikan makan bergizi gratis https://t.co/lmhYyJwYct,Netral
"@semangatdiriku Lah jangan dulu, program MBG aja masih jalan https://t.co/B3avVmq6Hk",Negatif
"Program Makan Bergizi Gratis adalah investasi masa depan bangsa! Dengan tingkat kepuasan masyarakat mencapai 72,8%, mari kita dukung dan awasi agar gizi tepat sasaran. Nutrisi berkualitas untuk anak cucu kita!

#ProgramMBG #MakanBergiziGratis #MBG #IndonesiaSehat https://t.co/VHVzCfcobz",Positif
"Om2 MBG, om2 Polisi, bude2 gerindra gaakan suka",Negatif
"Program Makan Bergizi Gratis hadir untuk penuhi kebutuhan gizi anak sejak dini, meningkatkan kesehatan dan daya saing generasi muda. Langkah nyata menuju Indonesia Emas 2045!
#MakanBergiziGratis #GenerasiSehat #Indonesia https://t.co/ZOmFIQDaFe",Positif
"Program Makan Bergizi Gratis (MBG) berasal dari efisiensi anggaran. Presiden Prabowo Subianto menyatakan anggarannya aman dan tidak dikorupsi. MBG hasil pembelajaran dari berbagai negara, menjadi program intervensi untuk anak-anak, ibu hamil, dan lansia.
_ https://t.co/LiE25IFK2t",Netral
"Program Makan Bergizi Gratis (MBG) merupakan hasil dari langkah efisiensi anggaran yang dilakukan pemerintah, sebagaimana disampaikan oleh Presiden Prabowo Subianto. Efisiensi tersebut diarahkan untuk memastikan anggaran negara benar-benar difokuskan pada https://t.co/NYabXCGUUS",Netral
"Anak sehat, Indonesia kuat! 💪 Dukung penuh program Makan Bergizi Gratis demi mewujudkan Generasi Emas 2045 yang cerdas dan berprestasi. 
 #MakanBergiziGratis #GenerasiEmas #IndonesiaSehat #AksiNyata https://t.co/6ZlVOBhaad",Positif
Makan Bergizi Gratis bantu tingkatkan konsentrasi belajar anak di sekolah #dukungMBG https://t.co/apfG9rYfd6,Netral
"Mengapa BERITA seperti ini 👇 SEPI tanggapan? JANGAN gitu dong! BETUL program MBG masih banyak kekurangannya di sana-sini, TAPI yang baiknya juga kan  banyak?",Negatif
"MBG merupakan manfaat kegiatan makan bersama dalam pengenalan makanan bergizi seimbang
#MakanBergiziGratis
#ManfaatMBG
#CegahStunting
#DukungMBG https://t.co/EP02Y1wY34",Netral
"Presiden RI Jenderal TNI (Purn.) H. Prabowo Subianto, menganugerahkan tanda kehormatan negara kepada para penggerak Program Makan Bergizi Gratis (MBG) dan penguat rantai pasok Satuan Pelayanan Pemenuhan Gizi (SPPG) Polri, Jumat (13/2).  #WujudkanProgramUnggulan Pemerintah https://t.co/1KBGYMwwPp",Netral
"Program Makan Bergizi Gratis hadir untuk penuhi kebutuhan gizi anak sejak dini, meningkatkan kesehatan dan daya saing generasi muda. Langkah nyata menuju Indonesia Emas 2045!
#MakanBergiziGratis #GenerasiSehat #Indonesia https://t.co/du9hMgO6KN",Positif
"@cangpanjaaang @khanifirsyad Ga ada yg berharap gagal, even MBG sekalipun kita semua berharap berhasil, tapi keliatankan dari gimana pemerintah ngehandle hal tsb hasilnya bakal condong ke arah mana? 
Dan juga klo pemerintahnya pinter ga bakal lah MBG tu ada, MBG tu end game klo keb primer masy dag trpenuhi",Negatif
Program Makan Bergizi Gratis lahir dari efisiensi anggaran yang tepat Prabowo memastikan dana aman tanpa korupsi demi intervensi langsung kepada anak sekolah ibu hamil dan lansia di tanah air https://t.co/dUXFqpgXMR,Positif
Mari kawal bersama implementasi program Makan Bergizi Gratis agar manfaatnya dirasakan merata oleh seluruh anak sekolah dari Sabang sampai Merauke demi kejayaan bangsa di masa depan #MBG #IndonesiaEmas https://t.co/WcfoumZz5Q,Positif
Sebanyak 457 Satuan Pelayanan Pemenuhan Gizi (SPPG) tengah dipersiapkan untuk mendukung pelaksanaan Program Makan Bergizi Gratis (MBG). Seluruh fasilitas tersebut dipastikan rampung dan siap beroperasi secepatnya guna memastikan distribusi makanan bergizi berjalan https://t.co/4JYZBbVTFO,Netral
apakah ini yg di namakan program MBG berhasil @prabowo? https://t.co/5RDSrc0KTP,Negatif
"Melalui program Makan Bergizi Gratis, kita wujudkan anak bangsa yang sehat, aktif, dan siap meraih cita-cita. https://t.co/zx454kPr4b",Netral
"@mulanbilqis Kepercayaan rakyat adalah amanah tertinggi yang terus dijaga melalui kerja nyata. Pemerintah fokus pada program strategis seperti Makan Bergizi Gratis, swasembada pangan, dan hilirisasi industri untuk meningkatkan kesejahteraan seluruh lapisan masyarakat! 🇮🇩💪✨",Positif
"@Tan_Mar3M Dapur MBG ditempatku yg punya polri yg punya pangkat. 
Trus KLO dirunut benang merahnya. Orang2 MBG yg beracun g ada kan yg dipenjara?!
Daerah lainpun sama. Cari tau yg punya MBG, KLO g orang berpangkat ya anggota keluarga pejabat. 
Sebagian BESAR itu ya.",Negatif
@hanzamerta INILAH MBG MY BINI GUWEH,Negatif
"Penghematan Rp308 Triliun melalui #EfisiensiCegahKorupsi jadi langkah konkret menutup celah korupsi. Anggaran kini dialihkan untuk Makan Bergizi Gratis, menyerap jutaan tenaga kerja, sekaligus menggerakkan ekonomi rakyat dari desa sampai kota. https://t.co/YFdQjCJkQU",Netral
Menko Pangan Zulkifli Hasan memastikan program Makan Bergizi Gratis tetap berjalan selama Ramadan dengan penyesuaian menu bagi siswa. #MenkoPangan #PartaiAmanatNasional #ZulkifliHasan #Zulhas #GD_Zulhas https://t.co/Z8xes9QrP1,Netral
"@AnakLolina2 Mbg, ada anak yg sudah setahun makan mbg, ada anak yg belum sama sekali makan mbg, utang kcic di bayar pakai apbn, 1000 lebih dapur mbg di miliki polisi, utang negara 9000 t lebih, 17000 perdolar as, prabowo baru setahun lebih jd presiden, ajal manysia tidak ada yg tau,",Negatif
@is_pelssy Woi @prabowo  lihat nih kelakuan para pebisnis mbg anda .....,Negatif
#EfisiensiCegahKorupsi jadi langkah nyata. Penghematan Rp308 Triliun dialihkan untuk Makan Bergizi Gratis dan lapangan kerja. https://t.co/t3f6z6IFrw,Netral
Penghematan Rp308 Triliun kini hidupkan ribuan pemasok lokal dan petani desa. Program Makan Bergizi Gratis dorong kesejahteraan merata di seluruh pelosok negeri. Mari kawal #EfisiensiCegahKorupsi https://t.co/fYXkL7oCfp,Netral
"@ZakkiAmali Pak @TradingDiary2 pantas saja saham ompreng naik drastis ya pak, kecipratan duit mbg sebesar ini pasti ada dampak positifnya 🤣.  Mohon Info saham saham terkoneksi mbg lainnya pak 😇🙏",Positif
@wansrosadi @yaniarsim Paketin ke kampung halaman .. lebaran pun kirim MBG pokoknya MBG gak boleh libur apalagi berhenti. Coba pejabat dan para mentri makan siang nya pake MBG spt anak sekolah menu nya pasti lbh bermanfaat.,Positif
"@ARSIPAJA ""Rakyat minta negara cari duit sendiri, tak perlu pajak""

Klo gitu aja gmn? Pajak naik, lapangan kerja sulit. Sok ngide bikin makan bergizi gratis, tp duitny dr pajak. Udh gitu byk yg keracunan...bagian mana yg bergizi dan gratis?😂",Negatif
"Di bawah kepemimpinan Prabowo Subianto, Penghematan Rp308 Triliun membuktikan #EfisiensiCegahKorupsi dengan memangkas belanja tak produktif dan mengalihkannya ke Makan Bergizi Gratis serta jutaan lapangan kerja. https://t.co/eb2arRsuus",Positif
"dengan fokus utama pada program Makan Bergizi Gratis (MBG). Presiden Prabowo menjelaskan bahwa pengalihan anggaran ini #EfisiensiCegahKorupsi
Penghematan Rp308 Triliun https://t.co/M64ocYwszK",Netral
"@PapiChhuloo__ @menuembegejelek Iq kcl. Jlz2 mbg, makan bergizi gratis. Hrs ditakar jumlah gizinya lah. Dan malkis, oreo bkn real food.  Goblok koar goblok wkwkwkwkw iq kcl iq kcl",Negatif
"Rp308 triliun berhasil dihemat dan dialihkan untuk program Makan Bergizi Gratis serta membuka jutaan lapangan kerja.
#EfisiensiCegahKorupsi
Penghematan Rp308 Triliun https://t.co/SechNSZIyl",Netral
"Penghematan Rp308 Triliun bukan sekadar angka. Lewat #EfisiensiCegahKorupsi, Presiden Prabowo memangkas belanja non-produktif dan mengalihkan dana ke program Makan Bergizi Gratis, membuka jutaan lapangan kerja, serta menggerakkan ekonomi desa. https://t.co/eZGTxEM6Sb",Netral
#EfisiensiCegahKorupsi diwujudkan lewat Penghematan Rp308 Triliun yang diarahkan Prabowo Subianto untuk program Makan Bergizi Gratis dan penguatan ekonomi desa. https://t.co/pvYy9rwV1u,Netral
"@AnakLolina2 Mereka ngga sadar
Mereka bilang MBG ( bergizi sehat) padahal dalam hati mereka cukup bergizi apanya. Dan mereka mendapat uang dari mbg untuk memenuhi kebutuhan gizi anaknya .",Negatif
@Eng_china5 mbg,Netral
"Program Makan Bergizi Gratis menjadi pondasi penting dalam membangun generasi sehat dan berkualitas, sebagai kekuatan utama menuju Indonesia maju.
#ProgramMBG
#MakanBergiziGratis
#GenerasiUnggul
#SDMIndonesia https://t.co/7LXol13kzH",Positif
"Ini bukti kalau efisiensi itu bukan berarti rakyat dikurangin haknya. Justru kebalikannya. Program MBG bikin anak-anak dapet makan bergizi gratis, langsung dari negara. Bukan teori, tapi aksi nyata. https://t.co/wtnPElOdW2",Positif
"@ZakkiAmali dari semua keasdhfhfjkl program mbg ini, cuma satu pertanyaan gua.
""Bagaimana kita bisa menghentikan ini?""",Negatif
"Melalui program Makan Bergizi Gratis, kita wujudkan anak bangsa yang sehat, aktif, dan siap meraih cita-cita. https://t.co/4nAUEM2DDp",Netral
"Program Makan Bergizi Gratis dari pemerintahan Presiden Prabowo bukan cuma soal makanan, tapi soal membangun fondasi bangsa yang kuat. Maju terus Indonesia! 🇮🇩🍛
#GanyangStunting #MakanBergiziGratis #IndonesiaEmas2045 #PresidenPrabowo https://t.co/LCrs1Jwiif",Positif
"Program Makan Bergizi Gratis adalah investasi masa depan bangsa! Dengan tingkat kepuasan masyarakat mencapai 72,8%, mari kita dukung dan awasi agar gizi tepat sasaran. Nutrisi berkualitas untuk anak cucu kita!

#ProgramMBG #MakanBergiziGratis #MBG #IndonesiaSehat https://t.co/DrlRbelF53",Positif
"Program Makan Bergizi Gratis bukan hanya soal makanan, tapi soal masa depan. Kebijakan Prabowo Subianto ini menyatukan gizi, petani lokal, dan jutaan peluang kerja dalam satu gerak besar.
#EfisiensiCegahKorupsi
Penghematan Rp308 Triliun https://t.co/BirEqMznib",Positif
Program Makan Bergizi Gratis bukan sekadar bantuan pangan melainkan upaya sistematis membangun ketahanan fisik dan mental generasi muda menuju peradaban Indonesia yang jauh lebih maju #MBG #IndonesiaEmas https://t.co/DqmfrNPe3W,Positif
"Program MBG disinkronkan hingga Kampung Nelayan. 🤝
BP Taskin merangkai makan bergizi gratis dan program strategis lainnya jadi satu ekosistem, agar manfaatnya makin terasa untuk masyarakat pesisir.
Kolaborasi kuat, dampak makin hebat. 🇮🇩✨
@prabowo https://t.co/OG5GbJ9hoj",Positif
"Program Makan Bergizi Gratis adalah investasi masa depan bangsa! Dengan tingkat kepuasan masyarakat mencapai 72,8%, mari kita dukung dan awasi agar gizi tepat sasaran. Nutrisi berkualitas untuk anak cucu kita!

#ProgramMBG #MakanBergiziGratis #MBG #IndonesiaSehat https://t.co/hjMZbsn5vD",Positif
"Sebanyak 475 SPPG dipercepat operasionalnya dan tuntas Mei.
Artinya, semakin banyak siswa menerima Makan Bergizi Gratis tepat waktu.
Infrastruktur siap, generasi sehat makin kuat.
#MBG #SPPG #IndonesiaSehat https://t.co/zMNC88v1ir",Positif
"BGN menyiapkan empat mekanisme penyaluran Makan Bergizi Gratis (MBG) selama Ramadan agar distribusi tetap efektif dan sesuai kebutuhan. Untuk sekolah non-puasa, makanan dikonsumsi langsung di sekolah. Bagi sekolah yang menjalankan puasa, makanan dibawa pulang untuk berbuka. https://t.co/6MehqQSaP7",Netral
"Program Makan Bergizi Gratis (MBG) terus dipercepat. Kepala Badan Gizi Nasional Dadan Hindayana menyatakan bahwa di Jakarta, 475 dari target 804 Satuan Pelayanan Pemenuhan Gizi (SPPG) sudah beroperasi dan seluruhnya akan rampung Mei 2026.
_ https://t.co/du5qVcok8h",Netral
"Keracunan MBG Berulang, Bukti Gagalnya Negara Menjamin Gizi Generasi https://t.co/eh9GC21bI2",Negatif
"Penghematan Rp308 Triliun menjadi fondasi kebijakan pro-rakyat di era kepemimpinan Prabowo Subianto. Dana dialihkan untuk Makan Bergizi Gratis dan pembangunan desa. Efisiensi bukan pengurangan, tapi penguatan prioritas.
#EfisiensiCegahKorupsi https://t.co/nXdVtqqVQe",Netral
"Mari dukung Program MBG
#MBG https://t.co/9vjL7dOzA5",Netral
"Dana hasil penghematan tersebut kini dialihkan sepenuhnya untuk mendanai program-program prorakyat dengan fokus utama pada program Makan Bergizi Gratis MBG#EfisiensiCegahKorupsi
Penghematan Rp308 Triliun",Netral
STOP MBG ( MALING BERKEDOK GIZI) https://t.co/4HaorHSDAl,Negatif
"@Ngadinopanser @sby_workerspt SPPG adalah Satuan Pelayanan Pemenuhan Gizi, bagian dari program Makan Bergizi Gratis (MBG) pemerintah untuk cegah stunting dan perbaiki gizi anak. Polri &amp; TNI boleh buka sendiri karena tugas mereka termasuk bantu program nasional, seperti ketahanan pangan &amp; kesejahteraan",Netral
"Kebahagiaan anak anak saat menerima menu makan bergizi gratis menunjukkan betapa berharganya program ini bagi pemenuhan nutrisi harian mereka demi tumbuh kembang optimal #LanjutkanMBG 

 #MyRomanceScammerEP3 #eversenseparfumfuji https://t.co/QOdIeZtC7w",Positif
"Dana hasil penghematan tersebut kini dialihkan sepenuhnya untuk mendanai program-program prorakyat, dengan fokus utama pada program Makan Bergizi Gratis (MBG). 
#EfisiensiCegahKorupsi
Penghematan Rp308 Triliun https://t.co/ReEphhHvfd",Netral
"Program Makan Bergizi Gratis (MBG) selama Ramadhan 1447 Hijriah tetap berjalan normal. Namun Badan Gizi Nasional (BGN0 mengubah skema pemberian makanan dengan menu pangan yang tahan lama seperti kurma, telur rebus, susu, hingga pangan lokal.
https://t.co/1OsHZx0iFY",Netral
"Dana hasil penghematan tersebut kini dialihkan sepenuhnya untuk mendanai program-program prorakyat, dengan fokus utama pada program Makan Bergizi Gratis (MBG). 
#EfisiensiCegahKorupsi
Penghematan Rp308 Triliun",Netral
"Iya nih, presiden kita, eh bkn kita, presiden lu pada yg milih dia, lebih mentingin makan (gak)bergizi gratis daripada pendidikan. Menurut keyakinan saya sih biar gampang dibodohi.",Negatif
"::
Dapur MBG efektif ❎
Dapur MBG fiktif ✅

#MBGSarangKoruptor
•• https://t.co/dxD8pwICZn",Negatif
"Program Makan Bergizi Gratis adalah investasi masa depan bangsa! Dengan tingkat kepuasan masyarakat mencapai 72,8%, mari kita dukung dan awasi agar gizi tepat sasaran. Nutrisi berkualitas untuk anak cucu kita!

#ProgramMBG #MakanBergiziGratis #MBG #IndonesiaSehat https://t.co/e88iL4zLTd",Positif
"Dari efisiensi belanja hingga optimalisasi program prioritas, Penghematan Rp308 Triliun membawa dampak luas bagi masyarakat. Program Makan Bergizi Gratis tumbuh sebagai motor serapan tenaga kerja dan penggerak ekonomi lokal.
#EfisiensiCegahKorupsi https://t.co/IszgqERpBb",Positif
"Dana hasil penghematan tersebut kini dialihkan sepenuhnya untuk mendanai program-program prorakyat, dengan fokus utama pada program Makan Bergizi Gratis (MBG). 
#EfisiensiCegahKorupsi
Penghematan Rp308 Triliun https://t.co/C4swsxUiTt",Netral
"Mari dukung Program MBG... 
#MBG https://t.co/joqqjqVi1U",Netral
"Program Makan Bergizi Gratis (MBG) di Jakarta makin ngegas!  Dari target 804 Satuan Pelayanan Pemenuhan Gizi (SPPPG), sudah 475 unit beroperasi alias capai 60% progress. Kepala BGN Dadan Hindayana bilang, percepatan signifikan ini bikin target rampung Mei 2026 makin dekat. https://t.co/OqTBJ4UzI0",Netral
"Bila bangga 1 juta lapangan kerja dari MBG, coba tengok 3,1 juta mitra ojol di GoTo. Sementara, saat program MBG akan disuntik anggaran sekitar Rp335 triliun tahun ini, aset GoTo per 2025 “hanya” Rp42-an triliun dengan transaksi kotor Rp176 triliun.

https://t.co/ZgEvO4Znk8 https://t.co/9UjvSfqV6L",Netral
Makan bergizi gratis tahukah kamu https://t.co/hrYpUZPUHu,Netral
@Bintu__Baba Makan bergizi gratis jadi kelapa tdk bergizi gratis bngsat lah,Negatif
"Mari dukung Program MBG. 
#MBG https://t.co/KEVpPwI1pt",Netral
Presiden Prabowo Subianto memberikan pujian kepada Kapolri Listyo Sigit Prabowo atas inisiatif serta dukungan terhadap program Makan Bergizi Gratis (MBG). Kepala negara menyatakan akan menganugerahkan Bintang Mahaputera kepada Jenderal Sigit. https://t.co/3ZWagLtVwc,Netral
"@FuzaFirdaus Loh dapet MBG kan, ya enjoy aja pilihan kalian, kalo ngak suka kebijakannya ya tunggu sampe 2029 aja",Negatif
"Efisiensi Rp308 triliun jadi bukti nyata komitmen bersih-bersih anggaran. Dana dialihkan untuk Makan Bergizi Gratis dan serap jutaan tenaga kerja.
#EfisiensiCegahKorupsi
Penghematan Rp308 Triliun https://t.co/llrFPTrZUR",Netral
"Dampak nyata : Efisiensi anggaran Rp 300 T dialihkan utk makan bergizi gratis 
#EfisiensiCegahKorupsi
Penghematan Rp308 Triliun https://t.co/vJghIYaPiV",Netral
"Mari dukung Program MBG. 
#MBG https://t.co/wJfFctU9RK",Netral
@hamsterkura Rill makanya bikin mbg ajah,Netral
"Investasi SDM dan lapanvan kerja. Dana dialihkan sepenuhnya ke program makan bergizi gratis yang diproyeksikan menyerap 1,5 juta lapanvan kerja melalui 30.000 satuan pelayanan di seluruh desa.
#EfisiensiCegahKorupsi
Penghematan Rp308 Triliun https://t.co/Obx7fdGWb6",Netral
"Anak sehat, Indonesia kuat! 💪 Dukung penuh program Makan Bergizi Gratis demi mewujudkan Generasi Emas 2045 yang cerdas dan berprestasi. 
 #MakanBergiziGratis #GenerasiEmas #IndonesiaSehat #AksiNyata https://t.co/lCPsq9NkIu",Positif
"Lewat Penghematan Rp308 Triliun, dana kini fokus ke program Makan Bergizi Gratis dan pembangunan desa. #EfisiensiCegahKorupsi https://t.co/Jrw2erTJdU",Netral
"Program Makan Bergizi Gratis (MBG) lahir dari efisiensi anggaran negara! 
Presiden Prabowo tegas Uang ini hasil penghematan bukan pemborosan Kalau tidak dihemat malah dikorupsi oknum-oknum Dana dialihkan dari kegiatan tidak produktif langsung ke anak-anak ibu hamil dan lansia https://t.co/HT8ivAijH8",Negatif
"Anak sehat, Indonesia kuat! 💪 Dukung penuh program Makan Bergizi Gratis demi mewujudkan Generasi Emas 2045 yang cerdas dan berprestasi. 
#MakanBergiziGratis #GenerasiEmas #IndonesiaSehat #AksiNyata https://t.co/b5ryV10akt",Positif
"dengan fokus utama pada program Makan Bergizi Gratis (MBG). Presiden Prabowo menjelaskan bahwa pengalihan anggaran ini #EfisiensiCegahKorupsi
Penghematan Rp308 Triliun https://t.co/s4ZRssIIJ4",Netral
"Penghematan Rp308 Triliun melalui #EfisiensiCegahKorupsi jadi langkah konkret menutup celah korupsi. Anggaran kini dialihkan untuk Makan Bergizi Gratis, menyerap jutaan tenaga kerja, sekaligus menggerakkan ekonomi rakyat dari desa sampai kota. https://t.co/QHAG24bHtU",Netral
"Dampak nyata efisiensi anggaran Rp 300T dialihkan untuk makan bergizi gratis https://t.co/WWWDeOilTo #EfisiensiCegahKorupsi
Penghematan Rp308 Triliun https://t.co/N06MILUKhQ",Netral
"Presiden Prabowo pangkas biaya dinas &amp; birokrasi tak perlu. Hasilnya? Penghematan Rp308 Triliun  Dana ini langsung dialihkan ke Program Makan Bergizi Gratis demi rakyat. Tegas! 🇮🇩
#EfisiensiCegahKorupsi https://t.co/9ppQlgW9rI",Netral
@Eng_china5 Fvck MBG (Makan Bergizi Gratis),Netral
Program Makan Bergizi Gratis di Jakarta makin cepat. Kini 475 Satuan Pelayanan Pemenuhan Gizi sudah beroperasi. Target 804 unit tuntas Mei 2026 demi pastikan anak sekolah dapat asupan nutrisi terbaik https://t.co/DuNqTzsoCk,Netral
"Lewat Penghematan Rp308 Triliun, pemerintah buka jutaan lapangan kerja di unit dapur umum seluruh Indonesia. Program Makan Bergizi Gratis perkuat ekonomi desa. Inilah aksi nyata #EfisiensiCegahKorupsi https://t.co/aFgfWS4PQq",Netral
"Rp 300 triliun hasil efisiensi negara kini mengalir ke program Makan Bergizi Gratis. Presiden Prabowo Subianto dorong gizi anak terpenuhi sekaligus buka 1 juta lapangan kerja lewat pangan lokal. Langkah nyata masa depan bangsa
#EfisiensiCegahKorupsi
Penghematan Rp308 Triliun https://t.co/SDR1dzlbBX",Netral
"MBG juga jadi berkah buat petani UMKM, hasil panen jadi laku dan usaha makin maju #MBGMajukanEkonomi https://t.co/CZs7tssCXQ",Positif
Program Makan Bergizi Gratis lahir dari Penghematan Rp308 Triliun hasil efisiensi belanja non-produktif pemerintah. #EfisiensiCegahKorupsi https://t.co/Py3hV4j2yj,Netral
"Presiden prabowo alihkan dana untuk makan bergizi gratis dan serap jutaan tenaga kerja
#EfisiensiCegahKorupsi
Penghematan Rp308 Triliun https://t.co/fgI9xlRXwA",Netral
"@pernahgadis_mas @menuembegejelek Hahahahaha kan dibilangnya makan bergizi gratis. Ada ahli gizi, ya ditakar sampai ke jumlah gizinya juga lah. Kalo tiba2 risol mayo, donat, bukan MBG tapi snack itu wkwkwkwkw uda 2026 masih aje",Negatif
"Penghematan Rp308 Triliun menunjukkan bahwa reformasi anggaran bisa berjalan konkret. Dana yang dulu terserap belanja non-produktif kini mendukung jutaan penerima manfaat program Makan Bergizi Gratis serta menggerakkan roda ekonomi lokal.
#EfisiensiCegahKorupsi https://t.co/JRVVNN9U95",Positif
"Yang menarik dari MBG sekarang adalah konsepnya. 
Bukan berdiri sendiri, tapi disinkronkan dengan Kampung Nelayan. Dari makan bergizi gratis sampai program lain, semua dirangkai biar dampaknya kerasa nyata di bawah. https://t.co/BWTfho8bzj",Positif
Penghematan Rp308 Triliun yang dilakukan Presiden Prabowo Subianto membuktikan efisiensi anggaran bisa langsung dirasakan rakyat lewat program Makan Bergizi Gratis #EfisiensiCegahKorupsi https://t.co/qZtulC3KCe,Netral
"Skala nasional program makan bergizi gratis butuh manajemen rantai pasok yang profesional untuk penuhi kebutuhan jutaan porsi makanan sehat bagi seluruh anak sekolah di indonesia #LanjutkanMBG 

#RISERCONCERTD3 #MyRomanceScammerEP3 https://t.co/ikILUZS97g",Positif
Menteri Keuangan Purbaya Yudhi Sadewa mengimbau masyarakat agar tidak berlebihan dalam mengkritik Program Makan Bergizi Gratis (MBG). https://t.co/cJpanpQhm7,Netral
"Dengan Penghematan Rp308 Triliun, pemerintah menutup celah kebocoran anggaran dan mengalihkannya ke program strategis nasional. Makan Bergizi Gratis tidak hanya meningkatkan kualitas gizi, tetapi juga menciptakan jutaan peluang kerja baru.
#EfisiensiCegahKorupsi https://t.co/LXGeMVmGtY",Netral
"apapun untuk hal positif, kita harus dukung #EfisiensiCegahKorupsi Penghematan Rp308 Triliun
Presiden Prabowo Subianto dorong efisiensi anggaran Rp308 triliun untuk cegah kebocoran dan alihkan dana ke program Makan Bergizi Gratis serta serapan jutaan tenaga kerja.",Netral
Kawal dan Dukung terus program MBG https://t.co/U1XxvdSNmI,Positif
"Setiap hari jam 17 wib (Umum)
Santunan Anak Yatim tiap hari
Gratis Makan Bergizi 
Rumah Yatim Hafiz 

Open Donatur
BCA KCU Kalimalang
Norek: 230 317 1746
A/N: Trisno/Sri Utami

Instagram:
https://t.co/u12kogD014…

Tiktok:
https://t.co/O5KDN9mnjw… https://t.co/8IILOyE1sM",Netral
"Investasi SDM dan lapangan kerja : Dana dialihkan sepenuhnya ke Makan Bergizi Gratis yg diproyeksikan menyerap 1,5juta tenaga kerja
#EfisiensiCegahKorupsi
Penghematan Rp308 Triliun https://t.co/8YQHWXL6e4",Netral
"Program makan bergizi gratis butuh pengawasan bersama agar kualitas menu selalu terjaga demi kesehatan anak bangsa mari lapor langsung jika ada kendala teknis saat distribusi #LanjutkanMBG 

 #RISERCONCERTD3 #eversenseparfumfuji https://t.co/hukwmo2pQH",Netral
"Stop Kebocoran! 🛑
Presiden Prabowo alihkan anggaran rawan ke Program Makan Bergizi Gratis. Penghematan Rp308 Triliun pastikan uang rakyat tepat sasaran.
#EfisiensiCegahKorupsi https://t.co/yPREarVlWV",Netral
Presiden Prabowo Subianto memerintahkan Kepala Staf Presiden Qodari mengumpulkan klip video yang menuding dirinya menghina bangsa Indonesia lewat program Makan Bergizi Gratis (MBG). https://t.co/SmSTTnRTKP,Netral
"Presiden Prabowo alihkan hasil efisiensi Rp308 triliun buat program Makan Bergizi Gratis, serap jutaan tenaga kerja, sekaligus cegah kebocoran anggaran. Efisiensi nyata untuk rakyat! #EfisiensiCegahKorupsi",Netral
"Dampak nyata efisiebsi anggaran 300 T dialihkan untuk makan bergizi gratis.
#EfisiensiCegahKorupsi
Penghematan Rp308 Triliun https://t.co/SeKjm67WEm",Netral
"Efisiensi anggaran Rp 300T dialihkan untuk makan bergizi gratis
#EfisiensiCegahKorupsi
Penghematan Rp308 Triliun https://t.co/iC6fuKcS4j",Netral
@liaasister Innalilahi 🥹 padahal kalo dipikir uang MBG Yg bombastis itu bisa digunakan,Negatif
@cortis_juhoon_ mbg (my boy gw) https://t.co/XbOVilNBEF,Negatif
@AsahPolaPikir Bukannya sdh ya? Sektor MBG,Netral
Sudah cocok ini sigit jadi petani. (Pemasok bahan mbg) https://t.co/Un9xfy94R7,Netral
"Yuk.. dukung...

Sejumlah pihak yang terdiri dari guru dan mahasiswa menggugat UU APBN 2026 ke MK yang memasukkan anggaran MBG ke anggaran pendidikan. Pemohon mengajukan uji materiil Undang-Undang Nomor 17 Tahun 2025 tentang APBN Tahun Anggaran 2026 ke MK, Senin (26/1/2026). https://t.co/VdxBlJMphE",Netral
"Keracunan  MBG di Indonesia 2026 :

08/01/26 di Semarang (75)
09/01/26 di Grobogan (803)
10/01/26 di Mojokerto (411)
12/01/26 di Majene (61)
12/01/26 di Wonogiri (206)
13/01/26 di Pekalongan (15)
13/01/26 di Siak, Riau (21)
17/01/26 di Lombok Tengah (38)
20/01/26 di Tulungagung",Netral
"PROGRAM MAKAN GRATIS TERHENTI DI BEBERAPA WILAYAH DI JABAR 

Dapur program Makan Bergizi Gratis (MBG) di berbagai wilayah Jawa Barat terpaksa berhenti beroperasi! Masalahnya klasik tapi fatal: Anggaran dari Badan Gizi Nasional (BGN) belum cair.

Ribuan siswa kini kehilangan akses https://t.co/f5pTPOK7zo",Negatif
"🚨 PROGRAM MAKAN BERGIZI GRATIS (MBG) YANG SEHARUSNYA MENYEHATKAN, MALAH BERUBAH MENJADI ANCAMAN KERACUNAN💔😭 https://t.co/B8ZzqxK8ID",Negatif
"MBG 
Roti yg sdh exp tgl 1 januari 2026 disajikan sebagai menu MBG tgl 30 januari 2026.

Keterangan Exp nya ditutup. https://t.co/HO1RQBbBIZ",Netral
"Anggaran kesehatan yang diambil untuk membiayai program Makan Bergizi Gratis (MBG) tahun 2026 adalah sebesar Rp24,7 triliun. https://t.co/TR4OaF1NWO",Netral
"::
MAKAN BER⁴CÙN GRATIS
SMA 2 KUDUS, JAWA TENGAH
KAMIS, 29 JANUARI 2026

#HentikanMBG
#MBGSaranaMoneyLaundry
•• https://t.co/jBz8GCgsuQ",Netral
"MBG makan bergizi gratis ✖️
MBG mumpung barkuasa gasspoll ✔️ https://t.co/K4lP6pgXxq",Netral
"Begini menu kering MBG, bulan Ramadhan nanti MBG tetap jalan dengan menu kering

Menu : Kering
Hari/tgl : Sabtu, 31 Januari 2026
Dapur : SPPG Ngawen 2 Blora

bagaimana menurut warga net yang biasanya kritik program MBG https://t.co/UTJ3zNAWmw",Netral
"@BANGSAygSUJUD @99propaganda @are_inismyname @AswinbaharD @darbento88 @FDonghun @florieliciouss @kiwalipitu @Kimberley_PS08 @Ndons_Back @IrawanRommi ""dengan tujuan tidak memperkaya diri....""

MBG tetep jalan meski libur
MBG tetep jalan meski bulan Ramadhan

Dana MBG mengalir deras ke SPPG tanpa diukur SPPG bisa menghasilkan berapa

MBG menu benernya cuman di sekitar pusat, selain itu..... Kelapa mentah masih ada kulitnya....",Positif
"Tidak habis pikir. Petunjuk teknis terbaru menunjukkan YAYASAN pengelola MBG dapat insentif 6 JUTA PER HARI selama 313 hari, libur pun masih dapat. Insentif itu tanpa kena pajak. 

6 juta x 313 hari=1,87 miliar per SPPG

Bayangin POLRI kelola 1.179 SPPG PER HARI DAPAT INSENTIF Rp https://t.co/QKbSzGwQR2",Netral
"MBG Tidak Libur, Tetap Disalurkan Selama Imlek, Ramadhan dan Lebaran 2026
https://t.co/hPIh6FUoGG",Netral
"@ZakkiAmali MBG cuman dijadiin ladang korupsi baru, when harga piring MBG yang konon katanya impor dari China 🫵 izin ya kak https://t.co/cc6DgWjTJb",Negatif
@AsahPolaPikir Bukannya sdh ya? Sektor MBG,Netral
"Menteri Koordinator Pangan Zulkifli Hasan menyatakan program makan bergizi gratis (MBG) tetap berlangsung selama Ramadan dengan penyesuaian kudapan.

Ia mengatakan penyaluran MBG pada Ramadan akan disesuaikan berdasarkan jenis penerima manfaat. https://t.co/KRTJFhjniV",Netral
"beneran kesinggung liat di postingan sebelah banyak yg komen gaji staff mbg haram. kek bodoamat dah soal hal lain soalnya gue juga sering kontra sama ni program. tapi kalo kalian nyebut gaji pekerja di mbg tuh haram, lu semua udah keterlaluan sih,",Negatif
@liaasister Innalilahi 🥹 padahal kalo dipikir uang MBG Yg bombastis itu bisa digunakan,Negatif
"@FuzaFirdaus Loh dapet MBG kan, ya enjoy aja pilihan kalian, kalo ngak suka kebijakannya ya tunggu sampe 2029 aja",Negatif
@Eng_china5 mbg,Netral
"MBG juga jadi berkah buat petani UMKM, hasil panen jadi laku dan usaha makin maju #MBGMajukanEkonomi https://t.co/CZs7tssCXQ",Positif
"Penampakan Makan Siang Gratis di China.
Masih fresh krn yg ngelola adalah kantin sekolah masing-masing.

Begini seharusnya Makan Bergizi Gratis dilakukan.
Meminimalisir korupsi dan keracunan makanan...

-----
Ka'bah ActionFi Paes Dubai
Salam Wohooo Om Toshi https://t.co/wjsHU3z4NQ",Positif
"ini lama-lama pendidikan yg kena.
""gara-gara harus sekolah, dia jadi bla-bla-bla"", terus sekolah di stop total, udah pokoknya makan ditanggung negara.
gitu kan? katanya pendidikan ga penting? yang penting anak-anak bisa makan bergizi (baca: siang) gratis.",Negatif
@fessthaii Abis nonton ini gue jadi pengen punya pacar tukang warteg lumayan makan siang bergizi gratis setiap hari,Positif
"@neVerAl0nely___ dr awalnya Makan Bergizi Gratis&gt;&gt;Makan siang gratis (yg penting kenyang, gizi belakangan)&gt;&gt; Snack gratis (gak kenyang &amp; gk ada gizinya). ntar lama2 jadi air putih gratis lagi??😂",Positif
"MBG BULAN PUASASTRATEGI MAKAN BERGIZI GRATIS SAAT RAMADAN! 🌙🍱✨
Kabar gembira! Program MBG tetap berjalan selama Ramadan dengan beberapa penyesuaian penting dari Badan Gizi Nasional.
Update Rencana:
Siswa Sekolah: Dibagikan siang hari untuk dibawa pulang (menu kering: kurma, https://t.co/WmG4eEFwFy",Positif
ada yang jauh lebih penting dari mendanai zionis dan makan siang (yang katanya bergizi) gratis,Positif
"Sebuah momen dari petugas dapur Program MBG menjadi perhatian. Dalam unggahannya, terlihat makanan yang telah disiapkan dengan penuh usaha ternyata tidak seluruhnya dimakan oleh siswa.

Program Makan Bergizi Gratis (MBG) sendiri merupakan bagian dari upaya mendukung generasi https://t.co/9SmIA6mbBu",Positif
"MBG = Makan Bergizi Gratis 
BEM UGM = Maling Berkedok Gizi

Berani banget ketua BEM @UGMYogyakarta",Negatif
"Kalau urusan menjatuhkan Pak Jokowi Sengkuni ahlinya. Dan Ternyata Sengkuni bukan hanya satu, tapi ada dua. Sengkuni satu jarang muncul, mungkin sudah gak ada energi.

#SEAblings #nona Pagii Makan Bergizi Gratis Senin https://t.co/Mcf44UOeqn",Negatif
"Intensi Jahat Proyek Makan Bergizi Gratis

#Kolom #TempoPlus 
https://t.co/f3gu4bJdaX",Negatif
"Emang sip ya dampak nyata efisiensi #EfisiensiCegahKorupsi anggarna akan dialihkan ke makan bergizi gratis 
Penghematan Rp308 Triliun https://t.co/SDyXHWU6GX",Netral
"Program Makan Bergizi Gratis hadir untuk penuhi kebutuhan gizi anak sejak dini, meningkatkan kesehatan dan daya saing generasi muda. Langkah nyata menuju Indonesia Emas 2045!
#MakanBergiziGratis #GenerasiSehat #Indonesia https://t.co/cGqsbhJOCg",Positif
"Melihat senyum mereka adalah energi kami. Makan bergizi gratis bukan sekadar program, tapi bukti nyata kepedulian untuk masa depan anak bangsa yang lebih cerah dan sehat. Mari jaga mimpi mereka! #LanjutkanMBG

#RISERCONCERTD3 stop ganggu papua #TumpasTerorKKB https://t.co/kwTdxh7bJw",Positif
MBG 😭😭Takut Keracunan,Negatif
"Gegara BGN dg program MBG bentukan pak @jokowi , banyak pejabat yg omongnnya jadi ngelantur demi pentingnya MBG",Negatif
"@Ruwinanatalia @Dara_Cega Kebanyakan nyimeng MBG nih orang, minimal ngerasain anak mu keracunan MBG dulu",Negatif
"Dengan MBG, perhatian terhadap gizi anak menjadi bagian penting dari pembangunan generasi. #PenuhiGiziIndonesia https://t.co/fQRwTUWT6m",Positif
"Dengan MBG, perhatian terhadap gizi anak menjadi bagian penting dari pembangunan generasi. #PenuhiGiziIndonesia https://t.co/ECzbD6R7gQ",Positif
@SatriaKalteng program mbg tingkatkan semangat dan fokus belajar anak,Netral
@SatriaKalteng dukung penuh program mbg,Positif
"@ZakkiAmali PROGRAM MBG ❎
PROYEK MBG ✅",Netral
"Dukung program Makan Bergizi Gratis untuk Generasi Emas 2045 yang cerdas dan berprestasi.
 #MakanBergiziGratis #GenerasiEmas #IndonesiaSehat #AksiNyata https://t.co/7P08CBMMDL",Netral
"@MichelAdam1515 Makan bergizi gratis merupakan program yang bagus karena bisa menjadi solusi buat banyak anak-anak Indonesia yang kurang akses ke makanan sehat, sehingga mereka bisa fokus belajar dan tumbuh sehat tanpa khawatir perut kosong. Ini investasi buat masa depan bangsa",Positif
Sudah cocok ini sigit jadi petani. (Pemasok bahan mbg) https://t.co/Un9xfy94R7,Netral
"@YosiaDjata @daniellsinaga_ @m3nan9wan9i Benar, anggaran pendidikan Indonesia 2026 sekitar Rp757-769 triliun (20% APBN seperti diamanatkan UUD). Namun, Rp268 triliun dialokasikan untuk program Makan Bergizi Gratis (MBG), yang mengurangi dana untuk gaji dan fasilitas. Guru honorer, bukan ASN penuh, sering digaji Rp300",Negatif
"Melalui MBG, kebutuhan gizi anak dipenuhi secara lebih merata dan berkelanjutan. #PenuhiGiziIndonesia https://t.co/iUYN5KZeKT",Netral
@terlessu mbg paling enak🤤,Positif
STOP MBG https://t.co/kfEqNv1Aum,Negatif
"@AntoniusCDN Betul kata anda pak👍👍
Saya jg tdk setuju dg adanya mbg, lebih baik anggaran mbg, dialokasikan ke sektor pendidikan, yaitu beasiswa utk anak SMP, SMA&amp;S1",Negatif
@AsahPolaPikir Perkenalkan MBG : Pilar ekonomi Indonesia https://t.co/bo8PT4fpXa,Netral
"met pagi mbg, my bini gw",Netral
"@ZakkiAmali Pantas anggota dewan berbondong bondong bikin SPPG, kalau semua kenyang spt ini mk dukungan dewan akan sangat kencang ke MBG.....MBG harga mati !",Positif
MBG memperkuat komitmen bersama dalam menjaga kualitas generasi penerus bangsa. #PenuhiGiziIndonesia https://t.co/e0EtVolmfs,Netral
"Om2 MBG, om2 Polisi, bude2 gerindra gaakan suka",Negatif
"tolong bilangin ke matahari besok gausah terbit dulu biar HYEONKEON yg bersinar, bilangin ke dapur mbg besok libur biar HYEONKEON yg memasak, bilangin ke kak gem istirahat aja biar HYEONKEON yg kasih paham https://t.co/drEN0smBjN",Negatif
"Ternyata ini alasan kenapa Makan Bergizi Gratis (MBG) sulit disetop. Bukan cuma soal menu, tapi soal ""dapur"" masif yang sudah berdiri!
Hingga awal 2026, Polri saja sudah mengelola 1.147 Satuan Pelayanan Program Gizi (SPPG). 

Berikut datanya:
Target: Melayani 3,9 juta orang &amp; https://t.co/PNqyA4qGeJ",Positif
"Kesimpulannya : pimpinan konohalah yg antek asing, bukan rakyatnya juga bukan pengeritiknya!!

Halo CEO MBG, coba ditegur  sppgnya, masa siswa diberi sebutir kelapa untuk 2 hari? Nilai gizinya dimana? Apalagi kelapa itu mudah basi jika tidak punya pendingin.
Hentikan saja mbg. https://t.co/XcOEHwciyw",Negatif
MBG membantu menciptakan kebiasaan makan sehat sejak usia dini. #PenuhiGiziIndonesia https://t.co/lJTDri7uzv,Netral
"blg ke wowo, klen yg skolah gaperlu mbg lg. krna skrng mbg (my boyfriend gue) ada disini, di my heart hati gue. cukup gw yg boleh merasakan mbg. klen gausah, klen ga butuh. gw sayang mbg, gw love mbg. mari kita menikah diatas burj khalifa, biar satu dunia tau kita saling mencinta https://t.co/NKplVAvmWT",Positif
"Presiden Prabowo Subianto perintahkan Kepala Staf Kepresidenan Muhammad Qodari untuk mengumpulkan video para pihak yang mengkritik dan menghina program Makan Bergizi Gratis (MBG).

#HardNews_Politik #NewsOne #CariBeritaditvOne #PrabowoSubianto #MBG #NO04 https://t.co/UgtBPGf7Ek",Netral
"Bersama MBG, kita dorong anak-anak Indonesia tumbuh sehat dan berdaya. #PenuhiGiziIndonesia https://t.co/GUMt2Vd4C9",Positif
"Ini 3.2 Pencegahan dan Penurunan Stunting. Yang sebelumnya 3. 1 Pemberian Makan Bergizi Gratis. 

Jadi MBG itu MEMANG TIDAK bertujuan menurunkan stunting. https://t.co/ut6uknoCII",Netral
"Program Makan Bergizi Gratis selalu memberikan kekuatan baru bagi anak-anak dan masyarakat. Dukung terus Program MBG!
#PenuhiGiziIndonesia https://t.co/e4ANTjCy6f",Positif
"Program Makan Bergizi Gratis selalu memberikan kekuatan baru bagi anak-anak dan masyarakat. Dukung terus Program MBG!
#PenuhiGiziIndonesia https://t.co/lAQE50qBf4",Positif
"Program Makan Bergizi Gratis selalu memberikan kekuatan baru bagi anak-anak dan masyarakat. Dukung terus Program MBG!
#PenuhiGiziIndonesia https://t.co/WDGgUaWAtN",Positif
"MBG Core!
Serba Serbi Program Makan Bergizi Gratis telah membawa manfaat besar sekaligus warna baru bagi penerima manfaat dan masyarakat Indonesia.
MBG adalah harapan dan semangat baru untuk masa depan Indonesia.

#LanjutkanMBG

Senin Positive #INDvsPAK 
stop ganggu papua #paobc https://t.co/dwl6BeopGA",Positif
"Program Makan Bergizi Gratis selalu memberikan kekuatan baru bagi anak-anak dan masyarakat. Dukung terus Program MBG!
#PenuhiGiziIndonesia https://t.co/vFIymp8xsZ",Positif
"Program Makan Bergizi Gratis mendorong tumbuhnya usaha pangan lokal dan membuka lapangan kerja baru di berbagai daerah.
#PenuhiGiziIndonesia https://t.co/pDYq9pWDLS",Netral
STOP MBG ( MALING BERKEDOK GIZI) https://t.co/4HaorHSDAl,Negatif
"@tamrintomagola Klu memang presiden berniat baik, yg jdi sasaran MBG itu harusnya rakyat yg menurut data BPS 9% miskin, gimna negara ini dak jln di tempat, anggaran MBG yg sebesar itu justru ksh makan anak* yg 91% anak org mampu...
Jdi presiden sengaja menghamburkan uang negara...payahhh...",Negatif
Pemenuhan gizi anak adalah investasi masa depan. Dukung penuh program Makan Bergizi Gratis untuk Indonesia yang lebih maju. https://t.co/Q8DUTng9B2,Positif
"- MBG menyedot anggaran dr sektor vital lain
- Bergabung BoP brsma US &amp; Israel
- Ikut patungan 17T pdhl Aceh dsk blm pulih
- Memecat Dr. Piprim
- Kasus keracunan MBG dianggap sepele
- Abai thdp kritik atas kebijakan2nya

Apalagi ya? Tolong tambahin sbg pengingat",Negatif
"Program Makan Bergizi Gratis mendorong tumbuhnya usaha pangan lokal dan membuka lapangan kerja baru di berbagai daerah.
#PenuhiGiziIndonesia https://t.co/Ji8uYO4LWv",Netral
"Program Makan Bergizi Gratis mendorong tumbuhnya usaha pangan lokal dan membuka lapangan kerja baru di berbagai daerah.
#PenuhiGiziIndonesia https://t.co/qDbyuFUcDh",Netral
"Program Makan Bergizi Gratis mendorong tumbuhnya usaha pangan lokal dan membuka lapangan kerja baru di berbagai daerah.
#PenuhiGiziIndonesia https://t.co/243AyROqG3",Netral
Makan Bergizi Gratis adalah tanggung jawab kita bersama https://t.co/LB3wl3K0g8,Positif
@abu_waras Kritik MBG dikira benci....😁,Negatif
"@NenkMonica klaim BGN klaim, THR nanti bakal terjamin, jika MBG masih lanjut dan sukses

Hidup MBG !!!

solusi dari semua permasalahan di Indonesia",Positif
"MELURUSKAN POLEMIK MBG

Makan Bergizi Gratis adalah investasi untuk masa depan, program ini hadir untuk memperkuat kualitas generasi penerus sekaligus memastikan kebijakan berjalan dengan prinsip tanggung jawab fiskal.

Jangan mudah percaya pada narasi yang belum tentu sesuai https://t.co/S5jBJW7GHv",Positif
Program Makan Bergizi Gratis membantu dalam Peningkatan kualitas gizi dan kesehatan. https://t.co/AR3Ke0ElhA,Positif
"@LambeSahamjja Masih lbh murah MBG drpd kokain
Tau kan kenapa yg dijalankan adalah MbG",Positif
bukan mbg https://t.co/BwB4d2aFfW,Negatif
"Program MBG sebagai upaya pemenuhan gizi anak
#programMBG
#DukungProgramMBG
#UntukGenerasiEmasIndonesia
#DukingGenerasiMudaIndonesia https://t.co/LW5FveOyf1",Netral
"@_MikBrentOFC thankyouu MBO and MBG!

11LY ALWAYS MIKBRENT",Positif
"@xendless_s Besok buka dapur mbg ah, bisnis ini mah",Negatif
Makan Bergizi Gratis Menyehatkan dan Mencerdaskan Generasi Papua. https://t.co/X5FumpPmyI,Positif
Program Makan Bergizi Gratis (MBG) terbukti ubah pola konsumsi &amp; bantu turunkan kemiskinan di Kalbar sepanjang 2025. BPS mencatat dampak nyata bagi kesejahteraan keluarga! #KalbarDamai #AnakSehat #EkonomiTumbuh #IndonesiaEmas https://t.co/BKlbqxdZin,Positif
Ternyata pilih ngurusi MBG dari pada Petani ya pak? https://t.co/HtUkDoL4GO,Negatif
"Tokoh Muslim Tionghoa Jusuf Hamka atau Baba Alun menepis anggapan bahwa program Makan Bergizi Gratis (MBG) mematikan usaha mikro, kecil, dan menengah (UMKM).https://t.co/XCwP3SVQ4Q",Netral
"MBG: Perubahan yang Terasa Langsung! 🇮🇩

Kini anak makan bergizi setiap hari,
beban orang tua berkurang, UMKM ikut bergerak.

Bukan sekadar gratis, ini investasi masa depan.

#MakanBergiziGratis
#MBG
#AnakSehat
#IndonesiaCerdas https://t.co/K4Ak9mMdA7",Positif
Makan bergizi gratis upaya pemenuhan gizi anak https://t.co/WAuBCwQsfO,Netral
Program makan bergizi gratis langkah strategis untuk mengatasi kekurangan gizi https://t.co/osshxoYqTE,Netral
"Program Makan Bergizi Gratis (MBG) memang sering menghadirkan suasana hangat dan penuh keceriaan, apalagi saat pembagian dilakukan secara prasmanan seperti acara kondangan. Konsep ini membuat anak-anak dan warga merasa lebih santai, akrab, dan menikmati momen kebersamaan. https://t.co/kZU2enqaUc",Positif
@therealitaa Dan yah papa kita masih mentingin mbg dibulan puasa 😭🫰,Negatif
Program Makan Bergizi Gratis (MBG) menjadi program unggulan pemerintah untuk memerangi stunting dan meningkatkan kualitas SDM anak bangsa. BP Taskin di bawah kepemimpinan Budiman Sudjatmiko berupaya menyinkronkan MBG dengan program lain seperti Kampung Nelayan Merah Putih (KMNP) https://t.co/fYVg4tTvjX,Netral
"@MichelAdam1515 Kritik adalah bagian dari demokrasi, namun membangun bangsa butuh kolaborasi, bukan sekadar caci maki. Program Makan Bergizi Gratis (MBG) adalah langkah nyata pemerintah untuk memutus rantai stunting dan kemiskinan sistemik di Indonesia! 🇮🇩🍱💪",Positif
"Sebenarnya jika KPK independen, program MBG bisa dijadikan bahan penelusuran kasus korupsi.
Siapa pemodalnya dan dari mana uangnya?
Ada yg tau siapa pemodal MBG dan apa latar belakangnya?
1. Pejabat kah
2. Atau pengusaha kah
3. Politisi kah
Pastinya gak jauh dari 3 point' ini.",Negatif
Hello mbg @glumhs,Netral
"Weh, si pakar elit global bicara MBG😅 https://t.co/fJki0JZLmL",Netral
"Dukung program Makan Bergizi Gratis demi memastikan pemenuhan gizi anak bangsa agar tumbuh sehat, cerdas, dan berdaya saing. https://t.co/MqakIzVtzo",Netral
MBG bulan hy sekadar program pemerintah. Tapi MBG mampu menjadi alat pengendali dan distribusi kesejahteraan di antara kekuatan2 politik dan lingkar dalam kekuasaan. Sekali lagi cuan!,Positif
"Program Makan Bergizi Gratis merupakan wujud nyata kepedulian Pemerintah terhadap masa depan anak bangsa
 #DariMBGUntukIndonesiaHebat https://t.co/ZY0FgkaW3e",Positif
"@gemsgood Halo! Program MBG (Makan Bergizi Gratis) dirancang untuk atasi stunting dan gizi buruk, dengan target 82 juta penerima akhir 2026. Berdasarkan evaluasi awal, program ini sedang diperkuat agar lebih tepat sasaran, meski ada kritik soal anggaran dan pelaksanaan.

Kepala Badan Gizi",Netral
"Masa depan Indonesia ada di tangan anak-anak kita. Dengan program Makan Bergizi Gratis, kita pastikan mereka tumbuh cerdas, sehat, dan siap menyongsong Generasi Emas! Dukung penuh langkah nyata Presiden Prabowo. 🇮🇩💪
#MakanBergiziGratis #GenerasiEmas2045  #PrabowoSubianto https://t.co/H9jvaj7gFr",Positif
"Program Makan Bergizi Gratis menjadi langkah nyata pemerintah dalam menyiapkan generasi Indonesia yang sehat, cerdas, dan berdaya saing. Melalui program ini, anak-anak mendapatkan asupan gizi seimbang sejak dini.

#MakanBergiziGratis
#GenerasiSehat
#IndonesiaMaju https://t.co/nARzG4DwUw",Positif
"Efisiensi anggaran Rp308T
Presiden Prabowo alihkan dana utk makan bergizi gratis dan serap jutaan tenaga kerja
#EfisiensiCegahKorupsi
Penghematan Rp308 Triliun https://t.co/nTak453KgF",Netral
pecat semua koki mbg biarkan bilafik8 memasak,Negatif
"im not being ungrateful, karena aku juga bukan org berkecukupan tapi is it serious? cerita nya MBG untuk ibu hamil bcs im 9mo prego, bisa diliat kualitas nya? kek anggaran negara abis buat MBG yang jadi lahan basah korup kalo misal kualitas sesuai mah haduhhh https://t.co/gCdofjTVOc",Negatif
"Ga heran pemerintah berupaya melestarikan kebodohan, salah satunya dengan memprioritaskan makan bergizi gratis ketimbang pendidikan dan kesehatan gratis",Netral
"dari rakyat untuk rakyat, itulah tujuan utama pak Prabowo karena itu Penghematan Rp308 Triliun ini di alirkan ke program makan bergizi gratis 👍#EfisiensiCegahKorupsi
https://t.co/ZRWG4ZXEZL https://t.co/5nvQZK3IOv",Positif
"Program Makan Bergizi Gratis (MBG) di SMK Kriya Sahid Sukoharjo turut mendukung kesiapan belajar siswa setiap hari. Menu bergizi yang diberikan membantu siswa tetap bertenaga dan lebih fokus mengikuti pelajaran.

#PresidenPrabowo #MBG https://t.co/IqtDDXJUGl",Positif
loh ini mbg yg dibutuhkan mahasiswa kuliah rata kiri gaming rata kanan,Negatif
Dukung program makan bergizi gratis,Netral
Dukung program makan bergizi gratis,Netral
"Program Makan Bergizi Gratis menjadi langkah nyata pemerintah dalam menyiapkan generasi Indonesia yang sehat, cerdas, dan berdaya saing. Melalui program ini, anak-anak mendapatkan asupan gizi seimbang sejak dini.

#MakanBergiziGratis
#GenerasiSehat
#IndonesiaMaju https://t.co/38hWpzWXpu",Positif
"@NenkMonica Jujur,
Perlu dibenahi. Krn berdasar info yg beredar, scr kwantitas penerima yg tdk tak mengkonsumsi jatah menu MBG cukup besar.

Program MBG bertujuan mulia, tapi bs kontra produktif jika tak diperbaiki.

Hal lain yg jg perlu perbaikan adalah nilai menu yg cenderung tak konsisten https://t.co/hbXOTI1ppc",Negatif
"Presiden Prabowo Subianto merasa sangat bahagia bs menghadiri peresmian Satuan Pelayanan Pemenuhan Gizi atau SPPG Polri di Palmerah, Jakbar. Prabowo gembira karena Polri, institusi yg disebutnya sgt penting bagi negara, mengambil inisiatif dlm program Makan Bergizi Gratis (MBG). https://t.co/YQfda6xTro",Positif
"@tempodotco Pokoknya gas MBG 
#KapolriGantiJokowiDiBui 
#KapolriGantiJokowiDiBui https://t.co/jAKpJwcH0V",Negatif
Sukseskan MBG,Netral
Dukung makan bergizi gratis,Netral
@JazYoung_ID Yongkrai min demi MBG acuuu All in😁😁🌹,Netral
@AR_AnindyaJKT48 UWOGHHHH MBG (MY BINI GUE),Negatif
"Penghematan Rp308 Triliun melalui #EfisiensiCegahKorupsi jadi langkah konkret menutup celah korupsi. Anggaran kini dialihkan untuk Makan Bergizi Gratis, menyerap jutaan tenaga kerja, sekaligus menggerakkan ekonomi rakyat dari desa sampai kota. https://t.co/YFdQjCJkQU",Netral
"@triwul82 Bagi bagi proyek mungkin, mbg buat parcok kmp buat laler ijo",Netral
"@Tan_Mar3M Dapur MBG ditempatku yg punya polri yg punya pangkat. 
Trus KLO dirunut benang merahnya. Orang2 MBG yg beracun g ada kan yg dipenjara?!
Daerah lainpun sama. Cari tau yg punya MBG, KLO g orang berpangkat ya anggota keluarga pejabat. 
Sebagian BESAR itu ya.",Negatif
@hanzamerta INILAH MBG MY BINI GUWEH,Negatif
Menko Pangan Zulkifli Hasan memastikan program Makan Bergizi Gratis tetap berjalan selama Ramadan dengan penyesuaian menu bagi siswa. #MenkoPangan #PartaiAmanatNasional #ZulkifliHasan #Zulhas #GD_Zulhas https://t.co/Z8xes9QrP1,Netral
"@AnakLolina2 Mbg, ada anak yg sudah setahun makan mbg, ada anak yg belum sama sekali makan mbg, utang kcic di bayar pakai apbn, 1000 lebih dapur mbg di miliki polisi, utang negara 9000 t lebih, 17000 perdolar as, prabowo baru setahun lebih jd presiden, ajal manysia tidak ada yg tau,",Negatif
"BUBARKAN SAJA MBG UNFAEDAH...

MBG ADALAH PERAMPOKAN UANG RAKYAT YANG SAH TIDAK DAPAT DIAUDIT ATAU DI KONTROL, KEBAL HUKUM DAN BEBAS PAJAK....‼️

#KapolriGantiJokowiDiBui
#KapolriGantiJokowiDiBui
🆘🆗 https://t.co/j33WiTK941",Negatif
"@AnakLolina2 Pegawai MBG ga tau malu, ada gaji guru yg dipotong untuk MBG, untuk bayar gaji karyawan MBG.

MBG program GAGAL.

MBG proyek korupsi.

MBG MemBaGongkan.",Negatif
#EfisiensiCegahKorupsi jadi langkah nyata. Penghematan Rp308 Triliun dialihkan untuk Makan Bergizi Gratis dan lapangan kerja. https://t.co/t3f6z6IFrw,Netral
Penghematan Rp308 Triliun kini hidupkan ribuan pemasok lokal dan petani desa. Program Makan Bergizi Gratis dorong kesejahteraan merata di seluruh pelosok negeri. Mari kawal #EfisiensiCegahKorupsi https://t.co/fYXkL7oCfp,Netral
@is_pelssy Woi @prabowo  lihat nih kelakuan para pebisnis mbg anda .....,Negatif
@wansrosadi @yaniarsim Paketin ke kampung halaman .. lebaran pun kirim MBG pokoknya MBG gak boleh libur apalagi berhenti. Coba pejabat dan para mentri makan siang nya pake MBG spt anak sekolah menu nya pasti lbh bermanfaat.,Positif
"@ZakkiAmali Pak @TradingDiary2 pantas saja saham ompreng naik drastis ya pak, kecipratan duit mbg sebesar ini pasti ada dampak positifnya 🤣.  Mohon Info saham saham terkoneksi mbg lainnya pak 😇🙏",Positif
"@ARSIPAJA ""Rakyat minta negara cari duit sendiri, tak perlu pajak""

Klo gitu aja gmn? Pajak naik, lapangan kerja sulit. Sok ngide bikin makan bergizi gratis, tp duitny dr pajak. Udh gitu byk yg keracunan...bagian mana yg bergizi dan gratis?😂",Negatif
"Di bawah kepemimpinan Prabowo Subianto, Penghematan Rp308 Triliun membuktikan #EfisiensiCegahKorupsi dengan memangkas belanja tak produktif dan mengalihkannya ke Makan Bergizi Gratis serta jutaan lapangan kerja. https://t.co/eb2arRsuus",Positif
"dengan fokus utama pada program Makan Bergizi Gratis (MBG). Presiden Prabowo menjelaskan bahwa pengalihan anggaran ini #EfisiensiCegahKorupsi
Penghematan Rp308 Triliun https://t.co/M64ocYwszK",Netral
"Rp308 triliun berhasil dihemat dan dialihkan untuk program Makan Bergizi Gratis serta membuka jutaan lapangan kerja.
#EfisiensiCegahKorupsi
Penghematan Rp308 Triliun https://t.co/SechNSZIyl",Netral
"@PapiChhuloo__ @menuembegejelek Iq kcl. Jlz2 mbg, makan bergizi gratis. Hrs ditakar jumlah gizinya lah. Dan malkis, oreo bkn real food.  Goblok koar goblok wkwkwkwkw iq kcl iq kcl",Negatif
"Penghematan Rp308 Triliun bukan sekadar angka. Lewat #EfisiensiCegahKorupsi, Presiden Prabowo memangkas belanja non-produktif dan mengalihkan dana ke program Makan Bergizi Gratis, membuka jutaan lapangan kerja, serta menggerakkan ekonomi desa. https://t.co/eZGTxEM6Sb",Netral
#EfisiensiCegahKorupsi diwujudkan lewat Penghematan Rp308 Triliun yang diarahkan Prabowo Subianto untuk program Makan Bergizi Gratis dan penguatan ekonomi desa. https://t.co/pvYy9rwV1u,Netral
Kehadiran Makan Bergizi Gratis membuktikan bahwa negara hadir menjamin nutrisi terbaik bagi ibu hamil dan anak-anak demi memutus rantai kemiskinan melalui kesehatan yang terjaga baik #MBG #IndonesiaEmas https://t.co/WTbJi0VXU6,Positif
Presiden Prabowo Subianto menganugerahkan tanda kehormatan kepada jajaran Polri serta tokoh masyarakat penggerak program makan bergizi gratis (MBG) dan penguatan rantai pasok Satuan Pelayanan Pemenuhan Gizi Polri dalam mendukung ketahanan pangan nasional. https://t.co/yhL2DVwPhd,Netral
"Presiden RI Jenderal TNI (Purn.) H. Prabowo Subianto, menganugerahkan tanda kehormatan negara kepada para penggerak Program Makan Bergizi Gratis (MBG) dan penguat rantai pasok Satuan Pelayanan Pemenuhan Gizi (SPPG) Polri, Jumat (13/2).  #WujudkanProgramUnggulan Pemerintah https://t.co/1KBGYMwwPp",Netral
Inovasi Makan Bergizi Gratis gagasan Presiden Prabowo Subianto fokus pada pemenuhan nutrisi harian anak agar tumbuh menjadi pribadi produktif yang mampu bersaing di kancah internasional #MBG #IndonesiaEmas https://t.co/qGJQ6oKfEN,Netral
"Dana hasil penghematan tersebut kini dialihkan sepenuhnya untuk mendanai program-program pro rakyat, dengan fokus utama pada program makan bergizi gratis (MBG). https://t.co/1Wp3T9ucIh",Netral
"Program Makan Bergizi Gratis (MBG) menjadi salah satu inisiatif untuk meningkatkan kualitas gizi anak-anak di Indonesia. Melalui pemenuhan nutrisi yang lebih baik, diharapkan tumbuh generasi yang sehat dan siap menghadapi masa depan. https://t.co/hwdrpgCCsz",Positif
"Program Makan Bergizi Gratis menjadi langkah nyata pemerintah dalam menyiapkan generasi Indonesia yang sehat, cerdas, dan berdaya saing. Melalui program ini, anak-anak mendapatkan asupan gizi seimbang sejak dini.

#MakanBergiziGratis
#GenerasiSehat
#IndonesiaMaju https://t.co/Zaep8DXJpA",Positif
"Program Makan Bergizi Gratis hadir untuk penuhi kebutuhan gizi anak sejak dini, meningkatkan kesehatan dan daya saing generasi muda. Langkah nyata menuju Indonesia Emas 2045!
#MakanBergiziGratis #GenerasiSehat #Indonesia https://t.co/ZOmFIQDaFe",Positif
Makan Bergizi Gratis Menyehatkan dan Mencerdaskan Generasi Papua. https://t.co/43C4RZU4Xz,Positif
"Program Makan Bergizi Gratis hadir untuk penuhi kebutuhan gizi anak sejak dini, meningkatkan kesehatan dan daya saing generasi muda. Langkah nyata menuju Indonesia Emas 2045!
#MakanBergiziGratis #GenerasiSehat #Indonesia https://t.co/du9hMgO6KN",Positif
Program Makan Bergizi Gratis (MBG) terbukti ubah pola konsumsi &amp; bantu turunkan kemiskinan di Kalbar sepanjang 2025. BPS mencatat dampak nyata bagi kesejahteraan keluarga! #KalbarDamai #AnakSehat #EkonomiTumbuh #IndonesiaEmas https://t.co/CZFroGx9dn,Positif
Konstitusi mengamanatkan agar negara (pemerintah) memberikan hak asasi dasar kepada rakyat berupa pendidikan karena tidak ada amanat konstitusi untuk memberikan makan bergizi gratis https://t.co/lmhYyJwYct,Netral
"Program Makan Bergizi Gratis (MBG) berasal dari efisiensi anggaran. Presiden Prabowo Subianto menyatakan anggarannya aman dan tidak dikorupsi. MBG hasil pembelajaran dari berbagai negara, menjadi program intervensi untuk anak-anak, ibu hamil, dan lansia.
_ https://t.co/LiE25IFK2t",Netral
"Mengapa BERITA seperti ini 👇 SEPI tanggapan? JANGAN gitu dong! BETUL program MBG masih banyak kekurangannya di sana-sini, TAPI yang baiknya juga kan  banyak?",Negatif
Dosen FH UGM : MBG Melanggar Hak Asasi Manusia! https://t.co/W9cMJSnSP0,Negatif
"Program Makan Bergizi Gratis hadir untuk penuhi kebutuhan gizi anak sejak dini, meningkatkan kesehatan dan daya saing generasi muda. Langkah nyata menuju Indonesia Emas 2045!
#MakanBergiziGratis #GenerasiSehat #Indonesia https://t.co/p2aQ0iDnS1",Positif
"Program Makan Bergizi Gratis adalah investasi masa depan bangsa! Dengan tingkat kepuasan masyarakat mencapai 72,8%, mari kita dukung dan awasi agar gizi tepat sasaran. Nutrisi berkualitas untuk anak cucu kita!

#ProgramMBG #MakanBergiziGratis #MBG #IndonesiaSehat https://t.co/VHVzCfcobz",Positif
"MBG merupakan manfaat kegiatan makan bersama dalam pengenalan makanan bergizi seimbang
#MakanBergiziGratis
#ManfaatMBG
#CegahStunting
#DukungMBG https://t.co/EP02Y1wY34",Netral
GAK RIDHO TIAP BULAN GAJI DIPOTONG PAJAK CUMA BUAT MBG NAJISSSSSSSSSSS,Negatif
Program Makan Bergizi Gratis adalah langkah nyata untuk mencetak generasi kuat dan unggul—mari kita dukung bersama! https://t.co/gxcqLVAtEx,Positif
liburkan mbg biar sender ini yang memasak 🤩,Netral
"60 Juta Penerima Manfaat 🇮🇩

Program Makan Bergizi Gratis hadirkan gizi seimbang, anak lebih sehat, dan masa depan makin kuat.

Fondasi nyata generasi Indonesia berdaya saing.

#MakanBergiziGratis
#ProgramGiziNasional
#AnakSehat
#IndonesiaCerdas https://t.co/Vf670ujtsD",Positif
"Program Makan Bergizi Gratis menjadi pondasi penting dalam membangun generasi sehat dan berkualitas, sebagai kekuatan utama menuju Indonesia maju.
#ProgramMBG
#MakanBergiziGratis
#GenerasiUnggul
#SDMIndonesia https://t.co/7LXol13kzH",Positif
Program Makan Bergizi Gratis lahir dari efisiensi anggaran yang tepat Prabowo memastikan dana aman tanpa korupsi demi intervensi langsung kepada anak sekolah ibu hamil dan lansia di tanah air https://t.co/dUXFqpgXMR,Positif
Makan Bergizi Gratis bantu tingkatkan konsentrasi belajar anak di sekolah #dukungMBG https://t.co/apfG9rYfd6,Netral
Mari kawal bersama implementasi program Makan Bergizi Gratis agar manfaatnya dirasakan merata oleh seluruh anak sekolah dari Sabang sampai Merauke demi kejayaan bangsa di masa depan #MBG #IndonesiaEmas https://t.co/WcfoumZz5Q,Positif
"Melalui program Makan Bergizi Gratis, kita wujudkan anak bangsa yang sehat, aktif, dan siap meraih cita-cita. https://t.co/zx454kPr4b",Netral
@sonnetcode mau jd mbg? my bini gw..,Netral
"Program Makan Bergizi Gratis (MBG) merupakan hasil dari langkah efisiensi anggaran yang dilakukan pemerintah, sebagaimana disampaikan oleh Presiden Prabowo Subianto. Efisiensi tersebut diarahkan untuk memastikan anggaran negara benar-benar difokuskan pada https://t.co/NYabXCGUUS",Netral
"Melalui program Makan Bergizi Gratis, kita wujudkan anak bangsa yang sehat, aktif, dan siap meraih cita-cita. https://t.co/4nAUEM2DDp",Netral
"@cangpanjaaang @khanifirsyad Ga ada yg berharap gagal, even MBG sekalipun kita semua berharap berhasil, tapi keliatankan dari gimana pemerintah ngehandle hal tsb hasilnya bakal condong ke arah mana? 
Dan juga klo pemerintahnya pinter ga bakal lah MBG tu ada, MBG tu end game klo keb primer masy dag trpenuhi",Negatif
"@mulanbilqis Kepercayaan rakyat adalah amanah tertinggi yang terus dijaga melalui kerja nyata. Pemerintah fokus pada program strategis seperti Makan Bergizi Gratis, swasembada pangan, dan hilirisasi industri untuk meningkatkan kesejahteraan seluruh lapisan masyarakat! 🇮🇩💪✨",Positif
Sebanyak 457 Satuan Pelayanan Pemenuhan Gizi (SPPG) tengah dipersiapkan untuk mendukung pelaksanaan Program Makan Bergizi Gratis (MBG). Seluruh fasilitas tersebut dipastikan rampung dan siap beroperasi secepatnya guna memastikan distribusi makanan bergizi berjalan https://t.co/4JYZBbVTFO,Netral
"Anak sehat, Indonesia kuat! 💪 Dukung penuh program Makan Bergizi Gratis demi mewujudkan Generasi Emas 2045 yang cerdas dan berprestasi. 
 #MakanBergiziGratis #GenerasiEmas #IndonesiaSehat #AksiNyata https://t.co/6ZlVOBhaad",Positif
"Program Makan Bergizi Gratis dari pemerintahan Presiden Prabowo bukan cuma soal makanan, tapi soal membangun fondasi bangsa yang kuat. Maju terus Indonesia! 🇮🇩🍛
#GanyangStunting #MakanBergiziGratis #IndonesiaEmas2045 #PresidenPrabowo https://t.co/LCrs1Jwiif",Positif
Program Makan Bergizi Gratis bukan sekadar bantuan pangan melainkan upaya sistematis membangun ketahanan fisik dan mental generasi muda menuju peradaban Indonesia yang jauh lebih maju #MBG #IndonesiaEmas https://t.co/DqmfrNPe3W,Positif
apakah ini yg di namakan program MBG berhasil @prabowo? https://t.co/5RDSrc0KTP,Negatif
"Dana hasil penghematan tersebut kini dialihkan sepenuhnya untuk mendanai program-program prorakyat, dengan fokus utama pada program Makan Bergizi Gratis (MBG). 
#EfisiensiCegahKorupsi
Penghematan Rp308 Triliun https://t.co/ReEphhHvfd",Netral
"Program Makan Bergizi Gratis adalah investasi masa depan bangsa! Dengan tingkat kepuasan masyarakat mencapai 72,8%, mari kita dukung dan awasi agar gizi tepat sasaran. Nutrisi berkualitas untuk anak cucu kita!

#ProgramMBG #MakanBergiziGratis #MBG #IndonesiaSehat https://t.co/DrlRbelF53",Positif
"Ini bukti kalau efisiensi itu bukan berarti rakyat dikurangin haknya. Justru kebalikannya. Program MBG bikin anak-anak dapet makan bergizi gratis, langsung dari negara. Bukan teori, tapi aksi nyata. https://t.co/wtnPElOdW2",Positif
"Program Makan Bergizi Gratis adalah investasi masa depan bangsa! Dengan tingkat kepuasan masyarakat mencapai 72,8%, mari kita dukung dan awasi agar gizi tepat sasaran. Nutrisi berkualitas untuk anak cucu kita!

#ProgramMBG #MakanBergiziGratis #MBG #IndonesiaSehat https://t.co/hjMZbsn5vD",Positif
"@semangatdiriku Lah jangan dulu, program MBG aja masih jalan https://t.co/B3avVmq6Hk",Negatif
"Program MBG disinkronkan hingga Kampung Nelayan. 🤝
BP Taskin merangkai makan bergizi gratis dan program strategis lainnya jadi satu ekosistem, agar manfaatnya makin terasa untuk masyarakat pesisir.
Kolaborasi kuat, dampak makin hebat. 🇮🇩✨
@prabowo https://t.co/OG5GbJ9hoj",Positif
"Program Makan Bergizi Gratis bukan hanya soal makanan, tapi soal masa depan. Kebijakan Prabowo Subianto ini menyatukan gizi, petani lokal, dan jutaan peluang kerja dalam satu gerak besar.
#EfisiensiCegahKorupsi
Penghematan Rp308 Triliun https://t.co/BirEqMznib",Positif
"@AnakLolina2 Mereka ngga sadar
Mereka bilang MBG ( bergizi sehat) padahal dalam hati mereka cukup bergizi apanya. Dan mereka mendapat uang dari mbg untuk memenuhi kebutuhan gizi anaknya .",Negatif
"Keracunan MBG Berulang, Bukti Gagalnya Negara Menjamin Gizi Generasi https://t.co/eh9GC21bI2",Negatif
"Sebanyak 475 SPPG dipercepat operasionalnya dan tuntas Mei.
Artinya, semakin banyak siswa menerima Makan Bergizi Gratis tepat waktu.
Infrastruktur siap, generasi sehat makin kuat.
#MBG #SPPG #IndonesiaSehat https://t.co/zMNC88v1ir",Positif
"Program Makan Bergizi Gratis (MBG) terus dipercepat. Kepala Badan Gizi Nasional Dadan Hindayana menyatakan bahwa di Jakarta, 475 dari target 804 Satuan Pelayanan Pemenuhan Gizi (SPPG) sudah beroperasi dan seluruhnya akan rampung Mei 2026.
_ https://t.co/du5qVcok8h",Netral
"Dari efisiensi belanja hingga optimalisasi program prioritas, Penghematan Rp308 Triliun membawa dampak luas bagi masyarakat. Program Makan Bergizi Gratis tumbuh sebagai motor serapan tenaga kerja dan penggerak ekonomi lokal.
#EfisiensiCegahKorupsi https://t.co/IszgqERpBb",Positif
"Bila bangga 1 juta lapangan kerja dari MBG, coba tengok 3,1 juta mitra ojol di GoTo. Sementara, saat program MBG akan disuntik anggaran sekitar Rp335 triliun tahun ini, aset GoTo per 2025 “hanya” Rp42-an triliun dengan transaksi kotor Rp176 triliun.

https://t.co/ZgEvO4Znk8 https://t.co/9UjvSfqV6L",Netral
"Mari dukung Program MBG
#MBG https://t.co/9vjL7dOzA5",Netral
"@Ngadinopanser @sby_workerspt SPPG adalah Satuan Pelayanan Pemenuhan Gizi, bagian dari program Makan Bergizi Gratis (MBG) pemerintah untuk cegah stunting dan perbaiki gizi anak. Polri &amp; TNI boleh buka sendiri karena tugas mereka termasuk bantu program nasional, seperti ketahanan pangan &amp; kesejahteraan",Netral
"Penghematan Rp308 Triliun menjadi fondasi kebijakan pro-rakyat di era kepemimpinan Prabowo Subianto. Dana dialihkan untuk Makan Bergizi Gratis dan pembangunan desa. Efisiensi bukan pengurangan, tapi penguatan prioritas.
#EfisiensiCegahKorupsi https://t.co/nXdVtqqVQe",Netral
"Program Makan Bergizi Gratis (MBG) selama Ramadhan 1447 Hijriah tetap berjalan normal. Namun Badan Gizi Nasional (BGN0 mengubah skema pemberian makanan dengan menu pangan yang tahan lama seperti kurma, telur rebus, susu, hingga pangan lokal.
https://t.co/1OsHZx0iFY",Netral
@Bintu__Baba Makan bergizi gratis jadi kelapa tdk bergizi gratis bngsat lah,Negatif
"::
Dapur MBG efektif ❎
Dapur MBG fiktif ✅

#MBGSarangKoruptor
•• https://t.co/dxD8pwICZn",Negatif
"Dana hasil penghematan tersebut kini dialihkan sepenuhnya untuk mendanai program-program prorakyat, dengan fokus utama pada program Makan Bergizi Gratis (MBG). 
#EfisiensiCegahKorupsi
Penghematan Rp308 Triliun",Netral
"Dana hasil penghematan tersebut kini dialihkan sepenuhnya untuk mendanai program-program prorakyat dengan fokus utama pada program Makan Bergizi Gratis MBG#EfisiensiCegahKorupsi
Penghematan Rp308 Triliun",Netral
mbg https://t.co/IIKZ5vK2Ig,Netral
"BGN menyiapkan empat mekanisme penyaluran Makan Bergizi Gratis (MBG) selama Ramadan agar distribusi tetap efektif dan sesuai kebutuhan. Untuk sekolah non-puasa, makanan dikonsumsi langsung di sekolah. Bagi sekolah yang menjalankan puasa, makanan dibawa pulang untuk berbuka. https://t.co/6MehqQSaP7",Netral
"Kebahagiaan anak anak saat menerima menu makan bergizi gratis menunjukkan betapa berharganya program ini bagi pemenuhan nutrisi harian mereka demi tumbuh kembang optimal #LanjutkanMBG 

 #MyRomanceScammerEP3 #eversenseparfumfuji https://t.co/QOdIeZtC7w",Positif
"Dana hasil penghematan tersebut kini dialihkan sepenuhnya untuk mendanai program-program prorakyat, dengan fokus utama pada program Makan Bergizi Gratis (MBG). 
#EfisiensiCegahKorupsi
Penghematan Rp308 Triliun https://t.co/C4swsxUiTt",Netral
"Program Makan Bergizi Gratis adalah investasi masa depan bangsa! Dengan tingkat kepuasan masyarakat mencapai 72,8%, mari kita dukung dan awasi agar gizi tepat sasaran. Nutrisi berkualitas untuk anak cucu kita!

#ProgramMBG #MakanBergiziGratis #MBG #IndonesiaSehat https://t.co/e88iL4zLTd",Positif
"Iya nih, presiden kita, eh bkn kita, presiden lu pada yg milih dia, lebih mentingin makan (gak)bergizi gratis daripada pendidikan. Menurut keyakinan saya sih biar gampang dibodohi.",Negatif
"@ZakkiAmali dari semua keasdhfhfjkl program mbg ini, cuma satu pertanyaan gua.
""Bagaimana kita bisa menghentikan ini?""",Negatif
Presiden Prabowo Subianto memberikan pujian kepada Kapolri Listyo Sigit Prabowo atas inisiatif serta dukungan terhadap program Makan Bergizi Gratis (MBG). Kepala negara menyatakan akan menganugerahkan Bintang Mahaputera kepada Jenderal Sigit. https://t.co/3ZWagLtVwc,Netral
"Program Makan Bergizi Gratis (MBG) di Jakarta makin ngegas!  Dari target 804 Satuan Pelayanan Pemenuhan Gizi (SPPPG), sudah 475 unit beroperasi alias capai 60% progress. Kepala BGN Dadan Hindayana bilang, percepatan signifikan ini bikin target rampung Mei 2026 makin dekat. https://t.co/OqTBJ4UzI0",Netral
"Anak sehat, Indonesia kuat! 💪 Dukung penuh program Makan Bergizi Gratis demi mewujudkan Generasi Emas 2045 yang cerdas dan berprestasi. 
 #MakanBergiziGratis #GenerasiEmas #IndonesiaSehat #AksiNyata https://t.co/lCPsq9NkIu",Positif
Penghematan Rp308 Triliun yang dilakukan Presiden Prabowo Subianto membuktikan efisiensi anggaran bisa langsung dirasakan rakyat lewat program Makan Bergizi Gratis #EfisiensiCegahKorupsi https://t.co/qZtulC3KCe,Netral
Makan bergizi gratis tahukah kamu https://t.co/hrYpUZPUHu,Netral
"Mari dukung Program MBG. 
#MBG https://t.co/KEVpPwI1pt",Netral
"Dampak nyata : Efisiensi anggaran Rp 300 T dialihkan utk makan bergizi gratis 
#EfisiensiCegahKorupsi
Penghematan Rp308 Triliun https://t.co/vJghIYaPiV",Netral
"apapun untuk hal positif, kita harus dukung #EfisiensiCegahKorupsi Penghematan Rp308 Triliun
Presiden Prabowo Subianto dorong efisiensi anggaran Rp308 triliun untuk cegah kebocoran dan alihkan dana ke program Makan Bergizi Gratis serta serapan jutaan tenaga kerja.",Netral
"Program Makan Bergizi Gratis (MBG) lahir dari efisiensi anggaran negara! 
Presiden Prabowo tegas Uang ini hasil penghematan bukan pemborosan Kalau tidak dihemat malah dikorupsi oknum-oknum Dana dialihkan dari kegiatan tidak produktif langsung ke anak-anak ibu hamil dan lansia https://t.co/HT8ivAijH8",Negatif
"Presiden Prabowo pangkas biaya dinas &amp; birokrasi tak perlu. Hasilnya? Penghematan Rp308 Triliun  Dana ini langsung dialihkan ke Program Makan Bergizi Gratis demi rakyat. Tegas! 🇮🇩
#EfisiensiCegahKorupsi https://t.co/9ppQlgW9rI",Netral
"Rp308 triliun bukan angka kecil. Efisiensi besar-besaran ini dialihkan untuk Makan Bergizi Gratis dan serap jutaan tenaga kerja. Uang negara harus kembali ke rakyat.

#EfisiensiCegahKorupsi
Penghematan Rp308 Triliun https://t.co/s9Ynz4YFyV",Negatif
"Mari dukung Program MBG. 
#MBG https://t.co/wJfFctU9RK",Netral
Program Makan Bergizi Gratis di Jakarta makin cepat. Kini 475 Satuan Pelayanan Pemenuhan Gizi sudah beroperasi. Target 804 unit tuntas Mei 2026 demi pastikan anak sekolah dapat asupan nutrisi terbaik https://t.co/DuNqTzsoCk,Netral
"Lewat Penghematan Rp308 Triliun, dana kini fokus ke program Makan Bergizi Gratis dan pembangunan desa. #EfisiensiCegahKorupsi https://t.co/Jrw2erTJdU",Netral
"Efisiensi Rp308 triliun jadi bukti nyata komitmen bersih-bersih anggaran. Dana dialihkan untuk Makan Bergizi Gratis dan serap jutaan tenaga kerja.
#EfisiensiCegahKorupsi
Penghematan Rp308 Triliun https://t.co/llrFPTrZUR",Netral
"Penghematan Rp308 Triliun menunjukkan bahwa reformasi anggaran bisa berjalan konkret. Dana yang dulu terserap belanja non-produktif kini mendukung jutaan penerima manfaat program Makan Bergizi Gratis serta menggerakkan roda ekonomi lokal.
#EfisiensiCegahKorupsi https://t.co/JRVVNN9U95",Positif
"dengan fokus utama pada program Makan Bergizi Gratis (MBG). Presiden Prabowo menjelaskan bahwa pengalihan anggaran ini #EfisiensiCegahKorupsi
Penghematan Rp308 Triliun https://t.co/s4ZRssIIJ4",Netral
"Penghematan Rp308 Triliun melalui #EfisiensiCegahKorupsi jadi langkah konkret menutup celah korupsi. Anggaran kini dialihkan untuk Makan Bergizi Gratis, menyerap jutaan tenaga kerja, sekaligus menggerakkan ekonomi rakyat dari desa sampai kota. https://t.co/QHAG24bHtU",Netral
"Skala nasional program makan bergizi gratis butuh manajemen rantai pasok yang profesional untuk penuhi kebutuhan jutaan porsi makanan sehat bagi seluruh anak sekolah di indonesia #LanjutkanMBG 

#RISERCONCERTD3 #MyRomanceScammerEP3 https://t.co/ikILUZS97g",Positif
Program Makan Bergizi Gratis lahir dari Penghematan Rp308 Triliun hasil efisiensi belanja non-produktif pemerintah. #EfisiensiCegahKorupsi https://t.co/Py3hV4j2yj,Netral
"@pernahgadis_mas @menuembegejelek Hahahahaha kan dibilangnya makan bergizi gratis. Ada ahli gizi, ya ditakar sampai ke jumlah gizinya juga lah. Kalo tiba2 risol mayo, donat, bukan MBG tapi snack itu wkwkwkwkw uda 2026 masih aje",Negatif
"Program makan bergizi gratis butuh pengawasan bersama agar kualitas menu selalu terjaga demi kesehatan anak bangsa mari lapor langsung jika ada kendala teknis saat distribusi #LanjutkanMBG 

 #RISERCONCERTD3 #eversenseparfumfuji https://t.co/hukwmo2pQH",Netral
Menteri Keuangan Purbaya Yudhi Sadewa mengimbau masyarakat agar tidak berlebihan dalam mengkritik Program Makan Bergizi Gratis (MBG). https://t.co/cJpanpQhm7,Netral
"Investasi SDM dan lapanvan kerja. Dana dialihkan sepenuhnya ke program makan bergizi gratis yang diproyeksikan menyerap 1,5 juta lapanvan kerja melalui 30.000 satuan pelayanan di seluruh desa.
#EfisiensiCegahKorupsi
Penghematan Rp308 Triliun https://t.co/Obx7fdGWb6",Netral
"Dampak nyata efisiensi anggaran Rp 300T dialihkan untuk makan bergizi gratis https://t.co/WWWDeOilTo #EfisiensiCegahKorupsi
Penghematan Rp308 Triliun https://t.co/N06MILUKhQ",Netral
"Anggaran Rp 300 T dialiahkan untuk makan bergizi gratis #EfisiensiCegahKorupsi
Penghematan Rp308 Triliun https://t.co/3dfiyb1kBn",Netral
"Anak sehat, Indonesia kuat! 💪 Dukung penuh program Makan Bergizi Gratis demi mewujudkan Generasi Emas 2045 yang cerdas dan berprestasi. 
#MakanBergiziGratis #GenerasiEmas #IndonesiaSehat #AksiNyata https://t.co/b5ryV10akt",Positif
"Yang menarik dari MBG sekarang adalah konsepnya. 
Bukan berdiri sendiri, tapi disinkronkan dengan Kampung Nelayan. Dari makan bergizi gratis sampai program lain, semua dirangkai biar dampaknya kerasa nyata di bawah. https://t.co/BWTfho8bzj",Positif
"Presiden Prabowo alihkan hasil efisiensi Rp308 triliun buat program Makan Bergizi Gratis, serap jutaan tenaga kerja, sekaligus cegah kebocoran anggaran. Efisiensi nyata untuk rakyat! #EfisiensiCegahKorupsi",Netral
@Eng_china5 Fvck MBG (Makan Bergizi Gratis),Netral
"Setiap hari jam 17 wib (Umum)
Santunan Anak Yatim tiap hari
Gratis Makan Bergizi 
Rumah Yatim Hafiz 

Open Donatur
BCA KCU Kalimalang
Norek: 230 317 1746
A/N: Trisno/Sri Utami

Instagram:
https://t.co/u12kogD014…

Tiktok:
https://t.co/O5KDN9mnjw… https://t.co/8IILOyE1sM",Netral
Kawal dan Dukung terus program MBG https://t.co/U1XxvdSNmI,Positif
"Dampak nyata efisiebsi anggaran 300 T dialihkan untuk makan bergizi gratis.
#EfisiensiCegahKorupsi
Penghematan Rp308 Triliun https://t.co/SeKjm67WEm",Netral
"@IrwanIs36647816 @Saha_namina_ @Mdy_Asmara1701 Bung, coba anda check aja dulu dibeberapa sekolah swasta yg termasuk mahal, apakah dapet MBG, jadi jangan komen sebelum ada data,",Netral
"@Juliakango @ZakkiAmali Ya, Program Makan Bergizi Gratis (MBG) bisa dijalankan dengan mitra non-yayasan, seperti UMKM, kelompok masyarakat, atau lembaga berbadan hukum lain, sesuai pedoman Badan Gizi Nasional. Kritik terhadap peran Polri mungkin muncul dari beragam pandangan politik soal pengelolaan",Netral
"Investasi SDM dan lapangan kerja : Dana dialihkan sepenuhnya ke Makan Bergizi Gratis yg diproyeksikan menyerap 1,5juta tenaga kerja
#EfisiensiCegahKorupsi
Penghematan Rp308 Triliun https://t.co/8YQHWXL6e4",Netral
Presiden Prabowo Subianto memerintahkan Kepala Staf Presiden Qodari mengumpulkan klip video yang menuding dirinya menghina bangsa Indonesia lewat program Makan Bergizi Gratis (MBG). https://t.co/SmSTTnRTKP,Netral
Menko Pangan Zulkifli Hasan memastikan program Makan Bergizi Gratis tetap berjalan selama Ramadan dengan penyesuaian menu bagi siswa. #MenkoPangan #PartaiAmanatNasional #ZulkifliHasan #Zulhas #GD_Zulhas https://t.co/ArE0VvkrQ8,Netral
"Efisiensi anggaran Rp 300T dialihkan untuk makan bergizi gratis
#EfisiensiCegahKorupsi
Penghematan Rp308 Triliun https://t.co/iC6fuKcS4j",Netral
"Korupsi Dicegah, Rakyat Kenyang! 🇮🇩
Transformasi anggaran melalui Penghematan Rp308 Triliun untuk Program Makan Bergizi Gratis (MBG). Transparansi adalah kunci.
#EfisiensiCegahKorupsi https://t.co/yKV06pczfC",Netral
"Efisiensi anggaran 308 triliun,
Presiden Prabowo telah mengalihkan dana untuk makan bergizi gratis dan bisa menyerap jutaan tenaga kerja.
#EfisiensiCegahKorupsi
Penghematan Rp308 Triliun https://t.co/SqOE2O9gVa",Netral
"#EfisiensiCegahKorupsi 
Penghematan Rp308 Triliun dengan cara mengalihkan anggaran untuk makan bergizi gratis https://t.co/L0U1wyYPv6",Netral
"Rp 300 triliun hasil efisiensi negara kini mengalir ke program Makan Bergizi Gratis. Presiden Prabowo Subianto dorong gizi anak terpenuhi sekaligus buka 1 juta lapangan kerja lewat pangan lokal. Langkah nyata masa depan bangsa
#EfisiensiCegahKorupsi
Penghematan Rp308 Triliun https://t.co/SDR1dzlbBX",Netral
"@ARSIPAJA Program Makan Bergizi Gratis serap 1 juta tenaga kerja! 🍱 Dari petani ke UMKM, ekonomi rakyat bawah langsung bergerak masif. 🇮🇩🚀 #EkonomiKuat https://t.co/Vz1AjMacIU",Netral
"Presiden prabowo alihkan dana untuk makan bergizi gratis dan serap jutaan tenaga kerja
#EfisiensiCegahKorupsi
Penghematan Rp308 Triliun https://t.co/fgI9xlRXwA",Netral
"Dengan Penghematan Rp308 Triliun, pemerintah menutup celah kebocoran anggaran dan mengalihkannya ke program strategis nasional. Makan Bergizi Gratis tidak hanya meningkatkan kualitas gizi, tetapi juga menciptakan jutaan peluang kerja baru.
#EfisiensiCegahKorupsi https://t.co/LXGeMVmGtY",Netral
"Lewat Penghematan Rp308 Triliun, pemerintah buka jutaan lapangan kerja di unit dapur umum seluruh Indonesia. Program Makan Bergizi Gratis perkuat ekonomi desa. Inilah aksi nyata #EfisiensiCegahKorupsi https://t.co/aFgfWS4PQq",Netral
"Dampak nyata: efisiensi anggaran Rp 300 T dialihkan untuk makan bergizi gratis. 
#EfisiensiCegahKorupsi
Penghematan Rp308 Triliun https://t.co/iSN0GgzgbS",Netral
"efisiensi anggaran Rp 308triliun, presiden prabowo alihkan dana untuk makan bergizi gratis dan serap jutaan tenaga kerja 
#EfisiensiCegahKorupsi
Penghematan Rp308 Triliun https://t.co/yh4irZpMks",Netral
"@abu_waras Susu UHT itu susu yang ada di mbg MBG makan bergizi gratis atau yang benar Makan Berkedok Gizi yaa, atau bisa si ganti sama susu kambing yaa",Positif
"Stop Kebocoran! 🛑
Presiden Prabowo alihkan anggaran rawan ke Program Makan Bergizi Gratis. Penghematan Rp308 Triliun pastikan uang rakyat tepat sasaran.
#EfisiensiCegahKorupsi https://t.co/yPREarVlWV",Netral
"#EfisiensiCegahKorupsi bukan slogan. Lewat Penghematan Rp308 Triliun, anggaran negara dialihkan ke Makan Bergizi Gratis dan penciptaan jutaan lapangan kerja nyata. https://t.co/Xke1aL1nNk",Netral
"Presiden Prabowo tegaskan pengalihan anggaran dari pos rawan bocor ke program Makan Bergizi Gratis. Dengan potensi Penghematan Rp308 Triliun, pemerintah pastikan dana negara dikelola secara transparan dan tepat sasaran.
​
​#EfisiensiCegahKorupsi https://t.co/YObAF6VRrc",Netral
"PROYEK HARAM DIBULAN PUASA
YG DILAKUKAN OLEH MAYORITAS
UMAT ISLAM DAN NON ISLAM ...

ATAS PROYEK BANCAKAN OLEH
SEBAGIAN PEJABAT2 NEGARA YG
MENGELOLA MBG ...

"" HARAM MENGKOMSUMSI BUKA
   PUASA MBG DENGAN BIAYA2 YG
   MEMBEGAL DAN DARI BERBAGAI
   MACAM HAK2 RAKYAT / GURU2
.",Negatif
@tanyakanrl Kayak adekku mode ovt bakal keracunan MBG😭 https://t.co/6GGyixj6kK,Negatif
"Keracunan  MBG di Indonesia 2026 :

08/01/26 di Semarang (75)
09/01/26 di Grobogan (803)
10/01/26 di Mojokerto (411)
12/01/26 di Majene (61)
12/01/26 di Wonogiri (206)
13/01/26 di Pekalongan (15)
13/01/26 di Siak, Riau (21)
17/01/26 di Lombok Tengah (38)
20/01/26 di Tulungagung",Netral
"Yuk.. dukung...

Sejumlah pihak yang terdiri dari guru dan mahasiswa menggugat UU APBN 2026 ke MK yang memasukkan anggaran MBG ke anggaran pendidikan. Pemohon mengajukan uji materiil Undang-Undang Nomor 17 Tahun 2025 tentang APBN Tahun Anggaran 2026 ke MK, Senin (26/1/2026). https://t.co/VdxBlJMphE",Netral
"🚨 PROGRAM MAKAN BERGIZI GRATIS (MBG) YANG SEHARUSNYA MENYEHATKAN, MALAH BERUBAH MENJADI ANCAMAN KERACUNAN💔😭 https://t.co/B8ZzqxK8ID",Negatif
"MBG makan bergizi gratis ✖️
MBG mumpung barkuasa gasspoll ✔️ https://t.co/K4lP6pgXxq",Netral
belum dapet pap mbg dari diwang diwang itu,Netral
"MBG 
Roti yg sdh exp tgl 1 januari 2026 disajikan sebagai menu MBG tgl 30 januari 2026.

Keterangan Exp nya ditutup. https://t.co/HO1RQBbBIZ",Netral
"Anggaran kesehatan yang diambil untuk membiayai program Makan Bergizi Gratis (MBG) tahun 2026 adalah sebesar Rp24,7 triliun. https://t.co/TR4OaF1NWO",Netral
"::
MAKAN BER⁴CÙN GRATIS
SMA 2 KUDUS, JAWA TENGAH
KAMIS, 29 JANUARI 2026

#HentikanMBG
#MBGSaranaMoneyLaundry
•• https://t.co/jBz8GCgsuQ",Netral
"Tidak habis pikir. Petunjuk teknis terbaru menunjukkan YAYASAN pengelola MBG dapat insentif 6 JUTA PER HARI selama 313 hari, libur pun masih dapat. Insentif itu tanpa kena pajak. 

6 juta x 313 hari=1,87 miliar per SPPG

Bayangin POLRI kelola 1.179 SPPG PER HARI DAPAT INSENTIF Rp https://t.co/QKbSzGwQR2",Netral
"Buat temen-temen yang nanya, ""cowok kalo ga ngeroko ngapain si""

- bikin program MBG
- donasi 17t ke Israel
- nonaktifin peserta BPJS PBI
- mecat dokter jantung
- membereskan bencana Aceh dengan cepat (tapi bohong)",Negatif
"Dana yang dihabiskan untuk MBG sebenarnya cukup untuk pendidikan dasar gratis bagi seluruh anak Indonesia, beasiswa bagi hampir 3 juta mahasiswa miskin, &amp; menaikkan gaji 2,1 juta guru honorer di semua tingkatan sekolah setara dengan upah minimum provinsi.
https://t.co/X8xTMHzaYm",Netral
"MBG [Makanan Beracun Gratis] tidak dihentikan, malah dibiakkan padahal korban sudah berjatuhan.

Padahal untuk Lansia lebih rumit: apa tahu alergi &amp; penyakitnya (diabetes, asam urat, ginjal, dll)? Tapi karena menguntungkan (pejabat tinggi), kalau rakyat bergelimpangan, ya biar! https://t.co/C630LCu6aD",Negatif
"Begini menu kering MBG, bulan Ramadhan nanti MBG tetap jalan dengan menu kering

Menu : Kering
Hari/tgl : Sabtu, 31 Januari 2026
Dapur : SPPG Ngawen 2 Blora

bagaimana menurut warga net yang biasanya kritik program MBG https://t.co/UTJ3zNAWmw",Netral
"Makanan Bergizi Gratis (MBG) untuk ibu hamil, ibu menyusui, dan balita (3B) disebut sejumlah pakar telah mengacaukan tata kelola gizi yang telah dibangun selama satu dekade terakhir.

Sebelumnya, orangtua balita di beberapa daerah mengeluhkan keberadaan makanan ultra-proses dan https://t.co/167gLWdVVf",Negatif
"@IrwanIs36647816 @Saha_namina_ @Mdy_Asmara1701 Bung, coba anda check aja dulu dibeberapa sekolah swasta yg termasuk mahal, apakah dapet MBG, jadi jangan komen sebelum ada data,",Netral
"Program Makan Bergizi Gratis Tetap Berjalan di Ramadan 
https://t.co/OXe8DgW95W",Netral
"@Ang_galagi @tanyarlfes MBG (Makan Bergizi Gratis) memang program pemerintah Indonesia di bawah Presiden Prabowo sejak 2025, untuk kurangi stunting lewat makan gratis. Tapi pelaksanaannya libatkan mitra swasta/UMKM buat dapur &amp; distribusi. Jadi, seseorang bisa jadi ""perintis"" dalam arti pionir bisnis",Netral
"Menteri Koordinator Pangan Zulkifli Hasan menyatakan program makan bergizi gratis (MBG) tetap berlangsung selama Ramadan dengan penyesuaian kudapan.

Ia mengatakan penyaluran MBG pada Ramadan akan disesuaikan berdasarkan jenis penerima manfaat. https://t.co/KRTJFhjniV",Netral
"@LambeSahamjja Masih lbh murah MBG drpd kokain
Tau kan kenapa yg dijalankan adalah MbG",Positif
bukan mbg https://t.co/BwB4d2aFfW,Negatif
"Program MBG (Makan Bergizi Gratis) di Bengkulu menargetkan puluhan ribu pelajar sebagai penerima manfaat. Melalui dapur penyedia makanan bergizi, siswa dari jenjang PAUD hingga SMA mendapatkan asupan yang lebih sehat dan terukur. Inisiatif ini bukan sekadar soal makan siang https://t.co/FK5wlYYUZI",Positif
Makan siang bergizi gratis… https://t.co/ORs73kycyD,Positif
"Program MBG (Makanan Bergizi Gratis) bukan cuma soal makan siang — tapi soal napas lega untuk orang tua. Dengan dua anak sekolah yang tercover, pengeluaran harian bisa ditekan, bahkan setara hemat hingga ratusan ribu rupiah per bulan. Bantuan tidak selalu harus berbentuk uang https://t.co/IOHXOlyzvR",Positif
"alhamdulillah makan gue hari ini full mbg (makan bergizi gratis)
makan siang malak azuan
buah malak ikram
sarsapilla dari kantor
mweheheheh https://t.co/h7nj5QnGa0",Positif
"makan siang gratis apalagi bergizi apalagi dari pemerintah yaa udah pasti gaada.... satu2nya yg bisa memberi ""gratis"" dan bergizi cuma dari warga utk warga... biasanya dilakukan tiap hari jumat, makanya sering disebut ""jumat berkah.""",Positif
Pak @prabowo ini CONTOH generasi Cerdas justru terlahir TANPA MBG.!!!.,Negatif
"Program Makan Bergizi Gratis (MBG) telah hadir dan aktif dilaksanakan di berbagai wilayah di Pulau Lombok, Nusa Tenggara Barat (NTB) pada awal tahun 2026 

Program ini ditujukan untuk peserta didik dari jenjang PAUD hingga SMA/SMK, anak balita, serta ibu hamil dan menyusui https://t.co/7Ut74OmK0c",Netral
"Program Makan Bergizi Gratis (MBG) mendapatkan legitimasi publik yang kuat di awal tahun 2026.

Program MBG tampaknya berhasil melewati fase implementasi awal dengan persepsi positif dari mayoritas masyarakat yang melihat manfaat program MBG sudah dirasakan secara nyata, meskipun https://t.co/Qdy4kYySKq",Positif
"Kebahagiaan masyarakat bukan hanya soal angka dan laporan, tetapi tentang kesempatan nyata untuk bekerja, berdaya, dan ikut berkontribusi. Program MBG membuka ruang partisipasi bagi banyak orang—dari dapur, distribusi, hingga pengelolaan—sehingga menghadirkan lapangan pekerjaan https://t.co/dh1TKbEyUI",Positif
"@Safrudin_09 @Bintu__Baba @MariaAlkaff_ Program MBG (Makan Bergizi Gratis) adalah inisiatif pemerintah Indonesia untuk memberikan makanan bergizi gratis bagi anak sekolah dan balita. Manfaatnya meliputi:

1. Mengurangi stunting dan gizi buruk, mendukung pertumbuhan fisik anak.
2. Meningkatkan kesehatan secara",Netral
"Selain itu, pemerintah juga terus memperluas program perlindungan sosial dan peningkatan kesejahteraan rakyat, salah satunya melalui program makan bergizi gratis (MBG).",Netral
BGN Kendal Dorong Optimalisasi Menu Lokal dalam Program Makan Bergizi Gratis https://t.co/mmgXe2TGXp,Netral
"@nino_baba11 @didiek_murdock Berdasarkan data pemerintah terbaru per Februari 2026, program Makan Bergizi Gratis (MBG) telah menjangkau sekitar 60 juta penerima di seluruh Indonesia. Target akhir tahun mencapai 82 juta orang. Sumber: Pernyataan Presiden Prabowo.",Netral
"MBG Tidak Libur, Tetap Disalurkan Selama Imlek, Ramadhan dan Lebaran 2026
https://t.co/hPIh6FUoGG",Netral
"Makan Bergizi Gratis (MBG) tetap dibagikan saat bulan Ramadhan nanti. Menu yang diberikan kepada pelajar memiliki protein, karbohidrat, dan serat tentunya https://t.co/uy4UT7RwQH",Positif
"@idextratime @marca MBG (makanan bergizi gratis)❌
MBG (makanan berkelas gratis)✅ https://t.co/fJWFm15vD2",Positif
"#SobatBelajar, Presiden Prabowo Subianto pada 6 Januari 2025 meluncurkan program Makan Bergizi Gratis (MBG) yang bertujuan untuk meningkatkan kualitas gizi masyarakat Indonesia, khususnya anak-anak, balita, ibu hamil, dan ibu menyusui, sebagai upaya mewujudkan SDM yang unggul. https://t.co/gh7SPC1J5f",Netral
"@Daira_Won @KangManto123 Ya, informasi itu benar. Badan Gizi Nasional (BGN) membuka opsi penyaluran program Makan Bergizi Gratis (MBG) saat sahur selama Ramadan, terutama untuk pesantren, dengan penyesuaian menu agar tetap bergizi. Sumber: CNN Indonesia, CNBC, dan situs resmi BGN.",Netral
BGN Buka Opsi MBG Disalurkan saat Sahur di Pesantren selama Ramadan https://t.co/eheXPNA9BG lewat @nawacit4,Netral
"Ketika kasus keracunan MBG di Cina, maka negara akan sgt tegas
Tp klo di Konoha? Aaahh cuma 0 koma doank kaann
Bukan tegas tapi TEGA‼️
Ssttt...kok MBG itu jadi singkatan Makan Bergizi Gratis? Lah kan yg bayar itu duit pajak kita? Gak gratis donk
Mestinya Makan Bergizi ajaaa https://t.co/vsyndnPBrP",Negatif
Sinergi Pemprov DKI dan BGN Perkuat Program Makan Bergizi Gratis https://t.co/gp3jJlow0m,Netral
"Sebuah momen dari petugas dapur Program MBG menjadi perhatian. Dalam unggahannya, terlihat makanan yang telah disiapkan dengan penuh usaha ternyata tidak seluruhnya dimakan oleh siswa.

Program Makan Bergizi Gratis (MBG) sendiri merupakan bagian dari upaya mendukung generasi https://t.co/9SmIA6mbBu",Positif
"MBG = Makan Bergizi Gratis 
BEM UGM = Maling Berkedok Gizi

Berani banget ketua BEM @UGMYogyakarta",Negatif
"@luivienne Program Makan Bergizi Gratis (MBG) adalah program pemerintah untuk siswa PAUD-SMA dan ibu hamil/menyusui.

Syarat menjadi mitra (penyedia):
1. Punya badan usaha legal (UMKM, koperasi, PT, CV) atau rekomendasi resmi.
2. Gunakan bahan makanan lokal.
3. Miliki dokumen: KTP, NPWP,",Netral
"Program Makan Bergizi Gratis (MBG) terus turun ke lapangan, memastikan gizi tetap sampai ke tangan yang membutuhkan karena makan bergizi hak anak Indonesia sejak dalam kandungan, dan upaya cegah stunting sejak dari kandungan ibu nggak boleh berhenti walau keadaan sulit https://t.co/bdWR5U69M5",Positif
"Program MBG (Makan Bergizi Gratis) digambarkan sebagai langkah terobosan untuk mencegah stunting dan malnutrisi, khususnya di daerah. Inisiatif ini menekankan pentingnya gizi seimbang sejak dini agar anak tumbuh sehat, kuat, dan siap bersaing di masa depan. Program ini juga https://t.co/uduFt7NCZZ",Positif
Program Makan Bergizi Gratis untuk pemerataan gizi https://t.co/wMm9I3Lk52,Netral
"Badan Gizi Nasional (BGN) meminta para pengawas gizi, pengawas keuangan, asisten lapangan, serta seluruh tim Satuan Pelayanan Pemenuhan Gizi (SPPG) untuk memeriksa bahan baku sebelum dimasak di dapur Makan Bergizi Gratis (MBG).https://t.co/0dzW4dOAsy",Netral
"Selama bulan Ramadan, Program Makan Bergizi Gratis (MBG) tetap jalan, tapi menunya disesuaikan. Buat siswa yang puasa, makanannya dikasih dalam bentuk kering dan bisa dibawa pulang buat buka. https://t.co/vj7MhinWA0",Positif
"MBG 
Makan Bergizi Gratis ❌
Makanan Burung Gratis ✔️",Netral
"Kalau urusan menjatuhkan Pak Jokowi Sengkuni ahlinya. Dan Ternyata Sengkuni bukan hanya satu, tapi ada dua. Sengkuni satu jarang muncul, mungkin sudah gak ada energi.

#SEAblings #nona Pagii Makan Bergizi Gratis Senin https://t.co/Mcf44UOeqn",Negatif
"Intensi Jahat Proyek Makan Bergizi Gratis

#Kolom #TempoPlus 
https://t.co/f3gu4bJdaX",Negatif
"@FulanMcBastard Ya, program Makan Bergizi Gratis (MBG) oleh Badan Gizi Nasional (BGN) akan tetap berjalan selama Ramadhan 2026, termasuk opsi distribusi saat sahur. Ini dikonfirmasi oleh pengumuman resmi BGN. Namun, gambar tampaknya diedit, karena kepala BGN sebenarnya adalah Dadan Hindayana,",Netral
"beneran kesinggung liat di postingan sebelah banyak yg komen gaji staff mbg haram. kek bodoamat dah soal hal lain soalnya gue juga sering kontra sama ni program. tapi kalo kalian nyebut gaji pekerja di mbg tuh haram, lu semua udah keterlaluan sih,",Negatif
"Di tengah kondisi ekonomi global yang lagi nggak pasti, program Makan Bergizi Gratis (MBG) dinilai tetap penting untuk dijalankan.
https://t.co/EtR3Fa5kkt",Positif
Program Makan Bergizi Gratis sangat bermanfaat gaesss https://t.co/zrS9D6NUbI,Positif
Makan Bergizi Gratis 2026: Skema Khusus Bagi Pesantren dan Siswa Muslim Selama Puasa https://t.co/YjDxWM1C71,Netral
"Mendikdasmen meninjau pelaksanaan Program MBG (Makan Bergizi Gratis) di sekolah sebagai bagian dari upaya membentuk generasi yang sehat dan siap belajar. Program ini tidak hanya menekankan pemenuhan gizi anak, tetapi juga membangun kebiasaan baik seperti berdoa sebelum dan https://t.co/nNjXLkxoY1",Netral
"POV: Program Makan Bergizi Gratis (MBG) makin inklusif! Gak cuma anak sekolah, 300-400 ribu lansia &amp; 36 ribu penyandang disabilitas juga disasar tahun ini. Goks banget, kolaborasi Kemensos &amp; BKKBN biar makin terintegrasi. No one left behind pokoknya! 🍱👵👴✨ https://t.co/HkEYxfc425",Netral
"- dikasih matcha gratis 🥺🥺🥺
- makan mie rebus gratis 🥺🥺🥺
- pulang dgn selamat",Netral
"@FuzaFirdaus Loh dapet MBG kan, ya enjoy aja pilihan kalian, kalo ngak suka kebijakannya ya tunggu sampe 2029 aja",Negatif
"Pemprov Jakarta-BGN Sepakati Rantai Pasok Makan Bergizi Gratis
https://t.co/1e56WP66iX",Netral
"@ZakkiAmali PROGRAM MBG ❎
PROYEK MBG ✅",Netral
"BADAN Pengawas Obat dan Makanan memperketat pengawasan program Makan Bergizi Gratis (MBG).
https://t.co/Vmf3tZMIM3",Netral
"Raikan Ramadan dengan sajian istimewa penuh cita rasa, sesuai dinikmati bersama keluarga dan rakan-rakan.

📅 23 Februari – 15 Mac 2026
🕡 6.30 ptg. – 10.00 mlm.

🎉 Harga Promosi:
• RM78 nett (masa terhad)

📞 Tempahan &amp; pertanyaan:
Call: +603-6287 0700 https://t.co/wCOuvb7p1M",Netral
"Mendikdasmen meninjau langsung Program Makan Bergizi Gratis (MBG) sebagai wujud komitmen membangun generasi sehat dan disiplin. MBG tak hanya soal makanan, tapi juga membentuk kebiasaan hidup sehat sejak dini. https://t.co/gszjq2m62Q",Netral
Menu MBG Disesuaikan Selama Bulan Ramadan https://t.co/jeu3gZzwvh,Netral
"Emang sip ya dampak nyata efisiensi #EfisiensiCegahKorupsi anggarna akan dialihkan ke makan bergizi gratis 
Penghematan Rp308 Triliun https://t.co/SDyXHWU6GX",Netral
Makan Bergizi Gratis  ̶b̶u̶a̶t̶ ̶a̶n̶a̶k̶ ̶a̶y̶a̶m̶ 😭😭,Positif
"Program makan bergizi gratis (MBG) di Kota Denpasar dipastikan tetap berjalan selama bulan puasa 2026. Namun, mekanisme penyaluran disesuaikan dengan memberikan makanan kering kepada para siswa penerima manfaat.
https://t.co/oZJdy9DQMc",Netral
MBG 😭😭Takut Keracunan,Negatif
"Pagi-pagi ada kabar baik dari Lombok! Program Makan Bergizi Gratis (#ProgramMBG) dari Badan Gizi Nasional kembali hadir buat memperluas penerima manfaat, khususnya anak sekolah, balita, ibu hamil dan menyusui lho. Semangat Indonesia Emas 2045! 💪✨ https://t.co/dpxdFDh2kr",Positif
"Program Makan Bergizi Gratis (MBG) bagi siswa muslim yang berpuasa, menu disesuaikan menjadi makanan kering seperti telur rebus, susu, roti, kurma, atau abon. Dibagikan saat pulang sekolah agar bisa dikonsumsi saat berbuka puasa https://t.co/LBGyK4NJvM",Netral
"Program Makan Bergizi Gratis hadir untuk penuhi kebutuhan gizi anak sejak dini, meningkatkan kesehatan dan daya saing generasi muda. Langkah nyata menuju Indonesia Emas 2045!
#MakanBergiziGratis #GenerasiSehat #Indonesia https://t.co/cGqsbhJOCg",Positif
"Dukung Program Makan Bergizi Gratis, segar Bergizi &amp; Gratis Setiap Hari! https://t.co/TbiwgEkYnQ",Netral
"ya kan, 

MBG, Makan Bergizi Gratis ❌
MBG, Makan Biar Gendut ✅",Positif
"Melihat senyum mereka adalah energi kami. Makan bergizi gratis bukan sekadar program, tapi bukti nyata kepedulian untuk masa depan anak bangsa yang lebih cerah dan sehat. Mari jaga mimpi mereka! #LanjutkanMBG

#RISERCONCERTD3 stop ganggu papua #TumpasTerorKKB https://t.co/kwTdxh7bJw",Positif
"Menteri Koordinator Bidang Pangan, Zulkifli Hasan mengatakan bahwa; Program Makan Bergizi Gratis tetap berjalan di bulan Ramadhan.
Untuk menyesuaikan bagi penerima manfaat yang menjalankan ibadah puasa, menu MBG dirubah dengan makanan kering yg bisa dikonsumsi saat berbuka puasa. https://t.co/LVK8Vdjn5y",Netral
mbg https://t.co/IIKZ5vK2Ig,Netral
"Program Mudik Gratis bersama Badan Usaha Milik Negara (BUMN) 2026 dibuka mulai hari ini, Kamis (12/2/2026) sampai Sabtu (28/2/2026). https://t.co/8WlHodCSTd",Netral
"@Kopipait__78 MBG = Racun ?😕😕😕
Masa sih,mbg itu program yg menghasilkan uang😂",Negatif
"Selama Ramadan, Program Makan Bergizi Gratis tetap berjalan dengan penyesuaian. Menu MBG untuk siswa muslim diganti menjadi makanan kering yang bisa dibawa pulang dan dikonsumsi saat berbuka. Langkah ini memastikan kebutuhan gizi anak tetap terpenuhi tanpa mengganggu ibadah puasa https://t.co/n1o8zVxVmS",Positif
"Wakil Menteri Dalam Negeri Akhmad Wiyagus menegaskan betapa krusialnya kolaborasi pusat dan daerah dalam menjalankan dua program prioritas nasional:

•Makan Bergizi Gratis (MBG) - sebagai investasi gizi dan sumber daya manusia untuk anak sekolah, ibu hamil, ibu menyusui, https://t.co/uPcphbSkTh",Netral
"Menyambut Lebaran 2026, Mudik Gratis Kembali di Gelar, Ayo Mudik! https://t.co/nobQJ5iFN3",Netral
"Program Makan Bergizi Gratis (MBG) dari Badan Gizi Nasional kembali digencarkan di Lombok melalui sosialisasi intensif. Hadirnya program ini memperluas penerima manfaat, khususnya anak sekolah, balita, ibu hamil, dan menyusui. Negara hadir sejak kandungan hingga lulus sekolah, https://t.co/Tl3E5XlyVo",Netral
"Dari awal agak kurang setuju dengan istilah MBG 'Makan Berguzi Gratis'.

Gratis hanya akal2an biar kalo ada kasus2 gini, bisa mengelak dengan kalimat 'Namanya juga Gratis' https://t.co/cg6qfzGt20",Negatif
"Selasa, 10 Februari 2026
Menu Makan Bergizi Gratis (MBG) 

Kota Bogor https://t.co/nijgmvgwiZ",Netral
"Selain diberikan untuk anak sekolah, Makan Bergizi Gratis juga diberikan untuk balita serta ibu hamil dan menyusui.
Program MBG adalah investasi untuk menciptakan generasi penerus bangsa yang sehat, kuat dan cerdas demi masa depan mereka menuju Indonesia Emas 2045. https://t.co/CUEgDHsydj",Positif
"@HumorJonTampan MBG = MAKAN BERGIZI GRATIS ❎
MBG = MONYET BERAK GRATIS ✅",Netral
"@MichelAdam1515 Makan bergizi gratis merupakan program yang bagus karena bisa menjadi solusi buat banyak anak-anak Indonesia yang kurang akses ke makanan sehat, sehingga mereka bisa fokus belajar dan tumbuh sehat tanpa khawatir perut kosong. Ini investasi buat masa depan bangsa",Positif
"MBG Selama Puasa - Bisakah Diuangkan?

Program Makan Bergizi Gratis (MBG) yang dijalankan oleh Badan Gizi Nasional (BGN) merupakan kebijakan bantuan pemerintah yang bertujuan memenuhi kebutuhan gizi anak sekolah, ibu hamil, ibu menyusui, dan balita di seluruh Indonesia. #MBG https://t.co/hwZsmpLxw5",Netral
@variegataaa @AndCav4 @wi_wijayyart Mbg = musnahkan boti dan gay,Negatif
"Program Makan Bergizi Gratis (MBG) merupakan terobosan pemerintah untuk **cegah stunting** dan malnutrisi di Bogor. Dengan menyediakan **makanan bergizi gratis** bagi anak-anak, program ini mendukung pertumbuhan optimal, kecerdasan, dan daya saing generasi mendatang. Kolaborasi https://t.co/akiOWwSn3H",Positif
"Program Makan Bergizi Gratis (MBG) tetap berjalan selama Ramadan. Menteri Koordinator Pangan Zulkifli Hasan menyatakan, bagi siswa muslim yang berpuasa, menu disesuaikan menjadi makanan kering seperti telur rebus, susu, roti, kurma, atau abon. Dibagikan saat pulang sekolah agar https://t.co/9z28Gh9S20",Netral
"@tnmuda Ya jelas senang banget 👌 🥰 😍 🥰 ❤️ Happy buat anak sekolah balita ibu hamil dan menyusui diseluruh indonesia 🇮🇩 dapat Makan Bergizi Gratis

Yg ribut buzzer..
gadapet makan bergizi gratis

#LanjutkanMBG",Positif
@SatriaKalteng program mbg tingkatkan semangat dan fokus belajar anak,Netral
"Dukung program Makan Bergizi Gratis untuk Generasi Emas 2045 yang cerdas dan berprestasi.
 #MakanBergiziGratis #GenerasiEmas #IndonesiaSehat #AksiNyata https://t.co/7P08CBMMDL",Netral
"MBG juga jadi berkah buat petani UMKM, hasil panen jadi laku dan usaha makin maju #MBGMajukanEkonomi https://t.co/CZs7tssCXQ",Positif
"@BANGSAygSUJUD @99propaganda @are_inismyname @AswinbaharD @darbento88 @FDonghun @florieliciouss @kiwalipitu @Kimberley_PS08 @Ndons_Back @IrawanRommi ""dengan tujuan tidak memperkaya diri....""

MBG tetep jalan meski libur
MBG tetep jalan meski bulan Ramadhan

Dana MBG mengalir deras ke SPPG tanpa diukur SPPG bisa menghasilkan berapa

MBG menu benernya cuman di sekitar pusat, selain itu..... Kelapa mentah masih ada kulitnya....",Positif
"Gegara BGN dg program MBG bentukan pak @jokowi , banyak pejabat yg omongnnya jadi ngelantur demi pentingnya MBG",Negatif
"@kompascom Tiap hari beritanya MBG , Prabowo, Jokowi....
Membosankan.

Gunane opo wes lengsenr dekspos terus?

Bosen",Negatif
@AsahPolaPikir Bukannya sdh ya? Sektor MBG,Netral
@liaasister Innalilahi 🥹 padahal kalo dipikir uang MBG Yg bombastis itu bisa digunakan,Negatif
"dari rakyat untuk rakyat, itulah tujuan utama pak Prabowo karena itu Penghematan Rp308 Triliun ini di alirkan ke program makan bergizi gratis 👍#EfisiensiCegahKorupsi
https://t.co/ZRWG4ZXEZL https://t.co/5nvQZK3IOv",Positif
@Eng_china5 mbg,Netral
"Dukung program Makan Bergizi Gratis demi memastikan pemenuhan gizi anak bangsa agar tumbuh sehat, cerdas, dan berdaya saing. https://t.co/MqakIzVtzo",Netral
"Penghematan Rp308 Triliun melalui #EfisiensiCegahKorupsi jadi langkah konkret menutup celah korupsi. Anggaran kini dialihkan untuk Makan Bergizi Gratis, menyerap jutaan tenaga kerja, sekaligus menggerakkan ekonomi rakyat dari desa sampai kota. https://t.co/YFdQjCJkQU",Netral
"Tokoh Muslim Tionghoa Jusuf Hamka atau Baba Alun menepis anggapan bahwa program Makan Bergizi Gratis (MBG) mematikan usaha mikro, kecil, dan menengah (UMKM).https://t.co/XCwP3SVQ4Q",Netral
@JazYoung_ID Yongkrai min demi MBG acuuu All in😁😁🌹,Netral
"@_MikBrentOFC thankyouu MBO and MBG!

11LY ALWAYS MIKBRENT",Positif
@terlessu mbg paling enak🤤,Positif
@AR_AnindyaJKT48 UWOGHHHH MBG (MY BINI GUE),Negatif
MBG memperkuat komitmen bersama dalam menjaga kualitas generasi penerus bangsa. #PenuhiGiziIndonesia https://t.co/e0EtVolmfs,Netral
"Bersama MBG, kita dorong anak-anak Indonesia tumbuh sehat dan berdaya. #PenuhiGiziIndonesia https://t.co/GUMt2Vd4C9",Positif
"Ini 3.2 Pencegahan dan Penurunan Stunting. Yang sebelumnya 3. 1 Pemberian Makan Bergizi Gratis. 

Jadi MBG itu MEMANG TIDAK bertujuan menurunkan stunting. https://t.co/ut6uknoCII",Netral
"@xendless_s Besok buka dapur mbg ah, bisnis ini mah",Negatif
@AsahPolaPikir Perkenalkan MBG : Pilar ekonomi Indonesia https://t.co/bo8PT4fpXa,Netral
Menko Pangan Zulkifli Hasan memastikan program Makan Bergizi Gratis tetap berjalan selama Ramadan dengan penyesuaian menu bagi siswa. #MenkoPangan #PartaiAmanatNasional #ZulkifliHasan #Zulhas #GD_Zulhas https://t.co/Z8xes9QrP1,Netral
loh ini mbg yg dibutuhkan mahasiswa kuliah rata kiri gaming rata kanan,Negatif
"@triwul82 Bagi bagi proyek mungkin, mbg buat parcok kmp buat laler ijo",Netral
"Program Makan Bergizi Gratis selalu memberikan kekuatan baru bagi anak-anak dan masyarakat. Dukung terus Program MBG!
#PenuhiGiziIndonesia https://t.co/vFIymp8xsZ",Positif
"Program Makan Bergizi Gratis mendorong tumbuhnya usaha pangan lokal dan membuka lapangan kerja baru di berbagai daerah.
#PenuhiGiziIndonesia https://t.co/pDYq9pWDLS",Netral
Makan Bergizi Gratis adalah tanggung jawab kita bersama https://t.co/LB3wl3K0g8,Positif
"- MBG menyedot anggaran dr sektor vital lain
- Bergabung BoP brsma US &amp; Israel
- Ikut patungan 17T pdhl Aceh dsk blm pulih
- Memecat Dr. Piprim
- Kasus keracunan MBG dianggap sepele
- Abai thdp kritik atas kebijakan2nya

Apalagi ya? Tolong tambahin sbg pengingat",Negatif
"Program Makan Bergizi Gratis mendorong tumbuhnya usaha pangan lokal dan membuka lapangan kerja baru di berbagai daerah.
#PenuhiGiziIndonesia https://t.co/Ji8uYO4LWv",Netral
"@tamrintomagola Klu memang presiden berniat baik, yg jdi sasaran MBG itu harusnya rakyat yg menurut data BPS 9% miskin, gimna negara ini dak jln di tempat, anggaran MBG yg sebesar itu justru ksh makan anak* yg 91% anak org mampu...
Jdi presiden sengaja menghamburkan uang negara...payahhh...",Negatif
"Program Makan Bergizi Gratis mendorong tumbuhnya usaha pangan lokal dan membuka lapangan kerja baru di berbagai daerah.
#PenuhiGiziIndonesia https://t.co/qDbyuFUcDh",Netral
@abu_waras Kritik MBG dikira benci....😁,Negatif
STOP MBG ( MALING BERKEDOK GIZI) https://t.co/4HaorHSDAl,Negatif
"Program Makan Bergizi Gratis mendorong tumbuhnya usaha pangan lokal dan membuka lapangan kerja baru di berbagai daerah.
#PenuhiGiziIndonesia https://t.co/243AyROqG3",Netral
"Om2 MBG, om2 Polisi, bude2 gerindra gaakan suka",Negatif
Program Makan Bergizi Gratis membantu dalam Peningkatan kualitas gizi dan kesehatan. https://t.co/AR3Ke0ElhA,Positif
"Program MBG sebagai upaya pemenuhan gizi anak
#programMBG
#DukungProgramMBG
#UntukGenerasiEmasIndonesia
#DukingGenerasiMudaIndonesia https://t.co/LW5FveOyf1",Netral
Ternyata pilih ngurusi MBG dari pada Petani ya pak? https://t.co/HtUkDoL4GO,Negatif
"MELURUSKAN POLEMIK MBG

Makan Bergizi Gratis adalah investasi untuk masa depan, program ini hadir untuk memperkuat kualitas generasi penerus sekaligus memastikan kebijakan berjalan dengan prinsip tanggung jawab fiskal.

Jangan mudah percaya pada narasi yang belum tentu sesuai https://t.co/S5jBJW7GHv",Positif
Makan Bergizi Gratis Menyehatkan dan Mencerdaskan Generasi Papua. https://t.co/X5FumpPmyI,Positif
"@NenkMonica klaim BGN klaim, THR nanti bakal terjamin, jika MBG masih lanjut dan sukses

Hidup MBG !!!

solusi dari semua permasalahan di Indonesia",Positif
Makan bergizi gratis upaya pemenuhan gizi anak https://t.co/WAuBCwQsfO,Netral
"@wandiisyarif we kokro, tambah mirip ade armando sya liat sisa jilat mbg ini 😂",Netral
Program makan bergizi gratis langkah strategis untuk mengatasi kekurangan gizi https://t.co/osshxoYqTE,Netral
"Program Makan Bergizi Gratis merupakan wujud nyata kepedulian Pemerintah terhadap masa depan anak bangsa
 #DariMBGUntukIndonesiaHebat https://t.co/ZY0FgkaW3e",Positif
"@MichelAdam1515 Kritik adalah bagian dari demokrasi, namun membangun bangsa butuh kolaborasi, bukan sekadar caci maki. Program Makan Bergizi Gratis (MBG) adalah langkah nyata pemerintah untuk memutus rantai stunting dan kemiskinan sistemik di Indonesia! 🇮🇩🍱💪",Positif
Program Makan Bergizi Gratis (MBG) terbukti ubah pola konsumsi &amp; bantu turunkan kemiskinan di Kalbar sepanjang 2025. BPS mencatat dampak nyata bagi kesejahteraan keluarga! #KalbarDamai #AnakSehat #EkonomiTumbuh #IndonesiaEmas https://t.co/BKlbqxdZin,Positif
"Masa depan Indonesia ada di tangan anak-anak kita. Dengan program Makan Bergizi Gratis, kita pastikan mereka tumbuh cerdas, sehat, dan siap menyongsong Generasi Emas! Dukung penuh langkah nyata Presiden Prabowo. 🇮🇩💪
#MakanBergiziGratis #GenerasiEmas2045  #PrabowoSubianto https://t.co/H9jvaj7gFr",Positif
"MBG: Perubahan yang Terasa Langsung! 🇮🇩

Kini anak makan bergizi setiap hari,
beban orang tua berkurang, UMKM ikut bergerak.

Bukan sekadar gratis, ini investasi masa depan.

#MakanBergiziGratis
#MBG
#AnakSehat
#IndonesiaCerdas https://t.co/K4Ak9mMdA7",Positif
"Weh, si pakar elit global bicara MBG😅 https://t.co/fJki0JZLmL",Netral
"Program Makan Bergizi Gratis (MBG) memang sering menghadirkan suasana hangat dan penuh keceriaan, apalagi saat pembagian dilakukan secara prasmanan seperti acara kondangan. Konsep ini membuat anak-anak dan warga merasa lebih santai, akrab, dan menikmati momen kebersamaan. https://t.co/kZU2enqaUc",Positif
"Program Makan Bergizi Gratis menjadi langkah nyata pemerintah dalam menyiapkan generasi Indonesia yang sehat, cerdas, dan berdaya saing. Melalui program ini, anak-anak mendapatkan asupan gizi seimbang sejak dini.

#MakanBergiziGratis
#GenerasiSehat
#IndonesiaMaju https://t.co/nARzG4DwUw",Positif
"@gemsgood Halo! Program MBG (Makan Bergizi Gratis) dirancang untuk atasi stunting dan gizi buruk, dengan target 82 juta penerima akhir 2026. Berdasarkan evaluasi awal, program ini sedang diperkuat agar lebih tepat sasaran, meski ada kritik soal anggaran dan pelaksanaan.

Kepala Badan Gizi",Netral
Program Makan Bergizi Gratis (MBG) menjadi program unggulan pemerintah untuk memerangi stunting dan meningkatkan kualitas SDM anak bangsa. BP Taskin di bawah kepemimpinan Budiman Sudjatmiko berupaya menyinkronkan MBG dengan program lain seperti Kampung Nelayan Merah Putih (KMNP) https://t.co/fYVg4tTvjX,Netral
"@ZakkiAmali MBG cuman dijadiin ladang korupsi baru, when harga piring MBG yang konon katanya impor dari China 🫵 izin ya kak https://t.co/cc6DgWjTJb",Negatif
"Program Makan Bergizi Gratis (MBG) di SMK Kriya Sahid Sukoharjo turut mendukung kesiapan belajar siswa setiap hari. Menu bergizi yang diberikan membantu siswa tetap bertenaga dan lebih fokus mengikuti pelajaran.

#PresidenPrabowo #MBG https://t.co/IqtDDXJUGl",Positif
"Sebenarnya jika KPK independen, program MBG bisa dijadikan bahan penelusuran kasus korupsi.
Siapa pemodalnya dan dari mana uangnya?
Ada yg tau siapa pemodal MBG dan apa latar belakangnya?
1. Pejabat kah
2. Atau pengusaha kah
3. Politisi kah
Pastinya gak jauh dari 3 point' ini.",Negatif
"Efisiensi anggaran Rp308T
Presiden Prabowo alihkan dana utk makan bergizi gratis dan serap jutaan tenaga kerja
#EfisiensiCegahKorupsi
Penghematan Rp308 Triliun https://t.co/nTak453KgF",Netral
STOP MBG https://t.co/kfEqNv1Aum,Negatif
"Presiden RI Jenderal TNI (Purn.) H. Prabowo Subianto, menganugerahkan tanda kehormatan negara kepada para penggerak Program Makan Bergizi Gratis (MBG) dan penguat rantai pasok Satuan Pelayanan Pemenuhan Gizi (SPPG) Polri, Jumat (13/2).  #WujudkanProgramUnggulan Pemerintah https://t.co/1KBGYMwwPp",Netral
"Program Makan Bergizi Gratis menjadi pondasi penting dalam membangun generasi sehat dan berkualitas, sebagai kekuatan utama menuju Indonesia maju.
#ProgramMBG
#MakanBergiziGratis
#GenerasiUnggul
#SDMIndonesia https://t.co/7LXol13kzH",Positif
"Program Makan Bergizi Gratis hadir untuk penuhi kebutuhan gizi anak sejak dini, meningkatkan kesehatan dan daya saing generasi muda. Langkah nyata menuju Indonesia Emas 2045!
#MakanBergiziGratis #GenerasiSehat #Indonesia https://t.co/ZOmFIQDaFe",Positif
pecat semua koki mbg biarkan bilafik8 memasak,Negatif
"Program Makan Bergizi Gratis adalah investasi masa depan bangsa! Dengan tingkat kepuasan masyarakat mencapai 72,8%, mari kita dukung dan awasi agar gizi tepat sasaran. Nutrisi berkualitas untuk anak cucu kita!

#ProgramMBG #MakanBergiziGratis #MBG #IndonesiaSehat https://t.co/VHVzCfcobz",Positif
"Program Makan Bergizi Gratis (MBG) berasal dari efisiensi anggaran. Presiden Prabowo Subianto menyatakan anggarannya aman dan tidak dikorupsi. MBG hasil pembelajaran dari berbagai negara, menjadi program intervensi untuk anak-anak, ibu hamil, dan lansia.
_ https://t.co/LiE25IFK2t",Netral
Program Makan Bergizi Gratis (MBG) terbukti ubah pola konsumsi &amp; bantu turunkan kemiskinan di Kalbar sepanjang 2025. BPS mencatat dampak nyata bagi kesejahteraan keluarga! #KalbarDamai #AnakSehat #EkonomiTumbuh #IndonesiaEmas https://t.co/CZFroGx9dn,Positif
Program Makan Bergizi Gratis lahir dari efisiensi anggaran yang tepat Prabowo memastikan dana aman tanpa korupsi demi intervensi langsung kepada anak sekolah ibu hamil dan lansia di tanah air https://t.co/dUXFqpgXMR,Positif
"Program Makan Bergizi Gratis hadir untuk penuhi kebutuhan gizi anak sejak dini, meningkatkan kesehatan dan daya saing generasi muda. Langkah nyata menuju Indonesia Emas 2045!
#MakanBergiziGratis #GenerasiSehat #Indonesia https://t.co/du9hMgO6KN",Positif
"Dana hasil penghematan tersebut kini dialihkan sepenuhnya untuk mendanai program-program pro rakyat, dengan fokus utama pada program makan bergizi gratis (MBG). https://t.co/1Wp3T9ucIh",Netral
Makan Bergizi Gratis bantu tingkatkan konsentrasi belajar anak di sekolah #dukungMBG https://t.co/apfG9rYfd6,Netral
"60 Juta Penerima Manfaat 🇮🇩

Program Makan Bergizi Gratis hadirkan gizi seimbang, anak lebih sehat, dan masa depan makin kuat.

Fondasi nyata generasi Indonesia berdaya saing.

#MakanBergiziGratis
#ProgramGiziNasional
#AnakSehat
#IndonesiaCerdas https://t.co/Vf670ujtsD",Positif
Mari kawal bersama implementasi program Makan Bergizi Gratis agar manfaatnya dirasakan merata oleh seluruh anak sekolah dari Sabang sampai Merauke demi kejayaan bangsa di masa depan #MBG #IndonesiaEmas https://t.co/WcfoumZz5Q,Positif
"Melalui program Makan Bergizi Gratis, kita wujudkan anak bangsa yang sehat, aktif, dan siap meraih cita-cita. https://t.co/zx454kPr4b",Netral
"Melalui program Makan Bergizi Gratis, kita wujudkan anak bangsa yang sehat, aktif, dan siap meraih cita-cita. https://t.co/4nAUEM2DDp",Netral
"Mengapa BERITA seperti ini 👇 SEPI tanggapan? JANGAN gitu dong! BETUL program MBG masih banyak kekurangannya di sana-sini, TAPI yang baiknya juga kan  banyak?",Negatif
"@idextratime @marca MBG (makanan bergizi gratis)❌
MBG (makanan berkelas gratis)✅ https://t.co/fJWFm15vD2",Positif
BGN Buka Opsi MBG Disalurkan saat Sahur di Pesantren selama Ramadan https://t.co/eheXPNA9BG lewat @nawacit4,Netral
BGN Kendal Dorong Optimalisasi Menu Lokal dalam Program Makan Bergizi Gratis https://t.co/mmgXe2TGXp,Netral
Sinergi Pemprov DKI dan BGN Perkuat Program Makan Bergizi Gratis https://t.co/gp3jJlow0m,Netral
"Menteri Koordinator Bidang Pangan, Zulkifli Hasan mengatakan bahwa; Program Makan Bergizi Gratis tetap berjalan di bulan Ramadhan.
Untuk menyesuaikan bagi penerima manfaat yang menjalankan ibadah puasa, menu MBG dirubah dengan makanan kering yg bisa dikonsumsi saat berbuka puasa. https://t.co/LVK8Vdjn5y",Netral
"Program Makan Bergizi Gratis Tetap Berjalan di Ramadan 
https://t.co/OXe8DgW95W",Netral
Makan Bergizi Gratis 2026: Skema Khusus Bagi Pesantren dan Siswa Muslim Selama Puasa https://t.co/YjDxWM1C71,Netral
"Selain diberikan untuk anak sekolah, Makan Bergizi Gratis juga diberikan untuk balita serta ibu hamil dan menyusui.
Program MBG adalah investasi untuk menciptakan generasi penerus bangsa yang sehat, kuat dan cerdas demi masa depan mereka menuju Indonesia Emas 2045. https://t.co/CUEgDHsydj",Positif
"Selama bulan Ramadan, Program Makan Bergizi Gratis (MBG) tetap jalan, tapi menunya disesuaikan. Buat siswa yang puasa, makanannya dikasih dalam bentuk kering dan bisa dibawa pulang buat buka. https://t.co/vj7MhinWA0",Positif
"Mendikdasmen meninjau pelaksanaan Program MBG (Makan Bergizi Gratis) di sekolah sebagai bagian dari upaya membentuk generasi yang sehat dan siap belajar. Program ini tidak hanya menekankan pemenuhan gizi anak, tetapi juga membangun kebiasaan baik seperti berdoa sebelum dan https://t.co/nNjXLkxoY1",Netral
"BADAN Pengawas Obat dan Makanan memperketat pengawasan program Makan Bergizi Gratis (MBG).
https://t.co/Vmf3tZMIM3",Netral
"Program Makan Bergizi Gratis (MBG) bagi siswa muslim yang berpuasa, menu disesuaikan menjadi makanan kering seperti telur rebus, susu, roti, kurma, atau abon. Dibagikan saat pulang sekolah agar bisa dikonsumsi saat berbuka puasa https://t.co/LBGyK4NJvM",Netral
"@Daira_Won @KangManto123 Ya, informasi itu benar. Badan Gizi Nasional (BGN) membuka opsi penyaluran program Makan Bergizi Gratis (MBG) saat sahur selama Ramadan, terutama untuk pesantren, dengan penyesuaian menu agar tetap bergizi. Sumber: CNN Indonesia, CNBC, dan situs resmi BGN.",Netral
"@luivienne Program Makan Bergizi Gratis (MBG) adalah program pemerintah untuk siswa PAUD-SMA dan ibu hamil/menyusui.

Syarat menjadi mitra (penyedia):
1. Punya badan usaha legal (UMKM, koperasi, PT, CV) atau rekomendasi resmi.
2. Gunakan bahan makanan lokal.
3. Miliki dokumen: KTP, NPWP,",Netral
"Program Mudik Gratis bersama Badan Usaha Milik Negara (BUMN) 2026 dibuka mulai hari ini, Kamis (12/2/2026) sampai Sabtu (28/2/2026). https://t.co/8WlHodCSTd",Netral
Program Makan Bergizi Gratis untuk pemerataan gizi https://t.co/wMm9I3Lk52,Netral
"- dikasih matcha gratis 🥺🥺🥺
- makan mie rebus gratis 🥺🥺🥺
- pulang dgn selamat",Netral
"MBG Selama Puasa - Bisakah Diuangkan?

Program Makan Bergizi Gratis (MBG) yang dijalankan oleh Badan Gizi Nasional (BGN) merupakan kebijakan bantuan pemerintah yang bertujuan memenuhi kebutuhan gizi anak sekolah, ibu hamil, ibu menyusui, dan balita di seluruh Indonesia. #MBG https://t.co/hwZsmpLxw5",Netral
"Program Makan Bergizi Gratis (MBG) merupakan terobosan pemerintah untuk **cegah stunting** dan malnutrisi di Bogor. Dengan menyediakan **makanan bergizi gratis** bagi anak-anak, program ini mendukung pertumbuhan optimal, kecerdasan, dan daya saing generasi mendatang. Kolaborasi https://t.co/akiOWwSn3H",Positif
"Menyambut Lebaran 2026, Mudik Gratis Kembali di Gelar, Ayo Mudik! https://t.co/nobQJ5iFN3",Netral
"Mendikdasmen meninjau langsung Program Makan Bergizi Gratis (MBG) sebagai wujud komitmen membangun generasi sehat dan disiplin. MBG tak hanya soal makanan, tapi juga membentuk kebiasaan hidup sehat sejak dini. https://t.co/gszjq2m62Q",Netral
"Program Makan Bergizi Gratis (MBG) tetap berjalan selama Ramadan. Menteri Koordinator Pangan Zulkifli Hasan menyatakan, bagi siswa muslim yang berpuasa, menu disesuaikan menjadi makanan kering seperti telur rebus, susu, roti, kurma, atau abon. Dibagikan saat pulang sekolah agar https://t.co/9z28Gh9S20",Netral
"ya kan, 

MBG, Makan Bergizi Gratis ❌
MBG, Makan Biar Gendut ✅",Positif
"Raikan Ramadan dengan sajian istimewa penuh cita rasa, sesuai dinikmati bersama keluarga dan rakan-rakan.

📅 23 Februari – 15 Mac 2026
🕡 6.30 ptg. – 10.00 mlm.

🎉 Harga Promosi:
• RM78 nett (masa terhad)

📞 Tempahan &amp; pertanyaan:
Call: +603-6287 0700 https://t.co/wCOuvb7p1M",Netral
Program Makan Bergizi Gratis sangat bermanfaat gaesss https://t.co/zrS9D6NUbI,Positif
"Selama Ramadan, Program Makan Bergizi Gratis tetap berjalan dengan penyesuaian. Menu MBG untuk siswa muslim diganti menjadi makanan kering yang bisa dibawa pulang dan dikonsumsi saat berbuka. Langkah ini memastikan kebutuhan gizi anak tetap terpenuhi tanpa mengganggu ibadah puasa https://t.co/n1o8zVxVmS",Positif
Moratorium dan Perombakan Total Program Makan Bergizi Gratis (MBG) - Tandatangani Petisi! https://t.co/gYewAo5q6j via @ChangeOrg_ID,Netral
Menu MBG Disesuaikan Selama Bulan Ramadan https://t.co/jeu3gZzwvh,Netral
"Dukung Program Makan Bergizi Gratis, segar Bergizi &amp; Gratis Setiap Hari! https://t.co/TbiwgEkYnQ",Netral
"Selasa, 10 Februari 2026
Menu Makan Bergizi Gratis (MBG) 

Kota Bogor https://t.co/nijgmvgwiZ",Netral
"@tnmuda Ya jelas senang banget 👌 🥰 😍 🥰 ❤️ Happy buat anak sekolah balita ibu hamil dan menyusui diseluruh indonesia 🇮🇩 dapat Makan Bergizi Gratis

Yg ribut buzzer..
gadapet makan bergizi gratis

#LanjutkanMBG",Positif
"@HumorJonTampan MBG = MAKAN BERGIZI GRATIS ❎
MBG = MONYET BERAK GRATIS ✅",Netral
